entry_type,route_path,slug,title,meta_description,h1,intro,body,primary_cta_label,primary_cta_url,secondary_cta_label,secondary_cta_url,generation_seed_prompt,image_url,feature_bullets,faq_pairs,status,tags,updated_at,content_status,image_status,primary_keyword,secondary_keywords,content_brief,image_style,image_aspect_ratio,image_prompt_override,asset_local_path,asset_hash,generation_batch_id,last_generated_at,last_reviewed_at,qa_notes
page,/blog/how-to-turn-photos-into-coloring-pages,how-to-turn-photos-into-coloring-pages,How To Turn Photos Into Coloring Pages,"How To Turn Photos Into Coloring Pages on ColorfulMe. Create how to turn photos into coloring pages with family-safe prompts, clean printable outlines, and.",How To Turn Photos Into Coloring Pages,"How To Turn Photos Into Coloring Pages helps you create how to turn photos into coloring pages in seconds using a guided, family-safe workflow. Use this page to get clear printable line art, practical prompt ideas, and export-ready files for school activities, home crafts, and quick print projects. Provide helpful, family-safe information about How To Turn Photos Into Coloring Pages","How To Turn Photos Into Coloring Pages helps parents, teachers, and creators produce dependable how to turn photos into coloring pages pages with less editing. Use one clear subject, one scene, and a family-safe tone so the generated outline stays simple and printable. When prompts are focused, the result is cleaner line art with open spaces that are easier for kids to color.

This page covers popular searches such as how to printable, how to for kids, free coloring pages and gives you a repeatable flow for high-quality results. Start with a short style instruction like clean line art, then keep details age-appropriate and easy to print. If a preview looks too busy, remove extra objects and regenerate with fewer scene elements.

After generation, download PNG for digital coloring or PDF for print packs. For classroom use, test one page first, then keep the same prompt pattern for the rest of the set. For /blog/how-to-turn-photos-into-coloring-pages, this approach keeps quality consistent while reducing rewrite time each time you refresh content. You can also save successful prompt variations by age group so teams can launch new themed pages faster.

To improve outcomes over time, keep notes on which how to turn photos into coloring pages prompts produce the clearest outlines. Reuse those winning prompt styles for future pages, and adjust only subject details so each new sheet stays unique without losing readability, print quality, or family-safe tone.",Try Photo Mode,/create,See More Guides,/blog,"Create a family-safe printable coloring page for How To Turn Photos Into Coloring Pages. Theme focus: how to turn photos into coloring pages. Use bold black outlines, white background, and clear open areas for coloring.",/static/images/programmatic/how-to-turn-photos-into-coloring-pages-hero.png,Generate how to turn photos into coloring pages with family-safe prompt handling.|Produce clean outlines that print clearly on standard paper.|Download PNG and PDF files instantly for classroom or home use.,Can I use this for how to turn photos into coloring pages?::Yes. The workflow is optimized for printable line art and repeatable prompt quality.||How do I keep pages family-safe?::Use age-appropriate prompts and keep sensitive topics out of the request. Unsafe input is filtered.,published,"blog,guide,photo",2026-02-13T10:04:23.662003+00:00,generated,generated,how to turn photos into coloring pages,how to printable|how to for kids|free coloring pages|pdf coloring page download,"Provide helpful, family-safe information about How To Turn Photos Into Coloring Pages and direct users to create printable pages.",,4:5,,static/images/programmatic/how-to-turn-photos-into-coloring-pages-hero.png,6f100ff1f7fdeabe156c03c020ebc9ba90a55d19d4225610a041cd64e9976975,readability-20260213,2026-02-13T10:04:23.662003+00:00,,
page,/coloring-pages-for-kids,coloring-pages-for-kids,Free Kids Coloring Pages (Printable),"Free Kids Coloring Pages (Printable) on ColorfulMe. Create free kids coloring pages printable with family-safe prompts, clean printable outlines, and.",Free Kids Coloring Pages,"Free Kids Coloring Pages (Printable) helps you create free kids coloring pages printable in seconds using a guided, family-safe workflow. Use this page to get clear printable line art, practical prompt ideas, and export-ready files for school activities, home crafts, and quick print projects. Provide helpful, family-safe information about Free Kids Coloring Pages (Printable) and direct users to create printable","Free Kids Coloring Pages (Printable) helps parents, teachers, and creators produce dependable free kids coloring pages printable pages with less editing. Use one clear subject, one scene, and a family-safe tone so the generated outline stays simple and printable. When prompts are focused, the result is cleaner line art with open spaces that are easier for kids to color.

This page covers popular searches such as free kids printable, free kids for kids, free coloring pages and gives you a repeatable flow for high-quality results. Start with a short style instruction like clean line art, then keep details age-appropriate and easy to print. If a preview looks too busy, remove extra objects and regenerate with fewer scene elements.

After generation, download PNG for digital coloring or PDF for print packs. For classroom use, test one page first, then keep the same prompt pattern for the rest of the set. For /coloring-pages-for-kids, this approach keeps quality consistent while reducing rewrite time each time you refresh content. You can also save successful prompt variations by age group so teams can launch new themed pages faster.

To improve outcomes over time, keep notes on which free kids coloring pages printable prompts produce the clearest outlines. Reuse those winning prompt styles for future pages, and adjust only subject details so each new sheet stays unique without losing readability, print quality, or family-safe tone.",Start Creating,/create,Browse Library,/library,"Create a family-safe printable coloring page for Free Kids Coloring Pages (Printable). Theme focus: free kids coloring pages printable. Use bold black outlines, white background, and clear open areas for coloring.",/static/images/programmatic/coloring-pages-for-kids-hero.png,Generate free kids coloring pages printable with family-safe prompt handling.|Produce clean outlines that print clearly on standard paper.|Download PNG and PDF files instantly for classroom or home use.,Can I use this for free kids coloring pages printable?::Yes. The workflow is optimized for printable line art and repeatable prompt quality.||How do I keep pages family-safe?::Use age-appropriate prompts and keep sensitive topics out of the request. Unsafe input is filtered.,published,"kids,coloring pages,printable",2026-02-13T10:04:23.672688+00:00,generated,generated,free kids coloring pages printable,free kids printable|free kids for kids|free coloring pages|pdf coloring page download,"Provide helpful, family-safe information about Free Kids Coloring Pages (Printable) and direct users to create printable pages.",,4:5,,static/images/programmatic/coloring-pages-for-kids-hero.png,22dff2383f43a2f6132c2d4fbf9876caf80524c20cbc94926f315122ae65755b,readability-20260213,2026-02-13T10:04:23.672688+00:00,,
tool,/ai-coloring-page-generator,ai-coloring-page-generator,AI Coloring Page Generator,"AI Coloring Page Generator on ColorfulMe. Create ai coloring page generator with family-safe prompts, clean printable outlines, and one-click PNG or PDF.",AI Coloring Page Generator,"AI Coloring Page Generator helps you create ai coloring page generator in seconds using a guided, family-safe workflow. Use this page to get clear printable line art, practical prompt ideas, and export-ready files for school activities, home crafts, and quick print projects. Explain how to use AI Coloring Page Generator quickly and safely, with practical steps and printable outcomes.","AI Coloring Page Generator helps parents, teachers, and creators produce dependable ai coloring page generator pages with less editing. Use one clear subject, one scene, and a family-safe tone so the generated outline stays simple and printable. When prompts are focused, the result is cleaner line art with open spaces that are easier for kids to color.

This page covers popular searches such as ai coloring printable, ai coloring for kids, free coloring pages and gives you a repeatable flow for high-quality results. Start with a short style instruction like clean line art, then keep details age-appropriate and easy to print. If a preview looks too busy, remove extra objects and regenerate with fewer scene elements.

After generation, download PNG for digital coloring or PDF for print packs. For classroom use, test one page first, then keep the same prompt pattern for the rest of the set. For /ai-coloring-page-generator, this approach keeps quality consistent while reducing rewrite time each time you refresh content. You can also save successful prompt variations by age group so teams can launch new themed pages faster.

To improve outcomes over time, keep notes on which ai coloring page generator prompts produce the clearest outlines. Reuse those winning prompt styles for future pages, and adjust only subject details so each new sheet stays unique without losing readability, print quality, or family-safe tone.",Try This Generator,/create,Browse Library,/library,"Create a family-safe printable coloring page for AI Coloring Page Generator. Theme focus: ai coloring page generator. Use bold black outlines, white background, and clear open areas for coloring.",/static/images/programmatic/ai-coloring-page-generator-hero.png,Generate ai coloring page generator with family-safe prompt handling.|Produce clean outlines that print clearly on standard paper.|Download PNG and PDF files instantly for classroom or home use.,Can I use this for ai coloring page generator?::Yes. The workflow is optimized for printable line art and repeatable prompt quality.||How do I keep pages family-safe?::Use age-appropriate prompts and keep sensitive topics out of the request. Unsafe input is filtered.,published,"ai coloring page generator,printable coloring pages,ai coloring tool",2026-02-13T10:06:49.899610+00:00,generated,generated,ai coloring page generator,ai coloring printable|ai coloring for kids|free coloring pages|pdf coloring page download,"Explain how to use AI Coloring Page Generator quickly and safely, with practical steps and printable outcomes.",,4:5,,static/images/programmatic/ai-coloring-page-generator-hero.png,1fd05cd4348dee97206e41d07d095fee0e82873d9807bf141d7cec710f585776,readability-20260213-tools,2026-02-13T10:06:49.899610+00:00,,
tool,/bible-verse-coloring-page-generator,bible-verse-coloring-page-generator,Bible Verse Coloring Page Generator,"Bible Verse Coloring Page Generator on ColorfulMe. Create bible verse coloring page generator with family-safe prompts, clean printable outlines, and.",Bible Verse Coloring Page Generator,"Bible Verse Coloring Page Generator helps you create bible verse coloring page generator in seconds using a guided, family-safe workflow. Use this page to get clear printable line art, practical prompt ideas, and export-ready files for school activities, home crafts, and quick print projects. Explain how to use Bible Verse Coloring Page Generator quickly and safely, with practical steps and","Bible Verse Coloring Page Generator helps parents, teachers, and creators produce dependable bible verse coloring page generator pages with less editing. Use one clear subject, one scene, and a family-safe tone so the generated outline stays simple and printable. When prompts are focused, the result is cleaner line art with open spaces that are easier for kids to color.

This page covers popular searches such as bible verse printable, bible verse for kids, free coloring pages and gives you a repeatable flow for high-quality results. Start with a short style instruction like clean line art, then keep details age-appropriate and easy to print. If a preview looks too busy, remove extra objects and regenerate with fewer scene elements.

After generation, download PNG for digital coloring or PDF for print packs. For classroom use, test one page first, then keep the same prompt pattern for the rest of the set. For /bible-verse-coloring-page-generator, this approach keeps quality consistent while reducing rewrite time each time you refresh content. You can also save successful prompt variations by age group so teams can launch new themed pages faster.

To improve outcomes over time, keep notes on which bible verse coloring page generator prompts produce the clearest outlines. Reuse those winning prompt styles for future pages, and adjust only subject details so each new sheet stays unique without losing readability, print quality, or family-safe tone.",Try This Generator,/create,Browse Library,/library,"Create a family-safe printable coloring page for Bible Verse Coloring Page Generator. Theme focus: bible verse coloring page generator. Use bold black outlines, white background, and clear open areas for coloring.",/static/images/programmatic/bible-verse-coloring-page-generator-hero.png,Generate bible verse coloring page generator with family-safe prompt handling.|Produce clean outlines that print clearly on standard paper.|Download PNG and PDF files instantly for classroom or home use.,Can I use this for bible verse coloring page generator?::Yes. The workflow is optimized for printable line art and repeatable prompt quality.||How do I keep pages family-safe?::Use age-appropriate prompts and keep sensitive topics out of the request. Unsafe input is filtered.,published,"bible verse coloring page generator,scripture coloring pages,sunday school coloring sheets",2026-02-13T10:06:49.903659+00:00,generated,generated,bible verse coloring page generator,bible verse printable|bible verse for kids|free coloring pages|pdf coloring page download,"Explain how to use Bible Verse Coloring Page Generator quickly and safely, with practical steps and printable outcomes.",,4:5,,static/images/programmatic/bible-verse-coloring-page-generator-hero.png,70c09e9621416b23f9d5ec51b03a302af30cb64bb9829438f079acc5f077a53a,readability-20260213-tools,2026-02-13T10:06:49.903659+00:00,,
tool,/bubble-letter-coloring-page-generator,bubble-letter-coloring-page-generator,Bubble Letter Coloring Page Generator,"Bubble Letter Coloring Page Generator on ColorfulMe. Create bubble letter coloring page generator with family-safe prompts, clean printable outlines, and.",Bubble Letter Coloring Page Generator,"Bubble Letter Coloring Page Generator helps you create bubble letter coloring page generator in seconds using a guided, family-safe workflow. Use this page to get clear printable line art, practical prompt ideas, and export-ready files for school activities, home crafts, and quick print projects. Explain how to use Bubble Letter Coloring Page Generator quickly and safely, with practical steps and","Bubble Letter Coloring Page Generator helps parents, teachers, and creators produce dependable bubble letter coloring page generator pages with less editing. Use one clear subject, one scene, and a family-safe tone so the generated outline stays simple and printable. When prompts are focused, the result is cleaner line art with open spaces that are easier for kids to color.

This page covers popular searches such as bubble letter printable, bubble letter for kids, free coloring pages and gives you a repeatable flow for high-quality results. Start with a short style instruction like clean line art, then keep details age-appropriate and easy to print. If a preview looks too busy, remove extra objects and regenerate with fewer scene elements.

After generation, download PNG for digital coloring or PDF for print packs. For classroom use, test one page first, then keep the same prompt pattern for the rest of the set. For /bubble-letter-coloring-page-generator, this approach keeps quality consistent while reducing rewrite time each time you refresh content. You can also save successful prompt variations by age group so teams can launch new themed pages faster.

To improve outcomes over time, keep notes on which bubble letter coloring page generator prompts produce the clearest outlines. Reuse those winning prompt styles for future pages, and adjust only subject details so each new sheet stays unique without losing readability, print quality, or family-safe tone.",Try This Generator,/create,Browse Library,/library,"Create a family-safe printable coloring page for Bubble Letter Coloring Page Generator. Theme focus: bubble letter coloring page generator. Use bold black outlines, white background, and clear open areas for coloring.",/static/images/programmatic/bubble-letter-coloring-page-generator-hero.png,Generate bubble letter coloring page generator with family-safe prompt handling.|Produce clean outlines that print clearly on standard paper.|Download PNG and PDF files instantly for classroom or home use.,Can I use this for bubble letter coloring page generator?::Yes. The workflow is optimized for printable line art and repeatable prompt quality.||How do I keep pages family-safe?::Use age-appropriate prompts and keep sensitive topics out of the request. Unsafe input is filtered.,published,"bubble letter coloring page generator,bubble letter word art,coloring typography generator",2026-02-13T10:06:49.907728+00:00,generated,generated,bubble letter coloring page generator,bubble letter printable|bubble letter for kids|free coloring pages|pdf coloring page download,"Explain how to use Bubble Letter Coloring Page Generator quickly and safely, with practical steps and printable outcomes.",,4:5,,static/images/programmatic/bubble-letter-coloring-page-generator-hero.png,e68dca3b2732a0e1e4a966ba2703ea9f44af6219d3265d15755ca9e8460c47cc,readability-20260213-tools,2026-02-13T10:06:49.907728+00:00,,
tool,/coloring-book-generator,coloring-book-generator,Coloring Book Generator,"Coloring Book Generator on ColorfulMe. Create coloring book generator with family-safe prompts, clean printable outlines, and one-click PNG or PDF downloads.",AI Coloring Book Generator,"Coloring Book Generator helps you create coloring book generator in seconds using a guided, family-safe workflow. Use this page to get clear printable line art, practical prompt ideas, and export-ready files for school activities, home crafts, and quick print projects. Explain how to use Coloring Book Generator quickly and safely, with practical steps and printable outcomes.","Coloring Book Generator helps parents, teachers, and creators produce dependable coloring book generator pages with less editing. Use one clear subject, one scene, and a family-safe tone so the generated outline stays simple and printable. When prompts are focused, the result is cleaner line art with open spaces that are easier for kids to color.

This page covers popular searches such as coloring book printable, coloring book for kids, free coloring pages and gives you a repeatable flow for high-quality results. Start with a short style instruction like clean line art, then keep details age-appropriate and easy to print. If a preview looks too busy, remove extra objects and regenerate with fewer scene elements.

After generation, download PNG for digital coloring or PDF for print packs. For classroom use, test one page first, then keep the same prompt pattern for the rest of the set. For /coloring-book-generator, this approach keeps quality consistent while reducing rewrite time each time you refresh content. You can also save successful prompt variations by age group so teams can launch new themed pages faster.

To improve outcomes over time, keep notes on which coloring book generator prompts produce the clearest outlines. Reuse those winning prompt styles for future pages, and adjust only subject details so each new sheet stays unique without losing readability, print quality, or family-safe tone.",Try This Generator,/create,Browse Library,/library,"Create a family-safe printable coloring page for Coloring Book Generator. Theme focus: coloring book generator. Use bold black outlines, white background, and clear open areas for coloring.",/static/images/programmatic/coloring-book-generator-hero.png,Generate coloring book generator with family-safe prompt handling.|Produce clean outlines that print clearly on standard paper.|Download PNG and PDF files instantly for classroom or home use.,Can I use this for coloring book generator?::Yes. The workflow is optimized for printable line art and repeatable prompt quality.||How do I keep pages family-safe?::Use age-appropriate prompts and keep sensitive topics out of the request. Unsafe input is filtered.,published,"coloring book generator,ai coloring book,printable activity book creator",2026-02-13T10:06:49.911218+00:00,generated,generated,coloring book generator,coloring book printable|coloring book for kids|free coloring pages|pdf coloring page download,"Explain how to use Coloring Book Generator quickly and safely, with practical steps and printable outcomes.",,4:5,,static/images/programmatic/coloring-book-generator-hero.png,a7e6e81ccfb2b1f005ddd7b333116bbcb9ac88ec082b8794c5abd7be0d8f6274,readability-20260213-tools,2026-02-13T10:06:49.911218+00:00,,
tool,/dinosaur-coloring-page-generator,dinosaur-coloring-page-generator,Dinosaur Coloring Page Generator,"Dinosaur Coloring Page Generator on ColorfulMe. Create dinosaur coloring page generator with family-safe prompts, clean printable outlines, and one-click PNG.",Dinosaur Coloring Page Generator,"Dinosaur Coloring Page Generator helps you create dinosaur coloring page generator in seconds using a guided, family-safe workflow. Use this page to get clear printable line art, practical prompt ideas, and export-ready files for school activities, home crafts, and quick print projects. Explain how to use Dinosaur Coloring Page Generator quickly and safely, with practical steps and printable outcomes.","Dinosaur Coloring Page Generator helps parents, teachers, and creators produce dependable dinosaur coloring page generator pages with less editing. Use one clear subject, one scene, and a family-safe tone so the generated outline stays simple and printable. When prompts are focused, the result is cleaner line art with open spaces that are easier for kids to color.

This page covers popular searches such as dinosaur coloring printable, dinosaur coloring for kids, free coloring pages and gives you a repeatable flow for high-quality results. Start with a short style instruction like clean line art, then keep details age-appropriate and easy to print. If a preview looks too busy, remove extra objects and regenerate with fewer scene elements.

After generation, download PNG for digital coloring or PDF for print packs. For classroom use, test one page first, then keep the same prompt pattern for the rest of the set. For /dinosaur-coloring-page-generator, this approach keeps quality consistent while reducing rewrite time each time you refresh content. You can also save successful prompt variations by age group so teams can launch new themed pages faster.

To improve outcomes over time, keep notes on which dinosaur coloring page generator prompts produce the clearest outlines. Reuse those winning prompt styles for future pages, and adjust only subject details so each new sheet stays unique without losing readability, print quality, or family-safe tone.",Try This Generator,/create,Browse Library,/library,"Create a family-safe printable coloring page for Dinosaur Coloring Page Generator. Theme focus: dinosaur coloring page generator. Use bold black outlines, white background, and clear open areas for coloring.",/static/images/programmatic/dinosaur-coloring-page-generator-hero.png,Generate dinosaur coloring page generator with family-safe prompt handling.|Produce clean outlines that print clearly on standard paper.|Download PNG and PDF files instantly for classroom or home use.,Can I use this for dinosaur coloring page generator?::Yes. The workflow is optimized for printable line art and repeatable prompt quality.||How do I keep pages family-safe?::Use age-appropriate prompts and keep sensitive topics out of the request. Unsafe input is filtered.,published,"dinosaur coloring page generator,dino coloring sheets,printable dinosaur pages",2026-02-13T10:06:49.920651+00:00,generated,generated,dinosaur coloring page generator,dinosaur coloring printable|dinosaur coloring for kids|free coloring pages|pdf coloring page download,"Explain how to use Dinosaur Coloring Page Generator quickly and safely, with practical steps and printable outcomes.",,4:5,,static/images/programmatic/dinosaur-coloring-page-generator-hero.png,72d95c5accf8833e9c29270cefa7109e461d41f92dd2c53409ba7d752c0adcb4,readability-20260213-tools,2026-02-13T10:06:49.920651+00:00,,
tool,/family-photo-coloring-page,family-photo-coloring-page,Family Photo Coloring Page Converter,"Family Photo Coloring Page Converter on ColorfulMe. Create family photo coloring page converter with family-safe prompts, clean printable outlines, and.",Family Photo Coloring Page Converter,"Family Photo Coloring Page Converter helps you create family photo coloring page converter in seconds using a guided, family-safe workflow. Use this page to get clear printable line art, practical prompt ideas, and export-ready files for school activities, home crafts, and quick print projects. Explain how to use Family Photo Coloring Page Converter quickly and safely, with practical steps and","Family Photo Coloring Page Converter helps parents, teachers, and creators produce dependable family photo coloring page converter pages with less editing. Use one clear subject, one scene, and a family-safe tone so the generated outline stays simple and printable. When prompts are focused, the result is cleaner line art with open spaces that are easier for kids to color.

This page covers popular searches such as family photo printable, family photo for kids, free coloring pages and gives you a repeatable flow for high-quality results. Start with a short style instruction like clean line art, then keep details age-appropriate and easy to print. If a preview looks too busy, remove extra objects and regenerate with fewer scene elements.

After generation, download PNG for digital coloring or PDF for print packs. For classroom use, test one page first, then keep the same prompt pattern for the rest of the set. For /family-photo-coloring-page, this approach keeps quality consistent while reducing rewrite time each time you refresh content. You can also save successful prompt variations by age group so teams can launch new themed pages faster.

To improve outcomes over time, keep notes on which family photo coloring page converter prompts produce the clearest outlines. Reuse those winning prompt styles for future pages, and adjust only subject details so each new sheet stays unique without losing readability, print quality, or family-safe tone.",Try This Generator,/create,Browse Library,/library,"Create a family-safe printable coloring page for Family Photo Coloring Page Converter. Theme focus: family photo coloring page converter. Use bold black outlines, white background, and clear open areas for coloring.",/static/images/programmatic/family-photo-coloring-page-hero.png,Generate family photo coloring page converter with family-safe prompt handling.|Produce clean outlines that print clearly on standard paper.|Download PNG and PDF files instantly for classroom or home use.,Can I use this for family photo coloring page converter?::Yes. The workflow is optimized for printable line art and repeatable prompt quality.||How do I keep pages family-safe?::Use age-appropriate prompts and keep sensitive topics out of the request. Unsafe input is filtered.,published,"family photo coloring page,family photo to coloring page converter,custom coloring page",2026-02-13T10:06:49.924217+00:00,generated,generated,family photo coloring page converter,family photo printable|family photo for kids|free coloring pages|pdf coloring page download,"Explain how to use Family Photo Coloring Page Converter quickly and safely, with practical steps and printable outcomes.",,4:5,,static/images/programmatic/family-photo-coloring-page-hero.png,e0d94d7450b2050eeb079db5b4397b19343c1006c28e3c41c25c45682957ab30,readability-20260213-tools,2026-02-13T10:06:49.924217+00:00,,
tool,/family-photo-coloring-page-generator,family-photo-coloring-page-generator,Family Photo Coloring Page Generator,"Family Photo Coloring Page Generator on ColorfulMe. Create family photo coloring page generator with family-safe prompts, clean printable outlines, and.",Family Photo Coloring Page Generator,"Family Photo Coloring Page Generator helps you create family photo coloring page generator in seconds using a guided, family-safe workflow. Use this page to get clear printable line art, practical prompt ideas, and export-ready files for school activities, home crafts, and quick print projects. Explain how to use Family Photo Coloring Page Generator quickly and safely, with practical steps and","Family Photo Coloring Page Generator helps parents, teachers, and creators produce dependable family photo coloring page generator pages with less editing. Use one clear subject, one scene, and a family-safe tone so the generated outline stays simple and printable. When prompts are focused, the result is cleaner line art with open spaces that are easier for kids to color.

This page covers popular searches such as family photo printable, family photo for kids, free coloring pages and gives you a repeatable flow for high-quality results. Start with a short style instruction like clean line art, then keep details age-appropriate and easy to print. If a preview looks too busy, remove extra objects and regenerate with fewer scene elements.

After generation, download PNG for digital coloring or PDF for print packs. For classroom use, test one page first, then keep the same prompt pattern for the rest of the set. For /family-photo-coloring-page-generator, this approach keeps quality consistent while reducing rewrite time each time you refresh content. You can also save successful prompt variations by age group so teams can launch new themed pages faster.

To improve outcomes over time, keep notes on which family photo coloring page generator prompts produce the clearest outlines. Reuse those winning prompt styles for future pages, and adjust only subject details so each new sheet stays unique without losing readability, print quality, or family-safe tone.",Try This Generator,/create,Browse Library,/library,"Create a family-safe printable coloring page for Family Photo Coloring Page Generator. Theme focus: family photo coloring page generator. Use bold black outlines, white background, and clear open areas for coloring.",/static/images/programmatic/family-photo-coloring-page-generator-hero.png,Generate family photo coloring page generator with family-safe prompt handling.|Produce clean outlines that print clearly on standard paper.|Download PNG and PDF files instantly for classroom or home use.,Can I use this for family photo coloring page generator?::Yes. The workflow is optimized for printable line art and repeatable prompt quality.||How do I keep pages family-safe?::Use age-appropriate prompts and keep sensitive topics out of the request. Unsafe input is filtered.,published,"family photo coloring page generator,custom family coloring page,personalized coloring page",2026-02-13T10:06:49.928918+00:00,generated,generated,family photo coloring page generator,family photo printable|family photo for kids|free coloring pages|pdf coloring page download,"Explain how to use Family Photo Coloring Page Generator quickly and safely, with practical steps and printable outcomes.",,4:5,,static/images/programmatic/family-photo-coloring-page-generator-hero.png,e0d94d7450b2050eeb079db5b4397b19343c1006c28e3c41c25c45682957ab30,readability-20260213-tools,2026-02-13T10:06:49.928918+00:00,,
tool,/flux-prompt-generator-for-coloring-pages,flux-prompt-generator-for-coloring-pages,FLUX Prompt Generator for Coloring Pages,"FLUX Prompt Generator for Coloring Pages on ColorfulMe. Create flux prompt generator for coloring pages with family-safe prompts, clean printable outlines.",FLUX Prompt Generator for Coloring Pages,"FLUX Prompt Generator for Coloring Pages helps you create flux prompt generator for coloring pages in seconds using a guided, family-safe workflow. Use this page to get clear printable line art, practical prompt ideas, and export-ready files for school activities, home crafts, and quick print projects. Explain how to use FLUX Prompt Generator for Coloring Pages quickly and safely, with","FLUX Prompt Generator for Coloring Pages helps parents, teachers, and creators produce dependable flux prompt generator for coloring pages pages with less editing. Use one clear subject, one scene, and a family-safe tone so the generated outline stays simple and printable. When prompts are focused, the result is cleaner line art with open spaces that are easier for kids to color.

This page covers popular searches such as flux prompt printable, flux prompt for kids, free coloring pages and gives you a repeatable flow for high-quality results. Start with a short style instruction like clean line art, then keep details age-appropriate and easy to print. If a preview looks too busy, remove extra objects and regenerate with fewer scene elements.

After generation, download PNG for digital coloring or PDF for print packs. For classroom use, test one page first, then keep the same prompt pattern for the rest of the set. For /flux-prompt-generator-for-coloring-pages, this approach keeps quality consistent while reducing rewrite time each time you refresh content. You can also save successful prompt variations by age group so teams can launch new themed pages faster.

To improve outcomes over time, keep notes on which flux prompt generator for coloring pages prompts produce the clearest outlines. Reuse those winning prompt styles for future pages, and adjust only subject details so each new sheet stays unique without losing readability, print quality, or family-safe tone.",Try This Generator,/create,Browse Library,/library,"Create a family-safe printable coloring page for FLUX Prompt Generator for Coloring Pages. Theme focus: flux prompt generator for coloring pages. Use bold black outlines, white background, and clear open areas for coloring.",/static/images/programmatic/flux-prompt-generator-for-coloring-pages-hero.png,Generate flux prompt generator for coloring pages with family-safe prompt handling.|Produce clean outlines that print clearly on standard paper.|Download PNG and PDF files instantly for classroom or home use.,Can I use this for flux prompt generator for coloring pages?::Yes. The workflow is optimized for printable line art and repeatable prompt quality.||How do I keep pages family-safe?::Use age-appropriate prompts and keep sensitive topics out of the request. Unsafe input is filtered.,published,"flux prompt generator,coloring page prompts,ai prompt engineering for line art",2026-02-13T10:06:49.935108+00:00,generated,generated,flux prompt generator for coloring pages,flux prompt printable|flux prompt for kids|free coloring pages|pdf coloring page download,"Explain how to use FLUX Prompt Generator for Coloring Pages quickly and safely, with practical steps and printable outcomes.",,4:5,,static/images/programmatic/flux-prompt-generator-for-coloring-pages-hero.png,1791c435a8d5ac7f697a031caa30be647f1782210592a702ecf7739ba8d6da8a,readability-20260213-tools,2026-02-13T10:06:49.935108+00:00,,
tool,/generators/bible-verse-coloring-page-generator,generators-bible-verse-coloring-page-generator,Bible Verse Coloring Page Generator,"Bible Verse Coloring Page Generator on ColorfulMe. Create bible verse coloring page generator with family-safe prompts, clean printable outlines, and.",Bible Verse Coloring Page Generator,"Bible Verse Coloring Page Generator helps you create bible verse coloring page generator in seconds using a guided, family-safe workflow. Use this page to get clear printable line art, practical prompt ideas, and export-ready files for school activities, home crafts, and quick print projects. Explain how to use Bible Verse Coloring Page Generator quickly and safely, with practical steps and","Bible Verse Coloring Page Generator helps parents, teachers, and creators produce dependable bible verse coloring page generator pages with less editing. Use one clear subject, one scene, and a family-safe tone so the generated outline stays simple and printable. When prompts are focused, the result is cleaner line art with open spaces that are easier for kids to color.

This page covers popular searches such as bible verse printable, bible verse for kids, free coloring pages and gives you a repeatable flow for high-quality results. Start with a short style instruction like clean line art, then keep details age-appropriate and easy to print. If a preview looks too busy, remove extra objects and regenerate with fewer scene elements.

After generation, download PNG for digital coloring or PDF for print packs. For classroom use, test one page first, then keep the same prompt pattern for the rest of the set. For /generators/bible-verse-coloring-page-generator, this approach keeps quality consistent while reducing rewrite time each time you refresh content. You can also save successful prompt variations by age group so teams can launch new themed pages faster.

To improve outcomes over time, keep notes on which bible verse coloring page generator prompts produce the clearest outlines. Reuse those winning prompt styles for future pages, and adjust only subject details so each new sheet stays unique without losing readability, print quality, or family-safe tone.",Try This Generator,/create,Browse Library,/library,"Create a family-safe printable coloring page for Bible Verse Coloring Page Generator. Theme focus: bible verse coloring page generator. Use bold black outlines, white background, and clear open areas for coloring.",/static/images/programmatic/generators-bible-verse-coloring-page-generator-hero.png,Generate bible verse coloring page generator with family-safe prompt handling.|Produce clean outlines that print clearly on standard paper.|Download PNG and PDF files instantly for classroom or home use.,Can I use this for bible verse coloring page generator?::Yes. The workflow is optimized for printable line art and repeatable prompt quality.||How do I keep pages family-safe?::Use age-appropriate prompts and keep sensitive topics out of the request. Unsafe input is filtered.,published,"bible verse coloring page generator,generators,scripture coloring pages",2026-02-13T10:06:49.939094+00:00,generated,generated,bible verse coloring page generator,bible verse printable|bible verse for kids|free coloring pages|pdf coloring page download,"Explain how to use Bible Verse Coloring Page Generator quickly and safely, with practical steps and printable outcomes.",,4:5,,static/images/programmatic/generators-bible-verse-coloring-page-generator-hero.png,70c09e9621416b23f9d5ec51b03a302af30cb64bb9829438f079acc5f077a53a,readability-20260213-tools,2026-02-13T10:06:49.939094+00:00,,
tool,/generators/bubble-letter-coloring-page-generator,generators-bubble-letter-coloring-page-generator,Bubble Letter Coloring Page Generator,"Bubble Letter Coloring Page Generator on ColorfulMe. Create bubble letter coloring page generator with family-safe prompts, clean printable outlines, and.",Bubble Letter Coloring Page Generator,"Bubble Letter Coloring Page Generator helps you create bubble letter coloring page generator in seconds using a guided, family-safe workflow. Use this page to get clear printable line art, practical prompt ideas, and export-ready files for school activities, home crafts, and quick print projects. Explain how to use Bubble Letter Coloring Page Generator quickly and safely, with practical steps and","Bubble Letter Coloring Page Generator helps parents, teachers, and creators produce dependable bubble letter coloring page generator pages with less editing. Use one clear subject, one scene, and a family-safe tone so the generated outline stays simple and printable. When prompts are focused, the result is cleaner line art with open spaces that are easier for kids to color.

This page covers popular searches such as bubble letter printable, bubble letter for kids, free coloring pages and gives you a repeatable flow for high-quality results. Start with a short style instruction like clean line art, then keep details age-appropriate and easy to print. If a preview looks too busy, remove extra objects and regenerate with fewer scene elements.

After generation, download PNG for digital coloring or PDF for print packs. For classroom use, test one page first, then keep the same prompt pattern for the rest of the set. For /generators/bubble-letter-coloring-page-generator, this approach keeps quality consistent while reducing rewrite time each time you refresh content. You can also save successful prompt variations by age group so teams can launch new themed pages faster.

To improve outcomes over time, keep notes on which bubble letter coloring page generator prompts produce the clearest outlines. Reuse those winning prompt styles for future pages, and adjust only subject details so each new sheet stays unique without losing readability, print quality, or family-safe tone.",Try This Generator,/create,Browse Library,/library,"Create a family-safe printable coloring page for Bubble Letter Coloring Page Generator. Theme focus: bubble letter coloring page generator. Use bold black outlines, white background, and clear open areas for coloring.",/static/images/programmatic/generators-bubble-letter-coloring-page-generator-hero.png,Generate bubble letter coloring page generator with family-safe prompt handling.|Produce clean outlines that print clearly on standard paper.|Download PNG and PDF files instantly for classroom or home use.,Can I use this for bubble letter coloring page generator?::Yes. The workflow is optimized for printable line art and repeatable prompt quality.||How do I keep pages family-safe?::Use age-appropriate prompts and keep sensitive topics out of the request. Unsafe input is filtered.,published,"bubble letter coloring page generator,generators,word art coloring",2026-02-13T10:06:49.942116+00:00,generated,generated,bubble letter coloring page generator,bubble letter printable|bubble letter for kids|free coloring pages|pdf coloring page download,"Explain how to use Bubble Letter Coloring Page Generator quickly and safely, with practical steps and printable outcomes.",,4:5,,static/images/programmatic/generators-bubble-letter-coloring-page-generator-hero.png,e68dca3b2732a0e1e4a966ba2703ea9f44af6219d3265d15755ca9e8460c47cc,readability-20260213-tools,2026-02-13T10:06:49.942116+00:00,,
tool,/generators/graffiti-coloring-page-generator,generators-graffiti-coloring-page-generator,Graffiti Coloring Page Generator,"Graffiti Coloring Page Generator on ColorfulMe. Create graffiti coloring page generator with family-safe prompts, clean printable outlines, and one-click PNG.",Graffiti Coloring Page Generator,"Graffiti Coloring Page Generator helps you create graffiti coloring page generator in seconds using a guided, family-safe workflow. Use this page to get clear printable line art, practical prompt ideas, and export-ready files for school activities, home crafts, and quick print projects. Explain how to use Graffiti Coloring Page Generator quickly and safely, with practical steps and printable outcomes.","Graffiti Coloring Page Generator helps parents, teachers, and creators produce dependable graffiti coloring page generator pages with less editing. Use one clear subject, one scene, and a family-safe tone so the generated outline stays simple and printable. When prompts are focused, the result is cleaner line art with open spaces that are easier for kids to color.

This page covers popular searches such as graffiti coloring printable, graffiti coloring for kids, free coloring pages and gives you a repeatable flow for high-quality results. Start with a short style instruction like clean line art, then keep details age-appropriate and easy to print. If a preview looks too busy, remove extra objects and regenerate with fewer scene elements.

After generation, download PNG for digital coloring or PDF for print packs. For classroom use, test one page first, then keep the same prompt pattern for the rest of the set. For /generators/graffiti-coloring-page-generator, this approach keeps quality consistent while reducing rewrite time each time you refresh content. You can also save successful prompt variations by age group so teams can launch new themed pages faster.

To improve outcomes over time, keep notes on which graffiti coloring page generator prompts produce the clearest outlines. Reuse those winning prompt styles for future pages, and adjust only subject details so each new sheet stays unique without losing readability, print quality, or family-safe tone.",Try This Generator,/create,Browse Library,/library,"Create a family-safe printable coloring page for Graffiti Coloring Page Generator. Theme focus: graffiti coloring page generator. Use bold black outlines, white background, and clear open areas for coloring.",/static/images/programmatic/generators-graffiti-coloring-page-generator-hero.png,Generate graffiti coloring page generator with family-safe prompt handling.|Produce clean outlines that print clearly on standard paper.|Download PNG and PDF files instantly for classroom or home use.,Can I use this for graffiti coloring page generator?::Yes. The workflow is optimized for printable line art and repeatable prompt quality.||How do I keep pages family-safe?::Use age-appropriate prompts and keep sensitive topics out of the request. Unsafe input is filtered.,published,"graffiti coloring page generator,generators,street art coloring pages",2026-02-13T10:06:49.948316+00:00,generated,generated,graffiti coloring page generator,graffiti coloring printable|graffiti coloring for kids|free coloring pages|pdf coloring page download,"Explain how to use Graffiti Coloring Page Generator quickly and safely, with practical steps and printable outcomes.",,4:5,,static/images/programmatic/generators-graffiti-coloring-page-generator-hero.png,153d8e47daeeb2bc382593522ced357503cb30416b45aa270d768dbfd2199fa2,readability-20260213-tools,2026-02-13T10:06:49.948316+00:00,,
tool,/generators/name-coloring-page-generator,generators-name-coloring-page-generator,Name Coloring Page Generator,"Name Coloring Page Generator on ColorfulMe. Create name coloring page generator with family-safe prompts, clean printable outlines, and one-click PNG or PDF.",Name Coloring Page Generator,"Name Coloring Page Generator helps you create name coloring page generator in seconds using a guided, family-safe workflow. Use this page to get clear printable line art, practical prompt ideas, and export-ready files for school activities, home crafts, and quick print projects. Explain how to use Name Coloring Page Generator quickly and safely, with practical steps and printable outcomes.","Name Coloring Page Generator helps parents, teachers, and creators produce dependable name coloring page generator pages with less editing. Use one clear subject, one scene, and a family-safe tone so the generated outline stays simple and printable. When prompts are focused, the result is cleaner line art with open spaces that are easier for kids to color.

This page covers popular searches such as name coloring printable, name coloring for kids, free coloring pages and gives you a repeatable flow for high-quality results. Start with a short style instruction like clean line art, then keep details age-appropriate and easy to print. If a preview looks too busy, remove extra objects and regenerate with fewer scene elements.

After generation, download PNG for digital coloring or PDF for print packs. For classroom use, test one page first, then keep the same prompt pattern for the rest of the set. For /generators/name-coloring-page-generator, this approach keeps quality consistent while reducing rewrite time each time you refresh content. You can also save successful prompt variations by age group so teams can launch new themed pages faster.

To improve outcomes over time, keep notes on which name coloring page generator prompts produce the clearest outlines. Reuse those winning prompt styles for future pages, and adjust only subject details so each new sheet stays unique without losing readability, print quality, or family-safe tone.",Try This Generator,/create,Browse Library,/library,"Create a family-safe printable coloring page for Name Coloring Page Generator. Theme focus: name coloring page generator. Use bold black outlines, white background, and clear open areas for coloring.",/static/images/programmatic/generators-name-coloring-page-generator-hero.png,Generate name coloring page generator with family-safe prompt handling.|Produce clean outlines that print clearly on standard paper.|Download PNG and PDF files instantly for classroom or home use.,Can I use this for name coloring page generator?::Yes. The workflow is optimized for printable line art and repeatable prompt quality.||How do I keep pages family-safe?::Use age-appropriate prompts and keep sensitive topics out of the request. Unsafe input is filtered.,published,"name coloring page generator,generators,custom name coloring page",2026-02-13T10:06:49.952890+00:00,generated,generated,name coloring page generator,name coloring printable|name coloring for kids|free coloring pages|pdf coloring page download,"Explain how to use Name Coloring Page Generator quickly and safely, with practical steps and printable outcomes.",,4:5,,static/images/programmatic/generators-name-coloring-page-generator-hero.png,91f3676d150808a56dc39d7bdfe5f60b5d0ccd90af136a7aa94f3ca3bcb9f83f,readability-20260213-tools,2026-02-13T10:06:49.952890+00:00,,
tool,/generators/quote-coloring-page-generator,generators-quote-coloring-page-generator,Quote Coloring Page Generator,"Quote Coloring Page Generator on ColorfulMe. Create quote coloring page generator with family-safe prompts, clean printable outlines, and one-click PNG or PDF.",Quote Coloring Page Generator,"Quote Coloring Page Generator helps you create quote coloring page generator in seconds using a guided, family-safe workflow. Use this page to get clear printable line art, practical prompt ideas, and export-ready files for school activities, home crafts, and quick print projects. Explain how to use Quote Coloring Page Generator quickly and safely, with practical steps and printable outcomes.","Quote Coloring Page Generator helps parents, teachers, and creators produce dependable quote coloring page generator pages with less editing. Use one clear subject, one scene, and a family-safe tone so the generated outline stays simple and printable. When prompts are focused, the result is cleaner line art with open spaces that are easier for kids to color.

This page covers popular searches such as quote coloring printable, quote coloring for kids, free coloring pages and gives you a repeatable flow for high-quality results. Start with a short style instruction like clean line art, then keep details age-appropriate and easy to print. If a preview looks too busy, remove extra objects and regenerate with fewer scene elements.

After generation, download PNG for digital coloring or PDF for print packs. For classroom use, test one page first, then keep the same prompt pattern for the rest of the set. For /generators/quote-coloring-page-generator, this approach keeps quality consistent while reducing rewrite time each time you refresh content. You can also save successful prompt variations by age group so teams can launch new themed pages faster.

To improve outcomes over time, keep notes on which quote coloring page generator prompts produce the clearest outlines. Reuse those winning prompt styles for future pages, and adjust only subject details so each new sheet stays unique without losing readability, print quality, or family-safe tone.",Try This Generator,/create,Browse Library,/library,"Create a family-safe printable coloring page for Quote Coloring Page Generator. Theme focus: quote coloring page generator. Use bold black outlines, white background, and clear open areas for coloring.",/static/images/programmatic/generators-quote-coloring-page-generator-hero.png,Generate quote coloring page generator with family-safe prompt handling.|Produce clean outlines that print clearly on standard paper.|Download PNG and PDF files instantly for classroom or home use.,Can I use this for quote coloring page generator?::Yes. The workflow is optimized for printable line art and repeatable prompt quality.||How do I keep pages family-safe?::Use age-appropriate prompts and keep sensitive topics out of the request. Unsafe input is filtered.,published,"quote coloring page generator,generators,affirmation coloring pages",2026-02-13T10:06:49.956528+00:00,generated,generated,quote coloring page generator,quote coloring printable|quote coloring for kids|free coloring pages|pdf coloring page download,"Explain how to use Quote Coloring Page Generator quickly and safely, with practical steps and printable outcomes.",,4:5,,static/images/programmatic/generators-quote-coloring-page-generator-hero.png,8aacd7d1fdf3469ffd8f31037fd0c30687f742695b76e9dc84711f6e50bf40b5,readability-20260213-tools,2026-02-13T10:06:49.956528+00:00,,
tool,/graffiti-coloring-page-generator,graffiti-coloring-page-generator,Graffiti Coloring Page Generator,"Graffiti Coloring Page Generator on ColorfulMe. Create graffiti coloring page generator with family-safe prompts, clean printable outlines, and one-click PNG.",Graffiti Coloring Page Generator,"Graffiti Coloring Page Generator helps you create graffiti coloring page generator in seconds using a guided, family-safe workflow. Use this page to get clear printable line art, practical prompt ideas, and export-ready files for school activities, home crafts, and quick print projects. Explain how to use Graffiti Coloring Page Generator quickly and safely, with practical steps and printable outcomes.","Graffiti Coloring Page Generator helps parents, teachers, and creators produce dependable graffiti coloring page generator pages with less editing. Use one clear subject, one scene, and a family-safe tone so the generated outline stays simple and printable. When prompts are focused, the result is cleaner line art with open spaces that are easier for kids to color.

This page covers popular searches such as graffiti coloring printable, graffiti coloring for kids, free coloring pages and gives you a repeatable flow for high-quality results. Start with a short style instruction like clean line art, then keep details age-appropriate and easy to print. If a preview looks too busy, remove extra objects and regenerate with fewer scene elements.

After generation, download PNG for digital coloring or PDF for print packs. For classroom use, test one page first, then keep the same prompt pattern for the rest of the set. For /graffiti-coloring-page-generator, this approach keeps quality consistent while reducing rewrite time each time you refresh content. You can also save successful prompt variations by age group so teams can launch new themed pages faster.

To improve outcomes over time, keep notes on which graffiti coloring page generator prompts produce the clearest outlines. Reuse those winning prompt styles for future pages, and adjust only subject details so each new sheet stays unique without losing readability, print quality, or family-safe tone.",Try This Generator,/create,Browse Library,/library,"Create a family-safe printable coloring page for Graffiti Coloring Page Generator. Theme focus: graffiti coloring page generator. Use bold black outlines, white background, and clear open areas for coloring.",/static/images/programmatic/graffiti-coloring-page-generator-hero.png,Generate graffiti coloring page generator with family-safe prompt handling.|Produce clean outlines that print clearly on standard paper.|Download PNG and PDF files instantly for classroom or home use.,Can I use this for graffiti coloring page generator?::Yes. The workflow is optimized for printable line art and repeatable prompt quality.||How do I keep pages family-safe?::Use age-appropriate prompts and keep sensitive topics out of the request. Unsafe input is filtered.,published,"graffiti coloring page generator,street art coloring pages,graffiti name coloring sheet",2026-02-13T10:06:49.960749+00:00,generated,generated,graffiti coloring page generator,graffiti coloring printable|graffiti coloring for kids|free coloring pages|pdf coloring page download,"Explain how to use Graffiti Coloring Page Generator quickly and safely, with practical steps and printable outcomes.",,4:5,,static/images/programmatic/graffiti-coloring-page-generator-hero.png,153d8e47daeeb2bc382593522ced357503cb30416b45aa270d768dbfd2199fa2,readability-20260213-tools,2026-02-13T10:06:49.960749+00:00,,
tool,/mandala-coloring-page-generator,mandala-coloring-page-generator,Mandala Coloring Page Generator,"Mandala Coloring Page Generator on ColorfulMe. Create mandala coloring page generator with family-safe prompts, clean printable outlines, and one-click PNG or.",Mandala Coloring Page Generator,"Mandala Coloring Page Generator helps you create mandala coloring page generator in seconds using a guided, family-safe workflow. Use this page to get clear printable line art, practical prompt ideas, and export-ready files for school activities, home crafts, and quick print projects. Explain how to use Mandala Coloring Page Generator quickly and safely, with practical steps and printable outcomes.","Mandala Coloring Page Generator helps parents, teachers, and creators produce dependable mandala coloring page generator pages with less editing. Use one clear subject, one scene, and a family-safe tone so the generated outline stays simple and printable. When prompts are focused, the result is cleaner line art with open spaces that are easier for kids to color.

This page covers popular searches such as mandala coloring printable, mandala coloring for kids, free coloring pages and gives you a repeatable flow for high-quality results. Start with a short style instruction like clean line art, then keep details age-appropriate and easy to print. If a preview looks too busy, remove extra objects and regenerate with fewer scene elements.

After generation, download PNG for digital coloring or PDF for print packs. For classroom use, test one page first, then keep the same prompt pattern for the rest of the set. For /mandala-coloring-page-generator, this approach keeps quality consistent while reducing rewrite time each time you refresh content. You can also save successful prompt variations by age group so teams can launch new themed pages faster.

To improve outcomes over time, keep notes on which mandala coloring page generator prompts produce the clearest outlines. Reuse those winning prompt styles for future pages, and adjust only subject details so each new sheet stays unique without losing readability, print quality, or family-safe tone.",Try This Generator,/create,Browse Library,/library,"Create a family-safe printable coloring page for Mandala Coloring Page Generator. Theme focus: mandala coloring page generator. Use bold black outlines, white background, and clear open areas for coloring.",/static/images/programmatic/mandala-coloring-page-generator-hero.png,Generate mandala coloring page generator with family-safe prompt handling.|Produce clean outlines that print clearly on standard paper.|Download PNG and PDF files instantly for classroom or home use.,Can I use this for mandala coloring page generator?::Yes. The workflow is optimized for printable line art and repeatable prompt quality.||How do I keep pages family-safe?::Use age-appropriate prompts and keep sensitive topics out of the request. Unsafe input is filtered.,published,"mandala coloring page generator,printable mandala coloring pages,geometric coloring sheets",2026-02-13T10:06:49.965180+00:00,generated,generated,mandala coloring page generator,mandala coloring printable|mandala coloring for kids|free coloring pages|pdf coloring page download,"Explain how to use Mandala Coloring Page Generator quickly and safely, with practical steps and printable outcomes.",,4:5,,static/images/programmatic/mandala-coloring-page-generator-hero.png,291ba56f4b295f11ff1e610a648bf6ac3f16c908147bd2fa1ec977ac913eb387,readability-20260213-tools,2026-02-13T10:06:49.965180+00:00,,
tool,/midjourney-prompt-generator-for-coloring-pages,midjourney-prompt-generator-for-coloring-pages,Midjourney Prompt Generator for Coloring Pages,"Midjourney Prompt Generator for Coloring Pages on ColorfulMe. Create midjourney prompt generator for coloring pages with family-safe prompts, clean printable.",Midjourney Prompt Generator for Coloring Pages,"Midjourney Prompt Generator for Coloring Pages helps you create midjourney prompt generator for coloring pages in seconds using a guided, family-safe workflow. Use this page to get clear printable line art, practical prompt ideas, and export-ready files for school activities, home crafts, and quick print projects. Explain how to use Midjourney Prompt Generator for Coloring Pages quickly and safely, with","Midjourney Prompt Generator for Coloring Pages helps parents, teachers, and creators produce dependable midjourney prompt generator for coloring pages pages with less editing. Use one clear subject, one scene, and a family-safe tone so the generated outline stays simple and printable. When prompts are focused, the result is cleaner line art with open spaces that are easier for kids to color.

This page covers popular searches such as midjourney prompt printable, midjourney prompt for kids, free coloring pages and gives you a repeatable flow for high-quality results. Start with a short style instruction like clean line art, then keep details age-appropriate and easy to print. If a preview looks too busy, remove extra objects and regenerate with fewer scene elements.

After generation, download PNG for digital coloring or PDF for print packs. For classroom use, test one page first, then keep the same prompt pattern for the rest of the set. For /midjourney-prompt-generator-for-coloring-pages, this approach keeps quality consistent while reducing rewrite time each time you refresh content. You can also save successful prompt variations by age group so teams can launch new themed pages faster.

To improve outcomes over time, keep notes on which midjourney prompt generator for coloring pages prompts produce the clearest outlines. Reuse those winning prompt styles for future pages, and adjust only subject details so each new sheet stays unique without losing readability, print quality, or family-safe tone.",Try This Generator,/create,Browse Library,/library,"Create a family-safe printable coloring page for Midjourney Prompt Generator for Coloring Pages. Theme focus: midjourney prompt generator for coloring pages. Use bold black outlines, white background, and clear open areas for coloring.",/static/images/programmatic/midjourney-prompt-generator-for-coloring-pages-hero.png,Generate midjourney prompt generator for coloring pages with family-safe prompt handling.|Produce clean outlines that print clearly on standard paper.|Download PNG and PDF files instantly for classroom or home use.,Can I use this for midjourney prompt generator for coloring pages?::Yes. The workflow is optimized for printable line art and repeatable prompt quality.||How do I keep pages family-safe?::Use age-appropriate prompts and keep sensitive topics out of the request. Unsafe input is filtered.,published,"midjourney prompt generator,coloring page prompts,ai art prompt builder",2026-02-13T10:06:49.969714+00:00,generated,generated,midjourney prompt generator for coloring pages,midjourney prompt printable|midjourney prompt for kids|free coloring pages|pdf coloring page download,"Explain how to use Midjourney Prompt Generator for Coloring Pages quickly and safely, with practical steps and printable outcomes.",,4:5,,static/images/programmatic/midjourney-prompt-generator-for-coloring-pages-hero.png,ba9cc2debce1b67b38d6d80e3d9abd5e80b49e85a2012e1e69451879196e50ee,readability-20260213-tools,2026-02-13T10:06:49.969714+00:00,,
tool,/name-coloring-page-generator,name-coloring-page-generator,Name Coloring Page Generator,"Name Coloring Page Generator on ColorfulMe. Create name coloring page generator with family-safe prompts, clean printable outlines, and one-click PNG or PDF.",Name Coloring Page Generator,"Name Coloring Page Generator helps you create name coloring page generator in seconds using a guided, family-safe workflow. Use this page to get clear printable line art, practical prompt ideas, and export-ready files for school activities, home crafts, and quick print projects. Explain how to use Name Coloring Page Generator quickly and safely, with practical steps and printable outcomes.","Name Coloring Page Generator helps parents, teachers, and creators produce dependable name coloring page generator pages with less editing. Use one clear subject, one scene, and a family-safe tone so the generated outline stays simple and printable. When prompts are focused, the result is cleaner line art with open spaces that are easier for kids to color.

This page covers popular searches such as name coloring printable, name coloring for kids, free coloring pages and gives you a repeatable flow for high-quality results. Start with a short style instruction like clean line art, then keep details age-appropriate and easy to print. If a preview looks too busy, remove extra objects and regenerate with fewer scene elements.

After generation, download PNG for digital coloring or PDF for print packs. For classroom use, test one page first, then keep the same prompt pattern for the rest of the set. For /name-coloring-page-generator, this approach keeps quality consistent while reducing rewrite time each time you refresh content. You can also save successful prompt variations by age group so teams can launch new themed pages faster.

To improve outcomes over time, keep notes on which name coloring page generator prompts produce the clearest outlines. Reuse those winning prompt styles for future pages, and adjust only subject details so each new sheet stays unique without losing readability, print quality, or family-safe tone.",Try This Generator,/create,Browse Library,/library,"Create a family-safe printable coloring page for Name Coloring Page Generator. Theme focus: name coloring page generator. Use bold black outlines, white background, and clear open areas for coloring.",/static/images/programmatic/name-coloring-page-generator-hero.png,Generate name coloring page generator with family-safe prompt handling.|Produce clean outlines that print clearly on standard paper.|Download PNG and PDF files instantly for classroom or home use.,Can I use this for name coloring page generator?::Yes. The workflow is optimized for printable line art and repeatable prompt quality.||How do I keep pages family-safe?::Use age-appropriate prompts and keep sensitive topics out of the request. Unsafe input is filtered.,published,"name coloring page generator,personalized name coloring page,custom name coloring sheet",2026-02-13T10:06:49.973732+00:00,generated,generated,name coloring page generator,name coloring printable|name coloring for kids|free coloring pages|pdf coloring page download,"Explain how to use Name Coloring Page Generator quickly and safely, with practical steps and printable outcomes.",,4:5,,static/images/programmatic/name-coloring-page-generator-hero.png,91f3676d150808a56dc39d7bdfe5f60b5d0ccd90af136a7aa94f3ca3bcb9f83f,readability-20260213-tools,2026-02-13T10:06:49.973732+00:00,,
tool,/photo-to-coloring-page-converter,photo-to-coloring-page-converter,Photo to Coloring Page Converter,"Photo to Coloring Page Converter on ColorfulMe. Create photo to coloring page converter with family-safe prompts, clean printable outlines, and one-click PNG.",Photo to Coloring Page Converter,"Photo to Coloring Page Converter helps you create photo to coloring page converter in seconds using a guided, family-safe workflow. Use this page to get clear printable line art, practical prompt ideas, and export-ready files for school activities, home crafts, and quick print projects. Explain how to use Photo to Coloring Page Converter quickly and safely, with practical steps and","Photo to Coloring Page Converter helps parents, teachers, and creators produce dependable photo to coloring page converter pages with less editing. Use one clear subject, one scene, and a family-safe tone so the generated outline stays simple and printable. When prompts are focused, the result is cleaner line art with open spaces that are easier for kids to color.

This page covers popular searches such as photo to printable, photo to for kids, free coloring pages and gives you a repeatable flow for high-quality results. Start with a short style instruction like clean line art, then keep details age-appropriate and easy to print. If a preview looks too busy, remove extra objects and regenerate with fewer scene elements.

After generation, download PNG for digital coloring or PDF for print packs. For classroom use, test one page first, then keep the same prompt pattern for the rest of the set. For /photo-to-coloring-page-converter, this approach keeps quality consistent while reducing rewrite time each time you refresh content. You can also save successful prompt variations by age group so teams can launch new themed pages faster.

To improve outcomes over time, keep notes on which photo to coloring page converter prompts produce the clearest outlines. Reuse those winning prompt styles for future pages, and adjust only subject details so each new sheet stays unique without losing readability, print quality, or family-safe tone.",Try This Generator,/create,Browse Library,/library,"Create a family-safe printable coloring page for Photo to Coloring Page Converter. Theme focus: photo to coloring page converter. Use bold black outlines, white background, and clear open areas for coloring.",/static/images/programmatic/photo-to-coloring-page-converter-hero.png,Generate photo to coloring page converter with family-safe prompt handling.|Produce clean outlines that print clearly on standard paper.|Download PNG and PDF files instantly for classroom or home use.,Can I use this for photo to coloring page converter?::Yes. The workflow is optimized for printable line art and repeatable prompt quality.||How do I keep pages family-safe?::Use age-appropriate prompts and keep sensitive topics out of the request. Unsafe input is filtered.,published,"photo to coloring page converter,picture to coloring page,photo to line art",2026-02-13T10:06:49.980699+00:00,generated,generated,photo to coloring page converter,photo to printable|photo to for kids|free coloring pages|pdf coloring page download,"Explain how to use Photo to Coloring Page Converter quickly and safely, with practical steps and printable outcomes.",,4:5,,static/images/programmatic/photo-to-coloring-page-converter-hero.png,aee02cbc82db4d93071373ef5925be8a418cf27b0b899b0050abad5125f52f50,readability-20260213-tools,2026-02-13T10:06:49.980699+00:00,,
tool,/photo-to-sketch,photo-to-sketch,Photo to Sketch (Coloring Page),"Photo to Sketch (Coloring Page) on ColorfulMe. Create photo to sketch coloring page with family-safe prompts, clean printable outlines, and one-click PNG or.",Photo to Sketch Converter,"Photo to Sketch (Coloring Page) helps you create photo to sketch coloring page in seconds using a guided, family-safe workflow. Use this page to get clear printable line art, practical prompt ideas, and export-ready files for school activities, home crafts, and quick print projects. Explain how to use Photo to Sketch (Coloring Page) quickly and safely, with practical steps and","Photo to Sketch (Coloring Page) helps parents, teachers, and creators produce dependable photo to sketch coloring page pages with less editing. Use one clear subject, one scene, and a family-safe tone so the generated outline stays simple and printable. When prompts are focused, the result is cleaner line art with open spaces that are easier for kids to color.

This page covers popular searches such as photo to printable, photo to for kids, free coloring pages and gives you a repeatable flow for high-quality results. Start with a short style instruction like clean line art, then keep details age-appropriate and easy to print. If a preview looks too busy, remove extra objects and regenerate with fewer scene elements.

After generation, download PNG for digital coloring or PDF for print packs. For classroom use, test one page first, then keep the same prompt pattern for the rest of the set. For /photo-to-sketch, this approach keeps quality consistent while reducing rewrite time each time you refresh content. You can also save successful prompt variations by age group so teams can launch new themed pages faster.

To improve outcomes over time, keep notes on which photo to sketch coloring page prompts produce the clearest outlines. Reuse those winning prompt styles for future pages, and adjust only subject details so each new sheet stays unique without losing readability, print quality, or family-safe tone.",Try This Generator,/create,Browse Library,/library,"Create a family-safe printable coloring page for Photo to Sketch (Coloring Page). Theme focus: photo to sketch coloring page. Use bold black outlines, white background, and clear open areas for coloring.",/static/images/programmatic/photo-to-sketch-hero.png,Generate photo to sketch coloring page with family-safe prompt handling.|Produce clean outlines that print clearly on standard paper.|Download PNG and PDF files instantly for classroom or home use.,Can I use this for photo to sketch coloring page?::Yes. The workflow is optimized for printable line art and repeatable prompt quality.||How do I keep pages family-safe?::Use age-appropriate prompts and keep sensitive topics out of the request. Unsafe input is filtered.,published,"photo to sketch,photo sketch converter,coloring sketch",2026-02-13T10:06:49.984437+00:00,generated,generated,photo to sketch coloring page,photo to printable|photo to for kids|free coloring pages|pdf coloring page download,"Explain how to use Photo to Sketch (Coloring Page) quickly and safely, with practical steps and printable outcomes.",,4:5,,static/images/programmatic/photo-to-sketch-hero.png,3e43691575fd6e51fc5b603345d5776ba5dac56a65d9798a93d856800606bf10,readability-20260213-tools,2026-02-13T10:06:49.984437+00:00,,
tool,/photo-to-sketch-converter,photo-to-sketch-converter,Photo to Sketch Converter (Coloring Style),"Photo to Sketch Converter (Coloring Style) on ColorfulMe. Create photo to sketch converter coloring style with family-safe prompts, clean printable outlines.",Photo to Sketch Converter for Coloring Pages,"Photo to Sketch Converter (Coloring Style) helps you create photo to sketch converter coloring style in seconds using a guided, family-safe workflow. Use this page to get clear printable line art, practical prompt ideas, and export-ready files for school activities, home crafts, and quick print projects. Explain how to use Photo to Sketch Converter (Coloring Style) quickly and safely, with","Photo to Sketch Converter (Coloring Style) helps parents, teachers, and creators produce dependable photo to sketch converter coloring style pages with less editing. Use one clear subject, one scene, and a family-safe tone so the generated outline stays simple and printable. When prompts are focused, the result is cleaner line art with open spaces that are easier for kids to color.

This page covers popular searches such as photo to printable, photo to for kids, free coloring pages and gives you a repeatable flow for high-quality results. Start with a short style instruction like clean line art, then keep details age-appropriate and easy to print. If a preview looks too busy, remove extra objects and regenerate with fewer scene elements.

After generation, download PNG for digital coloring or PDF for print packs. For classroom use, test one page first, then keep the same prompt pattern for the rest of the set. For /photo-to-sketch-converter, this approach keeps quality consistent while reducing rewrite time each time you refresh content. You can also save successful prompt variations by age group so teams can launch new themed pages faster.

To improve outcomes over time, keep notes on which photo to sketch converter coloring style prompts produce the clearest outlines. Reuse those winning prompt styles for future pages, and adjust only subject details so each new sheet stays unique without losing readability, print quality, or family-safe tone.",Try This Generator,/create,Browse Library,/library,"Create a family-safe printable coloring page for Photo to Sketch Converter (Coloring Style). Theme focus: photo to sketch converter coloring style. Use bold black outlines, white background, and clear open areas for coloring.",/static/images/programmatic/photo-to-sketch-converter-hero.png,Generate photo to sketch converter coloring style with family-safe prompt handling.|Produce clean outlines that print clearly on standard paper.|Download PNG and PDF files instantly for classroom or home use.,Can I use this for photo to sketch converter coloring style?::Yes. The workflow is optimized for printable line art and repeatable prompt quality.||How do I keep pages family-safe?::Use age-appropriate prompts and keep sensitive topics out of the request. Unsafe input is filtered.,published,"photo to sketch converter,pencil sketch converter,coloring sketch generator",2026-02-13T10:06:49.989542+00:00,generated,generated,photo to sketch converter coloring style,photo to printable|photo to for kids|free coloring pages|pdf coloring page download,"Explain how to use Photo to Sketch Converter (Coloring Style) quickly and safely, with practical steps and printable outcomes.",,4:5,,static/images/programmatic/photo-to-sketch-converter-hero.png,3e43691575fd6e51fc5b603345d5776ba5dac56a65d9798a93d856800606bf10,readability-20260213-tools,2026-02-13T10:06:49.989542+00:00,,
tool,/princess-coloring-page-generator,princess-coloring-page-generator,Princess Coloring Page Generator,"Princess Coloring Page Generator on ColorfulMe. Create princess coloring page generator with family-safe prompts, clean printable outlines, and one-click PNG.",Princess Coloring Page Generator,"Princess Coloring Page Generator helps you create princess coloring page generator in seconds using a guided, family-safe workflow. Use this page to get clear printable line art, practical prompt ideas, and export-ready files for school activities, home crafts, and quick print projects. Explain how to use Princess Coloring Page Generator quickly and safely, with practical steps and printable outcomes.","Princess Coloring Page Generator helps parents, teachers, and creators produce dependable princess coloring page generator pages with less editing. Use one clear subject, one scene, and a family-safe tone so the generated outline stays simple and printable. When prompts are focused, the result is cleaner line art with open spaces that are easier for kids to color.

This page covers popular searches such as princess coloring printable, princess coloring for kids, free coloring pages and gives you a repeatable flow for high-quality results. Start with a short style instruction like clean line art, then keep details age-appropriate and easy to print. If a preview looks too busy, remove extra objects and regenerate with fewer scene elements.

After generation, download PNG for digital coloring or PDF for print packs. For classroom use, test one page first, then keep the same prompt pattern for the rest of the set. For /princess-coloring-page-generator, this approach keeps quality consistent while reducing rewrite time each time you refresh content. You can also save successful prompt variations by age group so teams can launch new themed pages faster.

To improve outcomes over time, keep notes on which princess coloring page generator prompts produce the clearest outlines. Reuse those winning prompt styles for future pages, and adjust only subject details so each new sheet stays unique without losing readability, print quality, or family-safe tone.",Try This Generator,/create,Browse Library,/library,"Create a family-safe printable coloring page for Princess Coloring Page Generator. Theme focus: princess coloring page generator. Use bold black outlines, white background, and clear open areas for coloring.",/static/images/programmatic/princess-coloring-page-generator-hero.png,Generate princess coloring page generator with family-safe prompt handling.|Produce clean outlines that print clearly on standard paper.|Download PNG and PDF files instantly for classroom or home use.,Can I use this for princess coloring page generator?::Yes. The workflow is optimized for printable line art and repeatable prompt quality.||How do I keep pages family-safe?::Use age-appropriate prompts and keep sensitive topics out of the request. Unsafe input is filtered.,published,"princess coloring page generator,princess printable coloring pages,fantasy coloring sheets",2026-02-13T10:06:49.993707+00:00,generated,generated,princess coloring page generator,princess coloring printable|princess coloring for kids|free coloring pages|pdf coloring page download,"Explain how to use Princess Coloring Page Generator quickly and safely, with practical steps and printable outcomes.",,4:5,,static/images/programmatic/princess-coloring-page-generator-hero.png,f44ad98052ad7cbc6a8e18d4343f48ccba97b41b5dfc8864306b0de53ee1246d,readability-20260213-tools,2026-02-13T10:06:49.993707+00:00,,
tool,/prompt-generators/flux-prompt-generator,prompt-generators-flux-prompt-generator,FLUX Prompt Generator,"FLUX Prompt Generator on ColorfulMe. Create flux prompt generator with family-safe prompts, clean printable outlines, and one-click PNG or PDF downloads for.",FLUX Prompt Generator,"FLUX Prompt Generator helps you create flux prompt generator in seconds using a guided, family-safe workflow. Use this page to get clear printable line art, practical prompt ideas, and export-ready files for school activities, home crafts, and quick print projects. Explain how to use FLUX Prompt Generator quickly and safely, with practical steps and printable outcomes.","FLUX Prompt Generator helps parents, teachers, and creators produce dependable flux prompt generator pages with less editing. Use one clear subject, one scene, and a family-safe tone so the generated outline stays simple and printable. When prompts are focused, the result is cleaner line art with open spaces that are easier for kids to color.

This page covers popular searches such as flux prompt printable, flux prompt for kids, free coloring pages and gives you a repeatable flow for high-quality results. Start with a short style instruction like clean line art, then keep details age-appropriate and easy to print. If a preview looks too busy, remove extra objects and regenerate with fewer scene elements.

After generation, download PNG for digital coloring or PDF for print packs. For classroom use, test one page first, then keep the same prompt pattern for the rest of the set. For /prompt-generators/flux-prompt-generator, this approach keeps quality consistent while reducing rewrite time each time you refresh content. You can also save successful prompt variations by age group so teams can launch new themed pages faster.

To improve outcomes over time, keep notes on which flux prompt generator prompts produce the clearest outlines. Reuse those winning prompt styles for future pages, and adjust only subject details so each new sheet stays unique without losing readability, print quality, or family-safe tone.",Try This Generator,/create,Browse Library,/library,"Create a family-safe printable coloring page for FLUX Prompt Generator. Theme focus: flux prompt generator. Use bold black outlines, white background, and clear open areas for coloring.",/static/images/programmatic/prompt-generators-flux-prompt-generator-hero.png,Generate flux prompt generator with family-safe prompt handling.|Produce clean outlines that print clearly on standard paper.|Download PNG and PDF files instantly for classroom or home use.,Can I use this for flux prompt generator?::Yes. The workflow is optimized for printable line art and repeatable prompt quality.||How do I keep pages family-safe?::Use age-appropriate prompts and keep sensitive topics out of the request. Unsafe input is filtered.,published,"flux prompt generator,prompt generators,coloring page prompts",2026-02-13T10:06:49.998761+00:00,generated,generated,flux prompt generator,flux prompt printable|flux prompt for kids|free coloring pages|pdf coloring page download,"Explain how to use FLUX Prompt Generator quickly and safely, with practical steps and printable outcomes.",,4:5,,static/images/programmatic/prompt-generators-flux-prompt-generator-hero.png,1791c435a8d5ac7f697a031caa30be647f1782210592a702ecf7739ba8d6da8a,readability-20260213-tools,2026-02-13T10:06:49.998761+00:00,,
tool,/prompt-generators/midjourney-prompt-generator,prompt-generators-midjourney-prompt-generator,Midjourney Prompt Generator,"Midjourney Prompt Generator on ColorfulMe. Create midjourney prompt generator with family-safe prompts, clean printable outlines, and one-click PNG or PDF.",Midjourney Prompt Generator,"Midjourney Prompt Generator helps you create midjourney prompt generator in seconds using a guided, family-safe workflow. Use this page to get clear printable line art, practical prompt ideas, and export-ready files for school activities, home crafts, and quick print projects. Explain how to use Midjourney Prompt Generator quickly and safely, with practical steps and printable outcomes.","Midjourney Prompt Generator helps parents, teachers, and creators produce dependable midjourney prompt generator pages with less editing. Use one clear subject, one scene, and a family-safe tone so the generated outline stays simple and printable. When prompts are focused, the result is cleaner line art with open spaces that are easier for kids to color.

This page covers popular searches such as midjourney prompt printable, midjourney prompt for kids, free coloring pages and gives you a repeatable flow for high-quality results. Start with a short style instruction like clean line art, then keep details age-appropriate and easy to print. If a preview looks too busy, remove extra objects and regenerate with fewer scene elements.

After generation, download PNG for digital coloring or PDF for print packs. For classroom use, test one page first, then keep the same prompt pattern for the rest of the set. For /prompt-generators/midjourney-prompt-generator, this approach keeps quality consistent while reducing rewrite time each time you refresh content. You can also save successful prompt variations by age group so teams can launch new themed pages faster.

To improve outcomes over time, keep notes on which midjourney prompt generator prompts produce the clearest outlines. Reuse those winning prompt styles for future pages, and adjust only subject details so each new sheet stays unique without losing readability, print quality, or family-safe tone.",Try This Generator,/create,Browse Library,/library,"Create a family-safe printable coloring page for Midjourney Prompt Generator. Theme focus: midjourney prompt generator. Use bold black outlines, white background, and clear open areas for coloring.",/static/images/programmatic/prompt-generators-midjourney-prompt-generator-hero.png,Generate midjourney prompt generator with family-safe prompt handling.|Produce clean outlines that print clearly on standard paper.|Download PNG and PDF files instantly for classroom or home use.,Can I use this for midjourney prompt generator?::Yes. The workflow is optimized for printable line art and repeatable prompt quality.||How do I keep pages family-safe?::Use age-appropriate prompts and keep sensitive topics out of the request. Unsafe input is filtered.,published,"midjourney prompt generator,prompt generators,coloring page prompts",2026-02-13T10:06:50.002621+00:00,generated,generated,midjourney prompt generator,midjourney prompt printable|midjourney prompt for kids|free coloring pages|pdf coloring page download,"Explain how to use Midjourney Prompt Generator quickly and safely, with practical steps and printable outcomes.",,4:5,,static/images/programmatic/prompt-generators-midjourney-prompt-generator-hero.png,ba9cc2debce1b67b38d6d80e3d9abd5e80b49e85a2012e1e69451879196e50ee,readability-20260213-tools,2026-02-13T10:06:50.002621+00:00,,
tool,/prompt-generators/stable-diffusion-prompt-generator,prompt-generators-stable-diffusion-prompt-generator,Stable Diffusion Prompt Generator,"Stable Diffusion Prompt Generator on ColorfulMe. Create stable diffusion prompt generator with family-safe prompts, clean printable outlines, and one-click.",Stable Diffusion Prompt Generator,"Stable Diffusion Prompt Generator helps you create stable diffusion prompt generator in seconds using a guided, family-safe workflow. Use this page to get clear printable line art, practical prompt ideas, and export-ready files for school activities, home crafts, and quick print projects. Explain how to use Stable Diffusion Prompt Generator quickly and safely, with practical steps and printable outcomes.","Stable Diffusion Prompt Generator helps parents, teachers, and creators produce dependable stable diffusion prompt generator pages with less editing. Use one clear subject, one scene, and a family-safe tone so the generated outline stays simple and printable. When prompts are focused, the result is cleaner line art with open spaces that are easier for kids to color.

This page covers popular searches such as stable diffusion printable, stable diffusion for kids, free coloring pages and gives you a repeatable flow for high-quality results. Start with a short style instruction like clean line art, then keep details age-appropriate and easy to print. If a preview looks too busy, remove extra objects and regenerate with fewer scene elements.

After generation, download PNG for digital coloring or PDF for print packs. For classroom use, test one page first, then keep the same prompt pattern for the rest of the set. For /prompt-generators/stable-diffusion-prompt-generator, this approach keeps quality consistent while reducing rewrite time each time you refresh content. You can also save successful prompt variations by age group so teams can launch new themed pages faster.

To improve outcomes over time, keep notes on which stable diffusion prompt generator prompts produce the clearest outlines. Reuse those winning prompt styles for future pages, and adjust only subject details so each new sheet stays unique without losing readability, print quality, or family-safe tone.",Try This Generator,/create,Browse Library,/library,"Create a family-safe printable coloring page for Stable Diffusion Prompt Generator. Theme focus: stable diffusion prompt generator. Use bold black outlines, white background, and clear open areas for coloring.",/static/images/programmatic/prompt-generators-stable-diffusion-prompt-generator-hero.png,Generate stable diffusion prompt generator with family-safe prompt handling.|Produce clean outlines that print clearly on standard paper.|Download PNG and PDF files instantly for classroom or home use.,Can I use this for stable diffusion prompt generator?::Yes. The workflow is optimized for printable line art and repeatable prompt quality.||How do I keep pages family-safe?::Use age-appropriate prompts and keep sensitive topics out of the request. Unsafe input is filtered.,published,"stable diffusion prompt generator,prompt generators,line art prompts",2026-02-13T10:06:50.007326+00:00,generated,generated,stable diffusion prompt generator,stable diffusion printable|stable diffusion for kids|free coloring pages|pdf coloring page download,"Explain how to use Stable Diffusion Prompt Generator quickly and safely, with practical steps and printable outcomes.",,4:5,,static/images/programmatic/prompt-generators-stable-diffusion-prompt-generator-hero.png,d70e3f36eb9ad2d05f158a2b7b1c23a2357faec53108b5ff2fbf428aacae8f5d,readability-20260213-tools,2026-02-13T10:06:50.007326+00:00,,
tool,/quote-coloring-page-generator,quote-coloring-page-generator,Quote Coloring Page Generator,"Quote Coloring Page Generator on ColorfulMe. Create quote coloring page generator with family-safe prompts, clean printable outlines, and one-click PNG or PDF.",Quote Coloring Page Generator,"Quote Coloring Page Generator helps you create quote coloring page generator in seconds using a guided, family-safe workflow. Use this page to get clear printable line art, practical prompt ideas, and export-ready files for school activities, home crafts, and quick print projects. Explain how to use Quote Coloring Page Generator quickly and safely, with practical steps and printable outcomes.","Quote Coloring Page Generator helps parents, teachers, and creators produce dependable quote coloring page generator pages with less editing. Use one clear subject, one scene, and a family-safe tone so the generated outline stays simple and printable. When prompts are focused, the result is cleaner line art with open spaces that are easier for kids to color.

This page covers popular searches such as quote coloring printable, quote coloring for kids, free coloring pages and gives you a repeatable flow for high-quality results. Start with a short style instruction like clean line art, then keep details age-appropriate and easy to print. If a preview looks too busy, remove extra objects and regenerate with fewer scene elements.

After generation, download PNG for digital coloring or PDF for print packs. For classroom use, test one page first, then keep the same prompt pattern for the rest of the set. For /quote-coloring-page-generator, this approach keeps quality consistent while reducing rewrite time each time you refresh content. You can also save successful prompt variations by age group so teams can launch new themed pages faster.

To improve outcomes over time, keep notes on which quote coloring page generator prompts produce the clearest outlines. Reuse those winning prompt styles for future pages, and adjust only subject details so each new sheet stays unique without losing readability, print quality, or family-safe tone.",Try This Generator,/create,Browse Library,/library,"Create a family-safe printable coloring page for Quote Coloring Page Generator. Theme focus: quote coloring page generator. Use bold black outlines, white background, and clear open areas for coloring.",/static/images/programmatic/quote-coloring-page-generator-hero.png,Generate quote coloring page generator with family-safe prompt handling.|Produce clean outlines that print clearly on standard paper.|Download PNG and PDF files instantly for classroom or home use.,Can I use this for quote coloring page generator?::Yes. The workflow is optimized for printable line art and repeatable prompt quality.||How do I keep pages family-safe?::Use age-appropriate prompts and keep sensitive topics out of the request. Unsafe input is filtered.,published,"quote coloring page generator,affirmation coloring pages,printable quote coloring sheets",2026-02-13T10:06:50.010909+00:00,generated,generated,quote coloring page generator,quote coloring printable|quote coloring for kids|free coloring pages|pdf coloring page download,"Explain how to use Quote Coloring Page Generator quickly and safely, with practical steps and printable outcomes.",,4:5,,static/images/programmatic/quote-coloring-page-generator-hero.png,8aacd7d1fdf3469ffd8f31037fd0c30687f742695b76e9dc84711f6e50bf40b5,readability-20260213-tools,2026-02-13T10:06:50.010909+00:00,,
tool,/stable-diffusion-prompt-generator-for-coloring-pages,stable-diffusion-prompt-generator-for-coloring-pages,Stable Diffusion Prompt Generator for Coloring Pages,Stable Diffusion Prompt Generator for Coloring Pages on ColorfulMe. Create stable diffusion prompt generator for coloring pages with family-safe prompts.,Stable Diffusion Prompt Generator for Coloring Pages,"Stable Diffusion Prompt Generator for Coloring Pages helps you create stable diffusion prompt generator for coloring pages in seconds using a guided, family-safe workflow. Use this page to get clear printable line art, practical prompt ideas, and export-ready files for school activities, home crafts, and quick print projects. Explain how to use Stable Diffusion Prompt Generator for Coloring Pages quickly","Stable Diffusion Prompt Generator for Coloring Pages helps parents, teachers, and creators produce dependable stable diffusion prompt generator for coloring pages pages with less editing. Use one clear subject, one scene, and a family-safe tone so the generated outline stays simple and printable. When prompts are focused, the result is cleaner line art with open spaces that are easier for kids to color.

This page covers popular searches such as stable diffusion printable, stable diffusion for kids, free coloring pages and gives you a repeatable flow for high-quality results. Start with a short style instruction like clean line art, then keep details age-appropriate and easy to print. If a preview looks too busy, remove extra objects and regenerate with fewer scene elements.

After generation, download PNG for digital coloring or PDF for print packs. For classroom use, test one page first, then keep the same prompt pattern for the rest of the set. For /stable-diffusion-prompt-generator-for-coloring-pages, this approach keeps quality consistent while reducing rewrite time each time you refresh content. You can also save successful prompt variations by age group so teams can launch new themed pages faster.

To improve outcomes over time, keep notes on which stable diffusion prompt generator for coloring pages prompts produce the clearest outlines. Reuse those winning prompt styles for future pages, and adjust only subject details so each new sheet stays unique without losing readability, print quality, or family-safe tone.",Try This Generator,/create,Browse Library,/library,"Create a family-safe printable coloring page for Stable Diffusion Prompt Generator for Coloring Pages. Theme focus: stable diffusion prompt generator for coloring pages. Use bold black outlines, white background, and clear open areas for coloring.",/static/images/programmatic/stable-diffusion-prompt-generator-for-coloring-pages-hero.png,Generate stable diffusion prompt generator for coloring pages with family-safe prompt handling.|Produce clean outlines that print clearly on standard paper.|Download PNG and PDF files instantly for classroom or home use.,Can I use this for stable diffusion prompt generator for coloring pages?::Yes. The workflow is optimized for printable line art and repeatable prompt quality.||How do I keep pages family-safe?::Use age-appropriate prompts and keep sensitive topics out of the request. Unsafe input is filtered.,published,"stable diffusion prompt generator,coloring page prompt templates,line art ai prompts",2026-02-13T10:06:50.020163+00:00,generated,generated,stable diffusion prompt generator for coloring pages,stable diffusion printable|stable diffusion for kids|free coloring pages|pdf coloring page download,"Explain how to use Stable Diffusion Prompt Generator for Coloring Pages quickly and safely, with practical steps and printable outcomes.",,4:5,,static/images/programmatic/stable-diffusion-prompt-generator-for-coloring-pages-hero.png,d70e3f36eb9ad2d05f158a2b7b1c23a2357faec53108b5ff2fbf428aacae8f5d,readability-20260213-tools,2026-02-13T10:06:50.020163+00:00,,
tool,/superhero-coloring-page-generator,superhero-coloring-page-generator,Superhero Coloring Page Generator,"Superhero Coloring Page Generator on ColorfulMe. Create superhero coloring page generator with family-safe prompts, clean printable outlines, and one-click.",Superhero Coloring Page Generator,"Superhero Coloring Page Generator helps you create superhero coloring page generator in seconds using a guided, family-safe workflow. Use this page to get clear printable line art, practical prompt ideas, and export-ready files for school activities, home crafts, and quick print projects. Explain how to use Superhero Coloring Page Generator quickly and safely, with practical steps and printable outcomes.","Superhero Coloring Page Generator helps parents, teachers, and creators produce dependable superhero coloring page generator pages with less editing. Use one clear subject, one scene, and a family-safe tone so the generated outline stays simple and printable. When prompts are focused, the result is cleaner line art with open spaces that are easier for kids to color.

This page covers popular searches such as superhero coloring printable, superhero coloring for kids, free coloring pages and gives you a repeatable flow for high-quality results. Start with a short style instruction like clean line art, then keep details age-appropriate and easy to print. If a preview looks too busy, remove extra objects and regenerate with fewer scene elements.

After generation, download PNG for digital coloring or PDF for print packs. For classroom use, test one page first, then keep the same prompt pattern for the rest of the set. For /superhero-coloring-page-generator, this approach keeps quality consistent while reducing rewrite time each time you refresh content. You can also save successful prompt variations by age group so teams can launch new themed pages faster.

To improve outcomes over time, keep notes on which superhero coloring page generator prompts produce the clearest outlines. Reuse those winning prompt styles for future pages, and adjust only subject details so each new sheet stays unique without losing readability, print quality, or family-safe tone.",Try This Generator,/create,Browse Library,/library,"Create a family-safe printable coloring page for Superhero Coloring Page Generator. Theme focus: superhero coloring page generator. Use bold black outlines, white background, and clear open areas for coloring.",/static/images/programmatic/superhero-coloring-page-generator-hero.png,Generate superhero coloring page generator with family-safe prompt handling.|Produce clean outlines that print clearly on standard paper.|Download PNG and PDF files instantly for classroom or home use.,Can I use this for superhero coloring page generator?::Yes. The workflow is optimized for printable line art and repeatable prompt quality.||How do I keep pages family-safe?::Use age-appropriate prompts and keep sensitive topics out of the request. Unsafe input is filtered.,published,"superhero coloring page generator,action coloring pages,printable hero coloring sheets",2026-02-13T10:06:50.023967+00:00,generated,generated,superhero coloring page generator,superhero coloring printable|superhero coloring for kids|free coloring pages|pdf coloring page download,"Explain how to use Superhero Coloring Page Generator quickly and safely, with practical steps and printable outcomes.",,4:5,,static/images/programmatic/superhero-coloring-page-generator-hero.png,9f5e1eba63db3b328b76906b02f3213b490863a74bccd02815e4dd7f24f2acdb,readability-20260213-tools,2026-02-13T10:06:50.023967+00:00,,
tool,/tools/ai-coloring-page-generator,tools-ai-coloring-page-generator,AI Coloring Page Generator Tool,"AI Coloring Page Generator Tool on ColorfulMe. Create ai coloring page generator tool with family-safe prompts, clean printable outlines, and one-click PNG or.",AI Coloring Page Generator Tool,"AI Coloring Page Generator Tool helps you create ai coloring page generator tool in seconds using a guided, family-safe workflow. Use this page to get clear printable line art, practical prompt ideas, and export-ready files for school activities, home crafts, and quick print projects. Explain how to use AI Coloring Page Generator Tool quickly and safely, with practical steps and","AI Coloring Page Generator Tool helps parents, teachers, and creators produce dependable ai coloring page generator tool pages with less editing. Use one clear subject, one scene, and a family-safe tone so the generated outline stays simple and printable. When prompts are focused, the result is cleaner line art with open spaces that are easier for kids to color.

This page covers popular searches such as ai coloring printable, ai coloring for kids, free coloring pages and gives you a repeatable flow for high-quality results. Start with a short style instruction like clean line art, then keep details age-appropriate and easy to print. If a preview looks too busy, remove extra objects and regenerate with fewer scene elements.

After generation, download PNG for digital coloring or PDF for print packs. For classroom use, test one page first, then keep the same prompt pattern for the rest of the set. For /tools/ai-coloring-page-generator, this approach keeps quality consistent while reducing rewrite time each time you refresh content. You can also save successful prompt variations by age group so teams can launch new themed pages faster.

To improve outcomes over time, keep notes on which ai coloring page generator tool prompts produce the clearest outlines. Reuse those winning prompt styles for future pages, and adjust only subject details so each new sheet stays unique without losing readability, print quality, or family-safe tone.",Try This Generator,/create,Browse Library,/library,"Create a family-safe printable coloring page for AI Coloring Page Generator Tool. Theme focus: ai coloring page generator tool. Use bold black outlines, white background, and clear open areas for coloring.",/static/images/programmatic/tools-ai-coloring-page-generator-hero.png,Generate ai coloring page generator tool with family-safe prompt handling.|Produce clean outlines that print clearly on standard paper.|Download PNG and PDF files instantly for classroom or home use.,Can I use this for ai coloring page generator tool?::Yes. The workflow is optimized for printable line art and repeatable prompt quality.||How do I keep pages family-safe?::Use age-appropriate prompts and keep sensitive topics out of the request. Unsafe input is filtered.,published,"ai coloring page generator tool,tools,printable coloring pages",2026-02-13T10:06:50.027856+00:00,generated,generated,ai coloring page generator tool,ai coloring printable|ai coloring for kids|free coloring pages|pdf coloring page download,"Explain how to use AI Coloring Page Generator Tool quickly and safely, with practical steps and printable outcomes.",,4:5,,static/images/programmatic/tools-ai-coloring-page-generator-hero.png,1fd05cd4348dee97206e41d07d095fee0e82873d9807bf141d7cec710f585776,readability-20260213-tools,2026-02-13T10:06:50.027856+00:00,,
library,/library/cute-space-cat-coloring-page,cute-space-cat-coloring-page,Cute Space Cat Coloring Page,"Cute Space Cat Coloring Page on ColorfulMe. Create cute space cat coloring page with family-safe prompts, clean printable outlines, and one-click PNG or PDF.",Cute Space Cat Coloring Page,"Cute Space Cat Coloring Page helps you create cute space cat coloring page in seconds using a guided, family-safe workflow. Use this page to get clear printable line art, practical prompt ideas, and export-ready files for school activities, home crafts, and quick print projects. Showcase Cute Space Cat Coloring Page as an example library asset and guide users to generate","Cute Space Cat Coloring Page helps parents, teachers, and creators produce dependable cute space cat coloring page pages with less editing. Use one clear subject, one scene, and a family-safe tone so the generated outline stays simple and printable. When prompts are focused, the result is cleaner line art with open spaces that are easier for kids to color.

This page covers popular searches such as cute space printable, cute space for kids, free coloring pages and gives you a repeatable flow for high-quality results. Start with a short style instruction like clean line art, then keep details age-appropriate and easy to print. If a preview looks too busy, remove extra objects and regenerate with fewer scene elements.

After generation, download PNG for digital coloring or PDF for print packs. For classroom use, test one page first, then keep the same prompt pattern for the rest of the set. For /library/cute-space-cat-coloring-page, this approach keeps quality consistent while reducing rewrite time each time you refresh content. You can also save successful prompt variations by age group so teams can launch new themed pages faster.

To improve outcomes over time, keep notes on which cute space cat coloring page prompts produce the clearest outlines. Reuse those winning prompt styles for future pages, and adjust only subject details so each new sheet stays unique without losing readability, print quality, or family-safe tone.",Create Similar,/create,View Library,/library,"Create a family-safe printable coloring page for Cute Space Cat Coloring Page. Theme focus: cute space cat coloring page. Use bold black outlines, white background, and clear open areas for coloring.",/static/images/programmatic/cute-space-cat-coloring-page-hero.png,Generate cute space cat coloring page with family-safe prompt handling.|Produce clean outlines that print clearly on standard paper.|Download PNG and PDF files instantly for classroom or home use.,Can I use this for cute space cat coloring page?::Yes. The workflow is optimized for printable line art and repeatable prompt quality.||How do I keep pages family-safe?::Use age-appropriate prompts and keep sensitive topics out of the request. Unsafe input is filtered.,published,"library,coloring sheet,cat",2026-02-13T10:07:00.364066+00:00,generated,generated,cute space cat coloring page,cute space printable|cute space for kids|free coloring pages|pdf coloring page download,Showcase Cute Space Cat Coloring Page as an example library asset and guide users to generate related pages.,,4:5,,static/images/programmatic/cute-space-cat-coloring-page-hero.png,82a80308a359bba09a674216f7033b5b31f7e26fafdf838d805553f94f54f54e,readability-20260213-library,2026-02-13T10:07:00.364066+00:00,,
tool,/prompt-generators/image-prompt-generator,prompt-generators-image-prompt-generator,AI Image Prompt Generator,"AI Image Prompt Generator on ColorfulMe. Create ai image prompt generator with family-safe prompts, clean printable outlines, and one-click PNG or PDF.",AI Image Prompt Generator,"AI Image Prompt Generator helps you create ai image prompt generator in seconds using a guided, family-safe workflow. Use this page to get clear printable line art, practical prompt ideas, and export-ready files for school activities, home crafts, and quick print projects. Explain how to use AI Image Prompt Generator quickly and safely, with practical steps and printable outcomes.","AI Image Prompt Generator helps parents, teachers, and creators produce dependable ai image prompt generator pages with less editing. Use one clear subject, one scene, and a family-safe tone so the generated outline stays simple and printable. When prompts are focused, the result is cleaner line art with open spaces that are easier for kids to color.

This page covers popular searches such as ai image printable, ai image for kids, free coloring pages and gives you a repeatable flow for high-quality results. Start with a short style instruction like clean line art, then keep details age-appropriate and easy to print. If a preview looks too busy, remove extra objects and regenerate with fewer scene elements.

After generation, download PNG for digital coloring or PDF for print packs. For classroom use, test one page first, then keep the same prompt pattern for the rest of the set. For /prompt-generators/image-prompt-generator, this approach keeps quality consistent while reducing rewrite time each time you refresh content. You can also save successful prompt variations by age group so teams can launch new themed pages faster.

To improve outcomes over time, keep notes on which ai image prompt generator prompts produce the clearest outlines. Reuse those winning prompt styles for future pages, and adjust only subject details so each new sheet stays unique without losing readability, print quality, or family-safe tone.",Try This Generator,/create,Browse Library,/library,"Create a family-safe printable coloring page for AI Image Prompt Generator. Theme focus: ai image prompt generator. Use bold black outlines, white background, and clear open areas for coloring.",/static/images/programmatic/prompt-generators-image-prompt-generator-hero.png,Generate ai image prompt generator with family-safe prompt handling.|Produce clean outlines that print clearly on standard paper.|Download PNG and PDF files instantly for classroom or home use.,Can I use this for ai image prompt generator?::Yes. The workflow is optimized for printable line art and repeatable prompt quality.||How do I keep pages family-safe?::Use age-appropriate prompts and keep sensitive topics out of the request. Unsafe input is filtered.,published,"image prompt generator,prompt generators,coloring page prompts",2026-02-13T10:06:50.033285+00:00,generated,generated,ai image prompt generator,ai image printable|ai image for kids|free coloring pages|pdf coloring page download,"Explain how to use AI Image Prompt Generator quickly and safely, with practical steps and printable outcomes.",,4:5,,static/images/programmatic/prompt-generators-image-prompt-generator-hero.png,41770e70f014b0468640063decb0f65a6abe9709a4ae3930d291487c3c1bb117,readability-20260213-tools,2026-02-13T10:06:50.033285+00:00,,
tool,/prompt-generators/drawing-prompt-generator,prompt-generators-drawing-prompt-generator,Drawing Prompt Generator,"Drawing Prompt Generator on ColorfulMe. Create drawing prompt generator with family-safe prompts, clean printable outlines, and one-click PNG or PDF downloads.",Drawing Prompt Generator,"Drawing Prompt Generator helps you create drawing prompt generator in seconds using a guided, family-safe workflow. Use this page to get clear printable line art, practical prompt ideas, and export-ready files for school activities, home crafts, and quick print projects. Explain how to use Drawing Prompt Generator quickly and safely, with practical steps and printable outcomes.","Drawing Prompt Generator helps parents, teachers, and creators produce dependable drawing prompt generator pages with less editing. Use one clear subject, one scene, and a family-safe tone so the generated outline stays simple and printable. When prompts are focused, the result is cleaner line art with open spaces that are easier for kids to color.

This page covers popular searches such as drawing prompt printable, drawing prompt for kids, free coloring pages and gives you a repeatable flow for high-quality results. Start with a short style instruction like clean line art, then keep details age-appropriate and easy to print. If a preview looks too busy, remove extra objects and regenerate with fewer scene elements.

After generation, download PNG for digital coloring or PDF for print packs. For classroom use, test one page first, then keep the same prompt pattern for the rest of the set. For /prompt-generators/drawing-prompt-generator, this approach keeps quality consistent while reducing rewrite time each time you refresh content. You can also save successful prompt variations by age group so teams can launch new themed pages faster.

To improve outcomes over time, keep notes on which drawing prompt generator prompts produce the clearest outlines. Reuse those winning prompt styles for future pages, and adjust only subject details so each new sheet stays unique without losing readability, print quality, or family-safe tone.",Try This Generator,/create,Browse Library,/library,"Create a family-safe printable coloring page for Drawing Prompt Generator. Theme focus: drawing prompt generator. Use bold black outlines, white background, and clear open areas for coloring.",/static/images/programmatic/prompt-generators-drawing-prompt-generator-hero.png,Generate drawing prompt generator with family-safe prompt handling.|Produce clean outlines that print clearly on standard paper.|Download PNG and PDF files instantly for classroom or home use.,Can I use this for drawing prompt generator?::Yes. The workflow is optimized for printable line art and repeatable prompt quality.||How do I keep pages family-safe?::Use age-appropriate prompts and keep sensitive topics out of the request. Unsafe input is filtered.,published,"drawing prompt generator,prompt generators,coloring ideas",2026-02-13T10:06:50.037642+00:00,generated,generated,drawing prompt generator,drawing prompt printable|drawing prompt for kids|free coloring pages|pdf coloring page download,"Explain how to use Drawing Prompt Generator quickly and safely, with practical steps and printable outcomes.",,4:5,,static/images/programmatic/prompt-generators-drawing-prompt-generator-hero.png,009ecf98185299c0550cc9faf7021e2856b4af5dc6fe83c33ef9db22c2a8a432,readability-20260213-tools,2026-02-13T10:06:50.037642+00:00,,
tool,/prompt-generators/image-to-prompt-generator,prompt-generators-image-to-prompt-generator,Image to Prompt Generator,"Image to Prompt Generator on ColorfulMe. Create image to prompt generator with family-safe prompts, clean printable outlines, and one-click PNG or PDF.",Image to Prompt Generator,"Image to Prompt Generator helps you create image to prompt generator in seconds using a guided, family-safe workflow. Use this page to get clear printable line art, practical prompt ideas, and export-ready files for school activities, home crafts, and quick print projects. Explain how to use Image to Prompt Generator quickly and safely, with practical steps and printable outcomes.","Image to Prompt Generator helps parents, teachers, and creators produce dependable image to prompt generator pages with less editing. Use one clear subject, one scene, and a family-safe tone so the generated outline stays simple and printable. When prompts are focused, the result is cleaner line art with open spaces that are easier for kids to color.

This page covers popular searches such as image to printable, image to for kids, free coloring pages and gives you a repeatable flow for high-quality results. Start with a short style instruction like clean line art, then keep details age-appropriate and easy to print. If a preview looks too busy, remove extra objects and regenerate with fewer scene elements.

After generation, download PNG for digital coloring or PDF for print packs. For classroom use, test one page first, then keep the same prompt pattern for the rest of the set. For /prompt-generators/image-to-prompt-generator, this approach keeps quality consistent while reducing rewrite time each time you refresh content. You can also save successful prompt variations by age group so teams can launch new themed pages faster.

To improve outcomes over time, keep notes on which image to prompt generator prompts produce the clearest outlines. Reuse those winning prompt styles for future pages, and adjust only subject details so each new sheet stays unique without losing readability, print quality, or family-safe tone.",Try This Generator,/create,Browse Library,/library,"Create a family-safe printable coloring page for Image to Prompt Generator. Theme focus: image to prompt generator. Use bold black outlines, white background, and clear open areas for coloring.",/static/images/programmatic/prompt-generators-image-to-prompt-generator-hero.png,Generate image to prompt generator with family-safe prompt handling.|Produce clean outlines that print clearly on standard paper.|Download PNG and PDF files instantly for classroom or home use.,Can I use this for image to prompt generator?::Yes. The workflow is optimized for printable line art and repeatable prompt quality.||How do I keep pages family-safe?::Use age-appropriate prompts and keep sensitive topics out of the request. Unsafe input is filtered.,published,"image to prompt generator,prompt generators,line art prompts",2026-02-13T10:06:50.041705+00:00,generated,generated,image to prompt generator,image to printable|image to for kids|free coloring pages|pdf coloring page download,"Explain how to use Image to Prompt Generator quickly and safely, with practical steps and printable outcomes.",,4:5,,static/images/programmatic/prompt-generators-image-to-prompt-generator-hero.png,d625802f8dd8c4ac85e85ffb8f5773a3172abdcfbc20710d42dd5e3fae2f5db4,readability-20260213-tools,2026-02-13T10:06:50.041705+00:00,,
tool,/prompt-generators/recraft-prompt-generator,prompt-generators-recraft-prompt-generator,Recraft Prompt Generator,"Recraft Prompt Generator on ColorfulMe. Create recraft prompt generator with family-safe prompts, clean printable outlines, and one-click PNG or PDF downloads.",Recraft Prompt Generator,"Recraft Prompt Generator helps you create recraft prompt generator in seconds using a guided, family-safe workflow. Use this page to get clear printable line art, practical prompt ideas, and export-ready files for school activities, home crafts, and quick print projects. Explain how to use Recraft Prompt Generator quickly and safely, with practical steps and printable outcomes.","Recraft Prompt Generator helps parents, teachers, and creators produce dependable recraft prompt generator pages with less editing. Use one clear subject, one scene, and a family-safe tone so the generated outline stays simple and printable. When prompts are focused, the result is cleaner line art with open spaces that are easier for kids to color.

This page covers popular searches such as recraft prompt printable, recraft prompt for kids, free coloring pages and gives you a repeatable flow for high-quality results. Start with a short style instruction like clean line art, then keep details age-appropriate and easy to print. If a preview looks too busy, remove extra objects and regenerate with fewer scene elements.

After generation, download PNG for digital coloring or PDF for print packs. For classroom use, test one page first, then keep the same prompt pattern for the rest of the set. For /prompt-generators/recraft-prompt-generator, this approach keeps quality consistent while reducing rewrite time each time you refresh content. You can also save successful prompt variations by age group so teams can launch new themed pages faster.

To improve outcomes over time, keep notes on which recraft prompt generator prompts produce the clearest outlines. Reuse those winning prompt styles for future pages, and adjust only subject details so each new sheet stays unique without losing readability, print quality, or family-safe tone.",Try This Generator,/create,Browse Library,/library,"Create a family-safe printable coloring page for Recraft Prompt Generator. Theme focus: recraft prompt generator. Use bold black outlines, white background, and clear open areas for coloring.",/static/images/programmatic/prompt-generators-recraft-prompt-generator-hero.png,Generate recraft prompt generator with family-safe prompt handling.|Produce clean outlines that print clearly on standard paper.|Download PNG and PDF files instantly for classroom or home use.,Can I use this for recraft prompt generator?::Yes. The workflow is optimized for printable line art and repeatable prompt quality.||How do I keep pages family-safe?::Use age-appropriate prompts and keep sensitive topics out of the request. Unsafe input is filtered.,published,"recraft prompt generator,prompt generators,coloring page prompts",2026-02-13T10:06:50.046939+00:00,generated,generated,recraft prompt generator,recraft prompt printable|recraft prompt for kids|free coloring pages|pdf coloring page download,"Explain how to use Recraft Prompt Generator quickly and safely, with practical steps and printable outcomes.",,4:5,,static/images/programmatic/prompt-generators-recraft-prompt-generator-hero.png,1c6b83b818af676ab42c849e871f4fb2e7c143ed985bee7218081d9d5d1c0456,readability-20260213-tools,2026-02-13T10:06:50.046939+00:00,,
tool,/generators/rainy-day-activities,generators-rainy-day-activities,Rainy Day Activities Generator,"Rainy Day Activities Generator on ColorfulMe. Create rainy day activities generator with family-safe prompts, clean printable outlines, and one-click PNG or.",Rainy Day Activities Generator,"Rainy Day Activities Generator helps you create rainy day activities generator in seconds using a guided, family-safe workflow. Use this page to get clear printable line art, practical prompt ideas, and export-ready files for school activities, home crafts, and quick print projects. Explain how to use Rainy Day Activities Generator quickly and safely, with practical steps and printable outcomes.","Rainy Day Activities Generator helps parents, teachers, and creators produce dependable rainy day activities generator pages with less editing. Use one clear subject, one scene, and a family-safe tone so the generated outline stays simple and printable. When prompts are focused, the result is cleaner line art with open spaces that are easier for kids to color.

This page covers popular searches such as rainy day printable, rainy day for kids, free coloring pages and gives you a repeatable flow for high-quality results. Start with a short style instruction like clean line art, then keep details age-appropriate and easy to print. If a preview looks too busy, remove extra objects and regenerate with fewer scene elements.

After generation, download PNG for digital coloring or PDF for print packs. For classroom use, test one page first, then keep the same prompt pattern for the rest of the set. For /generators/rainy-day-activities, this approach keeps quality consistent while reducing rewrite time each time you refresh content. You can also save successful prompt variations by age group so teams can launch new themed pages faster.

To improve outcomes over time, keep notes on which rainy day activities generator prompts produce the clearest outlines. Reuse those winning prompt styles for future pages, and adjust only subject details so each new sheet stays unique without losing readability, print quality, or family-safe tone.",Try This Generator,/create,Browse Library,/library,"Create a family-safe printable coloring page for Rainy Day Activities Generator. Theme focus: rainy day activities generator. Use bold black outlines, white background, and clear open areas for coloring.",/static/images/programmatic/generators-rainy-day-activities-hero.png,Generate rainy day activities generator with family-safe prompt handling.|Produce clean outlines that print clearly on standard paper.|Download PNG and PDF files instantly for classroom or home use.,Can I use this for rainy day activities generator?::Yes. The workflow is optimized for printable line art and repeatable prompt quality.||How do I keep pages family-safe?::Use age-appropriate prompts and keep sensitive topics out of the request. Unsafe input is filtered.,published,"rainy day activities,generators,indoor coloring pages",2026-02-13T10:06:50.052067+00:00,generated,generated,rainy day activities generator,rainy day printable|rainy day for kids|free coloring pages|pdf coloring page download,"Explain how to use Rainy Day Activities Generator quickly and safely, with practical steps and printable outcomes.",,4:5,,static/images/programmatic/generators-rainy-day-activities-hero.png,5310a84d2c39f2f0f91f93804bdb05ae769ce8010ecdf21c180c06e1697956f5,readability-20260213-tools,2026-02-13T10:06:50.052067+00:00,,
tool,/generators/classroom-activities,generators-classroom-activities,Classroom Activities Generator,"Classroom Activities Generator on ColorfulMe. Create classroom activities generator with family-safe prompts, clean printable outlines, and one-click PNG or.",Classroom Activities Generator,"Classroom Activities Generator helps you create classroom activities generator in seconds using a guided, family-safe workflow. Use this page to get clear printable line art, practical prompt ideas, and export-ready files for school activities, home crafts, and quick print projects. Explain how to use Classroom Activities Generator quickly and safely, with practical steps and printable outcomes.","Classroom Activities Generator helps parents, teachers, and creators produce dependable classroom activities generator pages with less editing. Use one clear subject, one scene, and a family-safe tone so the generated outline stays simple and printable. When prompts are focused, the result is cleaner line art with open spaces that are easier for kids to color.

This page covers popular searches such as classroom activities printable, classroom activities for kids, free coloring pages and gives you a repeatable flow for high-quality results. Start with a short style instruction like clean line art, then keep details age-appropriate and easy to print. If a preview looks too busy, remove extra objects and regenerate with fewer scene elements.

After generation, download PNG for digital coloring or PDF for print packs. For classroom use, test one page first, then keep the same prompt pattern for the rest of the set. For /generators/classroom-activities, this approach keeps quality consistent while reducing rewrite time each time you refresh content. You can also save successful prompt variations by age group so teams can launch new themed pages faster.

To improve outcomes over time, keep notes on which classroom activities generator prompts produce the clearest outlines. Reuse those winning prompt styles for future pages, and adjust only subject details so each new sheet stays unique without losing readability, print quality, or family-safe tone.",Try This Generator,/create,Browse Library,/library,"Create a family-safe printable coloring page for Classroom Activities Generator. Theme focus: classroom activities generator. Use bold black outlines, white background, and clear open areas for coloring.",/static/images/programmatic/generators-classroom-activities-hero.png,Generate classroom activities generator with family-safe prompt handling.|Produce clean outlines that print clearly on standard paper.|Download PNG and PDF files instantly for classroom or home use.,Can I use this for classroom activities generator?::Yes. The workflow is optimized for printable line art and repeatable prompt quality.||How do I keep pages family-safe?::Use age-appropriate prompts and keep sensitive topics out of the request. Unsafe input is filtered.,published,"classroom activities,generators,education coloring pages",2026-02-13T10:06:50.056724+00:00,generated,generated,classroom activities generator,classroom activities printable|classroom activities for kids|free coloring pages|pdf coloring page download,"Explain how to use Classroom Activities Generator quickly and safely, with practical steps and printable outcomes.",,4:5,,static/images/programmatic/generators-classroom-activities-hero.png,05f45be2c5bc9897dd9bbb493371585c0955dc0e659df9992e661ebdc99de1c1,readability-20260213-tools,2026-02-13T10:06:50.056724+00:00,,
page,/free-coloring-pages/for-kids,for-kids,Free Coloring Pages For Kids,"Free Coloring Pages For Kids on ColorfulMe. Create free coloring pages for kids with family-safe prompts, clean printable outlines, and one-click PNG or PDF.",Free Coloring Pages For Kids,"Free Coloring Pages For Kids helps you create free coloring pages for kids in seconds using a guided, family-safe workflow. Use this page to get clear printable line art, practical prompt ideas, and export-ready files for school activities, home crafts, and quick print projects. Provide helpful, family-safe information about Free Coloring Pages For Kids and direct users to create printable","Free Coloring Pages For Kids helps parents, teachers, and creators produce dependable free coloring pages for kids pages with less editing. Use one clear subject, one scene, and a family-safe tone so the generated outline stays simple and printable. When prompts are focused, the result is cleaner line art with open spaces that are easier for kids to color.

This page covers popular searches such as free coloring printable, free coloring for kids, free coloring pages and gives you a repeatable flow for high-quality results. Start with a short style instruction like clean line art, then keep details age-appropriate and easy to print. If a preview looks too busy, remove extra objects and regenerate with fewer scene elements.

After generation, download PNG for digital coloring or PDF for print packs. For classroom use, test one page first, then keep the same prompt pattern for the rest of the set. For /free-coloring-pages/for-kids, this approach keeps quality consistent while reducing rewrite time each time you refresh content. You can also save successful prompt variations by age group so teams can launch new themed pages faster.

To improve outcomes over time, keep notes on which free coloring pages for kids prompts produce the clearest outlines. Reuse those winning prompt styles for future pages, and adjust only subject details so each new sheet stays unique without losing readability, print quality, or family-safe tone.",Create Similar Page,/create,Browse Free Categories,/free-coloring-pages,"Create a family-safe printable coloring page for Free Coloring Pages For Kids. Theme focus: free coloring pages for kids. Use bold black outlines, white background, and clear open areas for coloring.",/static/images/programmatic/for-kids-hero.png,Generate free coloring pages for kids with family-safe prompt handling.|Produce clean outlines that print clearly on standard paper.|Download PNG and PDF files instantly for classroom or home use.,Can I use this for free coloring pages for kids?::Yes. The workflow is optimized for printable line art and repeatable prompt quality.||How do I keep pages family-safe?::Use age-appropriate prompts and keep sensitive topics out of the request. Unsafe input is filtered.,published,"free coloring pages,kids coloring pages,printable coloring pages",2026-02-13T10:04:23.701260+00:00,generated,generated,free coloring pages for kids,free coloring printable|free coloring for kids|free coloring pages|pdf coloring page download,"Provide helpful, family-safe information about Free Coloring Pages For Kids and direct users to create printable pages.",,4:5,,static/images/programmatic/for-kids-hero.png,074ec043ecd1c36227f9883841233ca62b4ef3380053aea1c31c9442b9f2ab18,readability-20260213,2026-02-13T10:04:23.701260+00:00,,
page,/free-coloring-pages/for-teens,for-teens,Free Coloring Pages For Teens,"Free Coloring Pages For Teens on ColorfulMe. Create free coloring pages for teens with family-safe prompts, clean printable outlines, and one-click PNG or PDF.",Free Coloring Pages For Teens,"Free Coloring Pages For Teens helps you create free coloring pages for teens in seconds using a guided, family-safe workflow. Use this page to get clear printable line art, practical prompt ideas, and export-ready files for school activities, home crafts, and quick print projects. Provide helpful, family-safe information about Free Coloring Pages For Teens and direct users to create printable","Free Coloring Pages For Teens helps parents, teachers, and creators produce dependable free coloring pages for teens pages with less editing. Use one clear subject, one scene, and a family-safe tone so the generated outline stays simple and printable. When prompts are focused, the result is cleaner line art with open spaces that are easier for kids to color.

This page covers popular searches such as free coloring printable, free coloring for kids, free coloring pages and gives you a repeatable flow for high-quality results. Start with a short style instruction like clean line art, then keep details age-appropriate and easy to print. If a preview looks too busy, remove extra objects and regenerate with fewer scene elements.

After generation, download PNG for digital coloring or PDF for print packs. For classroom use, test one page first, then keep the same prompt pattern for the rest of the set. For /free-coloring-pages/for-teens, this approach keeps quality consistent while reducing rewrite time each time you refresh content. You can also save successful prompt variations by age group so teams can launch new themed pages faster.

To improve outcomes over time, keep notes on which free coloring pages for teens prompts produce the clearest outlines. Reuse those winning prompt styles for future pages, and adjust only subject details so each new sheet stays unique without losing readability, print quality, or family-safe tone.",Create Similar Page,/create,Browse Free Categories,/free-coloring-pages,"Create a family-safe printable coloring page for Free Coloring Pages For Teens. Theme focus: free coloring pages for teens. Use bold black outlines, white background, and clear open areas for coloring.",/static/images/programmatic/for-teens-hero.png,Generate free coloring pages for teens with family-safe prompt handling.|Produce clean outlines that print clearly on standard paper.|Download PNG and PDF files instantly for classroom or home use.,Can I use this for free coloring pages for teens?::Yes. The workflow is optimized for printable line art and repeatable prompt quality.||How do I keep pages family-safe?::Use age-appropriate prompts and keep sensitive topics out of the request. Unsafe input is filtered.,published,"free coloring pages,teens coloring pages,printable coloring pages",2026-02-13T10:04:23.716412+00:00,generated,generated,free coloring pages for teens,free coloring printable|free coloring for kids|free coloring pages|pdf coloring page download,"Provide helpful, family-safe information about Free Coloring Pages For Teens and direct users to create printable pages.",,4:5,,static/images/programmatic/for-teens-hero.png,d56544846cddfb307cefe6a8a59f4d2589350087c4a888365e5eb7ddb90ab925,readability-20260213,2026-02-13T10:04:23.716412+00:00,,
page,/free-coloring-pages/for-adults,for-adults,Free Coloring Pages For Adults,"Free Coloring Pages For Adults on ColorfulMe. Create free coloring pages for adults with family-safe prompts, clean printable outlines, and one-click PNG or.",Free Coloring Pages For Adults,"Free Coloring Pages For Adults helps you create free coloring pages for adults in seconds using a guided, family-safe workflow. Use this page to get clear printable line art, practical prompt ideas, and export-ready files for school activities, home crafts, and quick print projects. Provide helpful, family-safe information about Free Coloring Pages For Adults and direct users to create printable","Free Coloring Pages For Adults helps parents, teachers, and creators produce dependable free coloring pages for adults pages with less editing. Use one clear subject, one scene, and a family-safe tone so the generated outline stays simple and printable. When prompts are focused, the result is cleaner line art with open spaces that are easier for kids to color.

This page covers popular searches such as free coloring printable, free coloring for kids, free coloring pages and gives you a repeatable flow for high-quality results. Start with a short style instruction like clean line art, then keep details age-appropriate and easy to print. If a preview looks too busy, remove extra objects and regenerate with fewer scene elements.

After generation, download PNG for digital coloring or PDF for print packs. For classroom use, test one page first, then keep the same prompt pattern for the rest of the set. For /free-coloring-pages/for-adults, this approach keeps quality consistent while reducing rewrite time each time you refresh content. You can also save successful prompt variations by age group so teams can launch new themed pages faster.

To improve outcomes over time, keep notes on which free coloring pages for adults prompts produce the clearest outlines. Reuse those winning prompt styles for future pages, and adjust only subject details so each new sheet stays unique without losing readability, print quality, or family-safe tone.",Create Similar Page,/create,Browse Free Categories,/free-coloring-pages,"Create a family-safe printable coloring page for Free Coloring Pages For Adults. Theme focus: free coloring pages for adults. Use bold black outlines, white background, and clear open areas for coloring.",/static/images/programmatic/for-adults-hero.png,Generate free coloring pages for adults with family-safe prompt handling.|Produce clean outlines that print clearly on standard paper.|Download PNG and PDF files instantly for classroom or home use.,Can I use this for free coloring pages for adults?::Yes. The workflow is optimized for printable line art and repeatable prompt quality.||How do I keep pages family-safe?::Use age-appropriate prompts and keep sensitive topics out of the request. Unsafe input is filtered.,published,"free coloring pages,adults coloring pages,printable coloring pages",2026-02-13T10:04:23.724286+00:00,generated,generated,free coloring pages for adults,free coloring printable|free coloring for kids|free coloring pages|pdf coloring page download,"Provide helpful, family-safe information about Free Coloring Pages For Adults and direct users to create printable pages.",,4:5,,static/images/programmatic/for-adults-hero.png,f5debf253763cd0a0079c161f31f88c4dbd31631ebd2311226591065b0eb8613,readability-20260213,2026-02-13T10:04:23.724286+00:00,,
page,/free-coloring-pages/for-seniors,for-seniors,Free Coloring Pages For Seniors,"Free Coloring Pages For Seniors on ColorfulMe. Create free coloring pages for seniors with family-safe prompts, clean printable outlines, and one-click PNG or.",Free Coloring Pages For Seniors,"Free Coloring Pages For Seniors helps you create free coloring pages for seniors in seconds using a guided, family-safe workflow. Use this page to get clear printable line art, practical prompt ideas, and export-ready files for school activities, home crafts, and quick print projects. Provide helpful, family-safe information about Free Coloring Pages For Seniors and direct users to create printable","Free Coloring Pages For Seniors helps parents, teachers, and creators produce dependable free coloring pages for seniors pages with less editing. Use one clear subject, one scene, and a family-safe tone so the generated outline stays simple and printable. When prompts are focused, the result is cleaner line art with open spaces that are easier for kids to color.

This page covers popular searches such as free coloring printable, free coloring for kids, free coloring pages and gives you a repeatable flow for high-quality results. Start with a short style instruction like clean line art, then keep details age-appropriate and easy to print. If a preview looks too busy, remove extra objects and regenerate with fewer scene elements.

After generation, download PNG for digital coloring or PDF for print packs. For classroom use, test one page first, then keep the same prompt pattern for the rest of the set. For /free-coloring-pages/for-seniors, this approach keeps quality consistent while reducing rewrite time each time you refresh content. You can also save successful prompt variations by age group so teams can launch new themed pages faster.

To improve outcomes over time, keep notes on which free coloring pages for seniors prompts produce the clearest outlines. Reuse those winning prompt styles for future pages, and adjust only subject details so each new sheet stays unique without losing readability, print quality, or family-safe tone.",Create Similar Page,/create,Browse Free Categories,/free-coloring-pages,"Create a family-safe printable coloring page for Free Coloring Pages For Seniors. Theme focus: free coloring pages for seniors. Use bold black outlines, white background, and clear open areas for coloring.",/static/images/programmatic/for-seniors-hero.png,Generate free coloring pages for seniors with family-safe prompt handling.|Produce clean outlines that print clearly on standard paper.|Download PNG and PDF files instantly for classroom or home use.,Can I use this for free coloring pages for seniors?::Yes. The workflow is optimized for printable line art and repeatable prompt quality.||How do I keep pages family-safe?::Use age-appropriate prompts and keep sensitive topics out of the request. Unsafe input is filtered.,published,"free coloring pages,seniors coloring pages,printable coloring pages",2026-02-13T10:04:23.730160+00:00,generated,generated,free coloring pages for seniors,free coloring printable|free coloring for kids|free coloring pages|pdf coloring page download,"Provide helpful, family-safe information about Free Coloring Pages For Seniors and direct users to create printable pages.",,4:5,,static/images/programmatic/for-seniors-hero.png,d2c140bfcd876a4d0509a14e90d7c446e58dbbf1041246413d07d330e8e0ffd7,readability-20260213,2026-02-13T10:04:23.730160+00:00,,
page,/free-coloring-pages/for-toddlers,for-toddlers,Free Coloring Pages For Toddlers,"Free Coloring Pages For Toddlers on ColorfulMe. Create free coloring pages for toddlers with family-safe prompts, clean printable outlines, and one-click PNG.",Free Coloring Pages For Toddlers,"Free Coloring Pages For Toddlers helps you create free coloring pages for toddlers in seconds using a guided, family-safe workflow. Use this page to get clear printable line art, practical prompt ideas, and export-ready files for school activities, home crafts, and quick print projects. Provide helpful, family-safe information about Free Coloring Pages For Toddlers and direct users to create printable","Free Coloring Pages For Toddlers helps parents, teachers, and creators produce dependable free coloring pages for toddlers pages with less editing. Use one clear subject, one scene, and a family-safe tone so the generated outline stays simple and printable. When prompts are focused, the result is cleaner line art with open spaces that are easier for kids to color.

This page covers popular searches such as free coloring printable, free coloring for kids, free coloring pages and gives you a repeatable flow for high-quality results. Start with a short style instruction like clean line art, then keep details age-appropriate and easy to print. If a preview looks too busy, remove extra objects and regenerate with fewer scene elements.

After generation, download PNG for digital coloring or PDF for print packs. For classroom use, test one page first, then keep the same prompt pattern for the rest of the set. For /free-coloring-pages/for-toddlers, this approach keeps quality consistent while reducing rewrite time each time you refresh content. You can also save successful prompt variations by age group so teams can launch new themed pages faster.

To improve outcomes over time, keep notes on which free coloring pages for toddlers prompts produce the clearest outlines. Reuse those winning prompt styles for future pages, and adjust only subject details so each new sheet stays unique without losing readability, print quality, or family-safe tone.",Create Similar Page,/create,Browse Free Categories,/free-coloring-pages,"Create a family-safe printable coloring page for Free Coloring Pages For Toddlers. Theme focus: free coloring pages for toddlers. Use bold black outlines, white background, and clear open areas for coloring.",/static/images/programmatic/for-toddlers-hero.png,Generate free coloring pages for toddlers with family-safe prompt handling.|Produce clean outlines that print clearly on standard paper.|Download PNG and PDF files instantly for classroom or home use.,Can I use this for free coloring pages for toddlers?::Yes. The workflow is optimized for printable line art and repeatable prompt quality.||How do I keep pages family-safe?::Use age-appropriate prompts and keep sensitive topics out of the request. Unsafe input is filtered.,published,"free coloring pages,toddlers coloring pages,printable coloring pages",2026-02-13T10:04:23.754426+00:00,generated,generated,free coloring pages for toddlers,free coloring printable|free coloring for kids|free coloring pages|pdf coloring page download,"Provide helpful, family-safe information about Free Coloring Pages For Toddlers and direct users to create printable pages.",,4:5,,static/images/programmatic/for-toddlers-hero.png,f179e1a1efae095b1c973700b6b6d38389355ae93975b32412a9b46c290a9328,readability-20260213,2026-02-13T10:04:23.754426+00:00,,
page,/free-coloring-pages/for-preschoolers,for-preschoolers,Free Coloring Pages For Preschoolers,"Free Coloring Pages For Preschoolers on ColorfulMe. Create free coloring pages for preschoolers with family-safe prompts, clean printable outlines, and.",Free Coloring Pages For Preschoolers,"Free Coloring Pages For Preschoolers helps you create free coloring pages for preschoolers in seconds using a guided, family-safe workflow. Use this page to get clear printable line art, practical prompt ideas, and export-ready files for school activities, home crafts, and quick print projects. Provide helpful, family-safe information about Free Coloring Pages For Preschoolers and direct users to create printable","Free Coloring Pages For Preschoolers helps parents, teachers, and creators produce dependable free coloring pages for preschoolers pages with less editing. Use one clear subject, one scene, and a family-safe tone so the generated outline stays simple and printable. When prompts are focused, the result is cleaner line art with open spaces that are easier for kids to color.

This page covers popular searches such as free coloring printable, free coloring for kids, free coloring pages and gives you a repeatable flow for high-quality results. Start with a short style instruction like clean line art, then keep details age-appropriate and easy to print. If a preview looks too busy, remove extra objects and regenerate with fewer scene elements.

After generation, download PNG for digital coloring or PDF for print packs. For classroom use, test one page first, then keep the same prompt pattern for the rest of the set. For /free-coloring-pages/for-preschoolers, this approach keeps quality consistent while reducing rewrite time each time you refresh content. You can also save successful prompt variations by age group so teams can launch new themed pages faster.

To improve outcomes over time, keep notes on which free coloring pages for preschoolers prompts produce the clearest outlines. Reuse those winning prompt styles for future pages, and adjust only subject details so each new sheet stays unique without losing readability, print quality, or family-safe tone.",Create Similar Page,/create,Browse Free Categories,/free-coloring-pages,"Create a family-safe printable coloring page for Free Coloring Pages For Preschoolers. Theme focus: free coloring pages for preschoolers. Use bold black outlines, white background, and clear open areas for coloring.",/static/images/programmatic/for-preschoolers-hero.png,Generate free coloring pages for preschoolers with family-safe prompt handling.|Produce clean outlines that print clearly on standard paper.|Download PNG and PDF files instantly for classroom or home use.,Can I use this for free coloring pages for preschoolers?::Yes. The workflow is optimized for printable line art and repeatable prompt quality.||How do I keep pages family-safe?::Use age-appropriate prompts and keep sensitive topics out of the request. Unsafe input is filtered.,published,"free coloring pages,preschoolers coloring pages,printable coloring pages",2026-02-13T10:04:23.784850+00:00,generated,generated,free coloring pages for preschoolers,free coloring printable|free coloring for kids|free coloring pages|pdf coloring page download,"Provide helpful, family-safe information about Free Coloring Pages For Preschoolers and direct users to create printable pages.",,4:5,,static/images/programmatic/for-preschoolers-hero.png,d89c09b59d36571cc404744af44ca64d3b5c422e66939029a2806d8c6f132b05,readability-20260213,2026-02-13T10:04:23.784850+00:00,,
page,/free-coloring-pages/for-tweens,for-tweens,Free Coloring Pages For Tweens,"Free Coloring Pages For Tweens on ColorfulMe. Create free coloring pages for tweens with family-safe prompts, clean printable outlines, and one-click PNG or.",Free Coloring Pages For Tweens,"Free Coloring Pages For Tweens helps you create free coloring pages for tweens in seconds using a guided, family-safe workflow. Use this page to get clear printable line art, practical prompt ideas, and export-ready files for school activities, home crafts, and quick print projects. Provide helpful, family-safe information about Free Coloring Pages For Tweens and direct users to create printable","Free Coloring Pages For Tweens helps parents, teachers, and creators produce dependable free coloring pages for tweens pages with less editing. Use one clear subject, one scene, and a family-safe tone so the generated outline stays simple and printable. When prompts are focused, the result is cleaner line art with open spaces that are easier for kids to color.

This page covers popular searches such as free coloring printable, free coloring for kids, free coloring pages and gives you a repeatable flow for high-quality results. Start with a short style instruction like clean line art, then keep details age-appropriate and easy to print. If a preview looks too busy, remove extra objects and regenerate with fewer scene elements.

After generation, download PNG for digital coloring or PDF for print packs. For classroom use, test one page first, then keep the same prompt pattern for the rest of the set. For /free-coloring-pages/for-tweens, this approach keeps quality consistent while reducing rewrite time each time you refresh content. You can also save successful prompt variations by age group so teams can launch new themed pages faster.

To improve outcomes over time, keep notes on which free coloring pages for tweens prompts produce the clearest outlines. Reuse those winning prompt styles for future pages, and adjust only subject details so each new sheet stays unique without losing readability, print quality, or family-safe tone.",Create Similar Page,/create,Browse Free Categories,/free-coloring-pages,"Create a family-safe printable coloring page for Free Coloring Pages For Tweens. Theme focus: free coloring pages for tweens. Use bold black outlines, white background, and clear open areas for coloring.",/static/images/programmatic/for-tweens-hero.png,Generate free coloring pages for tweens with family-safe prompt handling.|Produce clean outlines that print clearly on standard paper.|Download PNG and PDF files instantly for classroom or home use.,Can I use this for free coloring pages for tweens?::Yes. The workflow is optimized for printable line art and repeatable prompt quality.||How do I keep pages family-safe?::Use age-appropriate prompts and keep sensitive topics out of the request. Unsafe input is filtered.,published,"free coloring pages,tweens coloring pages,printable coloring pages",2026-02-13T10:04:23.823945+00:00,generated,generated,free coloring pages for tweens,free coloring printable|free coloring for kids|free coloring pages|pdf coloring page download,"Provide helpful, family-safe information about Free Coloring Pages For Tweens and direct users to create printable pages.",,4:5,,static/images/programmatic/for-tweens-hero.png,800c750eeaadfc20be0c9c1bdbf465d058dba47e0a544d05bcb247b25f75d2f8,readability-20260213,2026-02-13T10:04:23.823945+00:00,,
page,/free-coloring-pages/alice-in-wonderland-coloring-pages,alice-in-wonderland-coloring-pages,Free Alice In Wonderland Coloring Pages,"Free Alice In Wonderland Coloring Pages on ColorfulMe. Create free alice in wonderland coloring pages with family-safe prompts, clean printable outlines, and.",Free Alice In Wonderland Coloring Pages,"Free Alice In Wonderland Coloring Pages helps you create free alice in wonderland coloring pages in seconds using a guided, family-safe workflow. Use this page to get clear printable line art, practical prompt ideas, and export-ready files for school activities, home crafts, and quick print projects. Provide helpful, family-safe information about Free Alice In Wonderland Coloring Pages and direct users","Free Alice In Wonderland Coloring Pages helps parents, teachers, and creators produce dependable free alice in wonderland coloring pages pages with less editing. Use one clear subject, one scene, and a family-safe tone so the generated outline stays simple and printable. When prompts are focused, the result is cleaner line art with open spaces that are easier for kids to color.

This page covers popular searches such as free alice printable, free alice for kids, free coloring pages and gives you a repeatable flow for high-quality results. Start with a short style instruction like clean line art, then keep details age-appropriate and easy to print. If a preview looks too busy, remove extra objects and regenerate with fewer scene elements.

After generation, download PNG for digital coloring or PDF for print packs. For classroom use, test one page first, then keep the same prompt pattern for the rest of the set. For /free-coloring-pages/alice-in-wonderland-coloring-pages, this approach keeps quality consistent while reducing rewrite time each time you refresh content. You can also save successful prompt variations by age group so teams can launch new themed pages faster.

To improve outcomes over time, keep notes on which free alice in wonderland coloring pages prompts produce the clearest outlines. Reuse those winning prompt styles for future pages, and adjust only subject details so each new sheet stays unique without losing readability, print quality, or family-safe tone.",Create Similar Page,/create,Browse Free Categories,/free-coloring-pages,"Create a family-safe printable coloring page for Free Alice In Wonderland Coloring Pages. Theme focus: free alice in wonderland coloring pages. Use bold black outlines, white background, and clear open areas for coloring.",/static/images/programmatic/alice-in-wonderland-coloring-pages-hero.png,Generate free alice in wonderland coloring pages with family-safe prompt handling.|Produce clean outlines that print clearly on standard paper.|Download PNG and PDF files instantly for classroom or home use.,Can I use this for free alice in wonderland coloring pages?::Yes. The workflow is optimized for printable line art and repeatable prompt quality.||How do I keep pages family-safe?::Use age-appropriate prompts and keep sensitive topics out of the request. Unsafe input is filtered.,published,"free alice in wonderland coloring pages,alice in wonderland coloring pages,printable coloring pages",2026-02-13T10:04:23.827413+00:00,generated,generated,free alice in wonderland coloring pages,free alice printable|free alice for kids|free coloring pages|pdf coloring page download,"Provide helpful, family-safe information about Free Alice In Wonderland Coloring Pages and direct users to create printable pages.",,4:5,,static/images/programmatic/alice-in-wonderland-coloring-pages-hero.png,66eb91f7ba91919a25675df36355d19b2464530bb6594fc2df3f5650c212a900,readability-20260213,2026-02-13T10:04:23.827413+00:00,,
page,/free-coloring-pages/animal-coloring-pages,animal-coloring-pages,Free Animal Coloring Pages,"Free Animal Coloring Pages on ColorfulMe. Create free animal coloring pages with family-safe prompts, clean printable outlines, and one-click PNG or PDF.",Free Animal Coloring Pages,"Free Animal Coloring Pages helps you create free animal coloring pages in seconds using a guided, family-safe workflow. Use this page to get clear printable line art, practical prompt ideas, and export-ready files for school activities, home crafts, and quick print projects. Provide helpful, family-safe information about Free Animal Coloring Pages and direct users to create printable pages.","Free Animal Coloring Pages helps parents, teachers, and creators produce dependable free animal coloring pages pages with less editing. Use one clear subject, one scene, and a family-safe tone so the generated outline stays simple and printable. When prompts are focused, the result is cleaner line art with open spaces that are easier for kids to color.

This page covers popular searches such as free animal printable, free animal for kids, free coloring pages and gives you a repeatable flow for high-quality results. Start with a short style instruction like clean line art, then keep details age-appropriate and easy to print. If a preview looks too busy, remove extra objects and regenerate with fewer scene elements.

After generation, download PNG for digital coloring or PDF for print packs. For classroom use, test one page first, then keep the same prompt pattern for the rest of the set. For /free-coloring-pages/animal-coloring-pages, this approach keeps quality consistent while reducing rewrite time each time you refresh content. You can also save successful prompt variations by age group so teams can launch new themed pages faster.

To improve outcomes over time, keep notes on which free animal coloring pages prompts produce the clearest outlines. Reuse those winning prompt styles for future pages, and adjust only subject details so each new sheet stays unique without losing readability, print quality, or family-safe tone.",Create Similar Page,/create,Browse Free Categories,/free-coloring-pages,"Create a family-safe printable coloring page for Free Animal Coloring Pages. Theme focus: free animal coloring pages. Use bold black outlines, white background, and clear open areas for coloring.",/static/images/programmatic/animal-coloring-pages-hero.png,Generate free animal coloring pages with family-safe prompt handling.|Produce clean outlines that print clearly on standard paper.|Download PNG and PDF files instantly for classroom or home use.,Can I use this for free animal coloring pages?::Yes. The workflow is optimized for printable line art and repeatable prompt quality.||How do I keep pages family-safe?::Use age-appropriate prompts and keep sensitive topics out of the request. Unsafe input is filtered.,published,"free animal coloring pages,animal coloring pages,printable coloring pages",2026-02-13T10:04:23.838096+00:00,generated,generated,free animal coloring pages,free animal printable|free animal for kids|free coloring pages|pdf coloring page download,"Provide helpful, family-safe information about Free Animal Coloring Pages and direct users to create printable pages.",,4:5,,static/images/programmatic/animal-coloring-pages-hero.png,b7c0f58e6e712578bd079875a392e70a38310af35b94e0c27e890aec6afb45d6,readability-20260213,2026-02-13T10:04:23.838096+00:00,,
page,/free-coloring-pages/anime-coloring-pages,anime-coloring-pages,Free Anime Coloring Pages,"Free Anime Coloring Pages on ColorfulMe. Create free anime coloring pages with family-safe prompts, clean printable outlines, and one-click PNG or PDF.",Free Anime Coloring Pages,"Free Anime Coloring Pages helps you create free anime coloring pages in seconds using a guided, family-safe workflow. Use this page to get clear printable line art, practical prompt ideas, and export-ready files for school activities, home crafts, and quick print projects. Provide helpful, family-safe information about Free Anime Coloring Pages and direct users to create printable pages.","Free Anime Coloring Pages helps parents, teachers, and creators produce dependable free anime coloring pages pages with less editing. Use one clear subject, one scene, and a family-safe tone so the generated outline stays simple and printable. When prompts are focused, the result is cleaner line art with open spaces that are easier for kids to color.

This page covers popular searches such as free anime printable, free anime for kids, free coloring pages and gives you a repeatable flow for high-quality results. Start with a short style instruction like clean line art, then keep details age-appropriate and easy to print. If a preview looks too busy, remove extra objects and regenerate with fewer scene elements.

After generation, download PNG for digital coloring or PDF for print packs. For classroom use, test one page first, then keep the same prompt pattern for the rest of the set. For /free-coloring-pages/anime-coloring-pages, this approach keeps quality consistent while reducing rewrite time each time you refresh content. You can also save successful prompt variations by age group so teams can launch new themed pages faster.

To improve outcomes over time, keep notes on which free anime coloring pages prompts produce the clearest outlines. Reuse those winning prompt styles for future pages, and adjust only subject details so each new sheet stays unique without losing readability, print quality, or family-safe tone.",Create Similar Page,/create,Browse Free Categories,/free-coloring-pages,"Create a family-safe printable coloring page for Free Anime Coloring Pages. Theme focus: free anime coloring pages. Use bold black outlines, white background, and clear open areas for coloring.",/static/images/programmatic/anime-coloring-pages-hero.png,Generate free anime coloring pages with family-safe prompt handling.|Produce clean outlines that print clearly on standard paper.|Download PNG and PDF files instantly for classroom or home use.,Can I use this for free anime coloring pages?::Yes. The workflow is optimized for printable line art and repeatable prompt quality.||How do I keep pages family-safe?::Use age-appropriate prompts and keep sensitive topics out of the request. Unsafe input is filtered.,published,"free anime coloring pages,anime coloring pages,printable coloring pages",2026-02-13T10:04:23.885885+00:00,generated,generated,free anime coloring pages,free anime printable|free anime for kids|free coloring pages|pdf coloring page download,"Provide helpful, family-safe information about Free Anime Coloring Pages and direct users to create printable pages.",,4:5,,static/images/programmatic/anime-coloring-pages-hero.png,81e7515b6de17705abdf5a649d6320dd75865364700481e2894ae6277b5c7f5d,readability-20260213,2026-02-13T10:04:23.885885+00:00,,
page,/free-coloring-pages/avengers-coloring-pages,avengers-coloring-pages,Free Avengers Coloring Pages,"Free Avengers Coloring Pages on ColorfulMe. Create free avengers coloring pages with family-safe prompts, clean printable outlines, and one-click PNG or PDF.",Free Avengers Coloring Pages,"Free Avengers Coloring Pages helps you create free avengers coloring pages in seconds using a guided, family-safe workflow. Use this page to get clear printable line art, practical prompt ideas, and export-ready files for school activities, home crafts, and quick print projects. Provide helpful, family-safe information about Free Avengers Coloring Pages and direct users to create printable pages.","Free Avengers Coloring Pages helps parents, teachers, and creators produce dependable free avengers coloring pages pages with less editing. Use one clear subject, one scene, and a family-safe tone so the generated outline stays simple and printable. When prompts are focused, the result is cleaner line art with open spaces that are easier for kids to color.

This page covers popular searches such as free avengers printable, free avengers for kids, free coloring pages and gives you a repeatable flow for high-quality results. Start with a short style instruction like clean line art, then keep details age-appropriate and easy to print. If a preview looks too busy, remove extra objects and regenerate with fewer scene elements.

After generation, download PNG for digital coloring or PDF for print packs. For classroom use, test one page first, then keep the same prompt pattern for the rest of the set. For /free-coloring-pages/avengers-coloring-pages, this approach keeps quality consistent while reducing rewrite time each time you refresh content. You can also save successful prompt variations by age group so teams can launch new themed pages faster.

To improve outcomes over time, keep notes on which free avengers coloring pages prompts produce the clearest outlines. Reuse those winning prompt styles for future pages, and adjust only subject details so each new sheet stays unique without losing readability, print quality, or family-safe tone.",Create Similar Page,/create,Browse Free Categories,/free-coloring-pages,"Create a family-safe printable coloring page for Free Avengers Coloring Pages. Theme focus: free avengers coloring pages. Use bold black outlines, white background, and clear open areas for coloring.",/static/images/programmatic/avengers-coloring-pages-hero.png,Generate free avengers coloring pages with family-safe prompt handling.|Produce clean outlines that print clearly on standard paper.|Download PNG and PDF files instantly for classroom or home use.,Can I use this for free avengers coloring pages?::Yes. The workflow is optimized for printable line art and repeatable prompt quality.||How do I keep pages family-safe?::Use age-appropriate prompts and keep sensitive topics out of the request. Unsafe input is filtered.,published,"free avengers coloring pages,avengers coloring pages,printable coloring pages",2026-02-13T10:04:23.933336+00:00,generated,generated,free avengers coloring pages,free avengers printable|free avengers for kids|free coloring pages|pdf coloring page download,"Provide helpful, family-safe information about Free Avengers Coloring Pages and direct users to create printable pages.",,4:5,,static/images/programmatic/avengers-coloring-pages-hero.png,4ab7a8486077abc17d2a4edd69a6ea2abd0a0757abab1ac193a0a59afd9545e3,readability-20260213,2026-02-13T10:04:23.933336+00:00,,
page,/free-coloring-pages/axolotl-coloring-pages,axolotl-coloring-pages,Free Axolotl Coloring Pages,"Free Axolotl Coloring Pages on ColorfulMe. Create free axolotl coloring pages with family-safe prompts, clean printable outlines, and one-click PNG or PDF.",Free Axolotl Coloring Pages,"Free Axolotl Coloring Pages helps you create free axolotl coloring pages in seconds using a guided, family-safe workflow. Use this page to get clear printable line art, practical prompt ideas, and export-ready files for school activities, home crafts, and quick print projects. Provide helpful, family-safe information about Free Axolotl Coloring Pages and direct users to create printable pages.","Free Axolotl Coloring Pages helps parents, teachers, and creators produce dependable free axolotl coloring pages pages with less editing. Use one clear subject, one scene, and a family-safe tone so the generated outline stays simple and printable. When prompts are focused, the result is cleaner line art with open spaces that are easier for kids to color.

This page covers popular searches such as free axolotl printable, free axolotl for kids, free coloring pages and gives you a repeatable flow for high-quality results. Start with a short style instruction like clean line art, then keep details age-appropriate and easy to print. If a preview looks too busy, remove extra objects and regenerate with fewer scene elements.

After generation, download PNG for digital coloring or PDF for print packs. For classroom use, test one page first, then keep the same prompt pattern for the rest of the set. For /free-coloring-pages/axolotl-coloring-pages, this approach keeps quality consistent while reducing rewrite time each time you refresh content. You can also save successful prompt variations by age group so teams can launch new themed pages faster.

To improve outcomes over time, keep notes on which free axolotl coloring pages prompts produce the clearest outlines. Reuse those winning prompt styles for future pages, and adjust only subject details so each new sheet stays unique without losing readability, print quality, or family-safe tone.",Create Similar Page,/create,Browse Free Categories,/free-coloring-pages,"Create a family-safe printable coloring page for Free Axolotl Coloring Pages. Theme focus: free axolotl coloring pages. Use bold black outlines, white background, and clear open areas for coloring.",/static/images/programmatic/axolotl-coloring-pages-hero.png,Generate free axolotl coloring pages with family-safe prompt handling.|Produce clean outlines that print clearly on standard paper.|Download PNG and PDF files instantly for classroom or home use.,Can I use this for free axolotl coloring pages?::Yes. The workflow is optimized for printable line art and repeatable prompt quality.||How do I keep pages family-safe?::Use age-appropriate prompts and keep sensitive topics out of the request. Unsafe input is filtered.,published,"free axolotl coloring pages,axolotl coloring pages,printable coloring pages",2026-02-13T10:04:23.949142+00:00,generated,generated,free axolotl coloring pages,free axolotl printable|free axolotl for kids|free coloring pages|pdf coloring page download,"Provide helpful, family-safe information about Free Axolotl Coloring Pages and direct users to create printable pages.",,4:5,,static/images/programmatic/axolotl-coloring-pages-hero.png,fc402e085f991b8629f287cc80d4974958715f41243d67340951cc631caece13,readability-20260213,2026-02-13T10:04:23.949142+00:00,,
page,/free-coloring-pages/baby-coloring-pages,baby-coloring-pages,Free Baby Coloring Pages,"Free Baby Coloring Pages on ColorfulMe. Create free baby coloring pages with family-safe prompts, clean printable outlines, and one-click PNG or PDF downloads.",Free Baby Coloring Pages,"Free Baby Coloring Pages helps you create free baby coloring pages in seconds using a guided, family-safe workflow. Use this page to get clear printable line art, practical prompt ideas, and export-ready files for school activities, home crafts, and quick print projects. Provide helpful, family-safe information about Free Baby Coloring Pages and direct users to create printable pages.","Free Baby Coloring Pages helps parents, teachers, and creators produce dependable free baby coloring pages pages with less editing. Use one clear subject, one scene, and a family-safe tone so the generated outline stays simple and printable. When prompts are focused, the result is cleaner line art with open spaces that are easier for kids to color.

This page covers popular searches such as free baby printable, free baby for kids, free coloring pages and gives you a repeatable flow for high-quality results. Start with a short style instruction like clean line art, then keep details age-appropriate and easy to print. If a preview looks too busy, remove extra objects and regenerate with fewer scene elements.

After generation, download PNG for digital coloring or PDF for print packs. For classroom use, test one page first, then keep the same prompt pattern for the rest of the set. For /free-coloring-pages/baby-coloring-pages, this approach keeps quality consistent while reducing rewrite time each time you refresh content. You can also save successful prompt variations by age group so teams can launch new themed pages faster.

To improve outcomes over time, keep notes on which free baby coloring pages prompts produce the clearest outlines. Reuse those winning prompt styles for future pages, and adjust only subject details so each new sheet stays unique without losing readability, print quality, or family-safe tone.",Create Similar Page,/create,Browse Free Categories,/free-coloring-pages,"Create a family-safe printable coloring page for Free Baby Coloring Pages. Theme focus: free baby coloring pages. Use bold black outlines, white background, and clear open areas for coloring.",/static/images/programmatic/baby-coloring-pages-hero.png,Generate free baby coloring pages with family-safe prompt handling.|Produce clean outlines that print clearly on standard paper.|Download PNG and PDF files instantly for classroom or home use.,Can I use this for free baby coloring pages?::Yes. The workflow is optimized for printable line art and repeatable prompt quality.||How do I keep pages family-safe?::Use age-appropriate prompts and keep sensitive topics out of the request. Unsafe input is filtered.,published,"free baby coloring pages,baby coloring pages,printable coloring pages",2026-02-13T10:04:23.952906+00:00,generated,generated,free baby coloring pages,free baby printable|free baby for kids|free coloring pages|pdf coloring page download,"Provide helpful, family-safe information about Free Baby Coloring Pages and direct users to create printable pages.",,4:5,,static/images/programmatic/baby-coloring-pages-hero.png,ad9b8be51ebd72f7077d5d9f202dfe172a94f4a428a6c2808486a4710cad87cc,readability-20260213,2026-02-13T10:04:23.952906+00:00,,
page,/free-coloring-pages/baby-yoda-coloring-pages,baby-yoda-coloring-pages,Free Baby Yoda Coloring Pages,"Free Baby Yoda Coloring Pages on ColorfulMe. Create free baby yoda coloring pages with family-safe prompts, clean printable outlines, and one-click PNG or PDF.",Free Baby Yoda Coloring Pages,"Free Baby Yoda Coloring Pages helps you create free baby yoda coloring pages in seconds using a guided, family-safe workflow. Use this page to get clear printable line art, practical prompt ideas, and export-ready files for school activities, home crafts, and quick print projects. Provide helpful, family-safe information about Free Baby Yoda Coloring Pages and direct users to create printable","Free Baby Yoda Coloring Pages helps parents, teachers, and creators produce dependable free baby yoda coloring pages pages with less editing. Use one clear subject, one scene, and a family-safe tone so the generated outline stays simple and printable. When prompts are focused, the result is cleaner line art with open spaces that are easier for kids to color.

This page covers popular searches such as free baby printable, free baby for kids, free coloring pages and gives you a repeatable flow for high-quality results. Start with a short style instruction like clean line art, then keep details age-appropriate and easy to print. If a preview looks too busy, remove extra objects and regenerate with fewer scene elements.

After generation, download PNG for digital coloring or PDF for print packs. For classroom use, test one page first, then keep the same prompt pattern for the rest of the set. For /free-coloring-pages/baby-yoda-coloring-pages, this approach keeps quality consistent while reducing rewrite time each time you refresh content. You can also save successful prompt variations by age group so teams can launch new themed pages faster.

To improve outcomes over time, keep notes on which free baby yoda coloring pages prompts produce the clearest outlines. Reuse those winning prompt styles for future pages, and adjust only subject details so each new sheet stays unique without losing readability, print quality, or family-safe tone.",Create Similar Page,/create,Browse Free Categories,/free-coloring-pages,"Create a family-safe printable coloring page for Free Baby Yoda Coloring Pages. Theme focus: free baby yoda coloring pages. Use bold black outlines, white background, and clear open areas for coloring.",/static/images/programmatic/baby-yoda-coloring-pages-hero.png,Generate free baby yoda coloring pages with family-safe prompt handling.|Produce clean outlines that print clearly on standard paper.|Download PNG and PDF files instantly for classroom or home use.,Can I use this for free baby yoda coloring pages?::Yes. The workflow is optimized for printable line art and repeatable prompt quality.||How do I keep pages family-safe?::Use age-appropriate prompts and keep sensitive topics out of the request. Unsafe input is filtered.,published,"free baby yoda coloring pages,baby yoda coloring pages,printable coloring pages",2026-02-13T10:04:23.957319+00:00,generated,generated,free baby yoda coloring pages,free baby printable|free baby for kids|free coloring pages|pdf coloring page download,"Provide helpful, family-safe information about Free Baby Yoda Coloring Pages and direct users to create printable pages.",,4:5,,static/images/programmatic/baby-yoda-coloring-pages-hero.png,d1c9599a90ee8065af52a2520844e5a11ac8b5a8f4adc70f0d80c4d0da61d476,readability-20260213,2026-02-13T10:04:23.957319+00:00,,
page,/free-coloring-pages/barbie-coloring-pages,barbie-coloring-pages,Free Barbie Coloring Pages,"Free Barbie Coloring Pages on ColorfulMe. Create free barbie coloring pages with family-safe prompts, clean printable outlines, and one-click PNG or PDF.",Free Barbie Coloring Pages,"Free Barbie Coloring Pages helps you create free barbie coloring pages in seconds using a guided, family-safe workflow. Use this page to get clear printable line art, practical prompt ideas, and export-ready files for school activities, home crafts, and quick print projects. Provide helpful, family-safe information about Free Barbie Coloring Pages and direct users to create printable pages.","Free Barbie Coloring Pages helps parents, teachers, and creators produce dependable free barbie coloring pages pages with less editing. Use one clear subject, one scene, and a family-safe tone so the generated outline stays simple and printable. When prompts are focused, the result is cleaner line art with open spaces that are easier for kids to color.

This page covers popular searches such as free barbie printable, free barbie for kids, free coloring pages and gives you a repeatable flow for high-quality results. Start with a short style instruction like clean line art, then keep details age-appropriate and easy to print. If a preview looks too busy, remove extra objects and regenerate with fewer scene elements.

After generation, download PNG for digital coloring or PDF for print packs. For classroom use, test one page first, then keep the same prompt pattern for the rest of the set. For /free-coloring-pages/barbie-coloring-pages, this approach keeps quality consistent while reducing rewrite time each time you refresh content. You can also save successful prompt variations by age group so teams can launch new themed pages faster.

To improve outcomes over time, keep notes on which free barbie coloring pages prompts produce the clearest outlines. Reuse those winning prompt styles for future pages, and adjust only subject details so each new sheet stays unique without losing readability, print quality, or family-safe tone.",Create Similar Page,/create,Browse Free Categories,/free-coloring-pages,"Create a family-safe printable coloring page for Free Barbie Coloring Pages. Theme focus: free barbie coloring pages. Use bold black outlines, white background, and clear open areas for coloring.",/static/images/programmatic/barbie-coloring-pages-hero.png,Generate free barbie coloring pages with family-safe prompt handling.|Produce clean outlines that print clearly on standard paper.|Download PNG and PDF files instantly for classroom or home use.,Can I use this for free barbie coloring pages?::Yes. The workflow is optimized for printable line art and repeatable prompt quality.||How do I keep pages family-safe?::Use age-appropriate prompts and keep sensitive topics out of the request. Unsafe input is filtered.,published,"free barbie coloring pages,barbie coloring pages,printable coloring pages",2026-02-13T10:04:23.961291+00:00,generated,generated,free barbie coloring pages,free barbie printable|free barbie for kids|free coloring pages|pdf coloring page download,"Provide helpful, family-safe information about Free Barbie Coloring Pages and direct users to create printable pages.",,4:5,,static/images/programmatic/barbie-coloring-pages-hero.png,155af8e29d851f45a6c6e1ee11489a6cfedbb434bcdf4090bb272ddbf8a195b8,readability-20260213,2026-02-13T10:04:23.961291+00:00,,
page,/free-coloring-pages/batman-coloring-pages,batman-coloring-pages,Free Batman Coloring Pages,"Free Batman Coloring Pages on ColorfulMe. Create free batman coloring pages with family-safe prompts, clean printable outlines, and one-click PNG or PDF.",Free Batman Coloring Pages,"Free Batman Coloring Pages helps you create free batman coloring pages in seconds using a guided, family-safe workflow. Use this page to get clear printable line art, practical prompt ideas, and export-ready files for school activities, home crafts, and quick print projects. Provide helpful, family-safe information about Free Batman Coloring Pages and direct users to create printable pages.","Free Batman Coloring Pages helps parents, teachers, and creators produce dependable free batman coloring pages pages with less editing. Use one clear subject, one scene, and a family-safe tone so the generated outline stays simple and printable. When prompts are focused, the result is cleaner line art with open spaces that are easier for kids to color.

This page covers popular searches such as free batman printable, free batman for kids, free coloring pages and gives you a repeatable flow for high-quality results. Start with a short style instruction like clean line art, then keep details age-appropriate and easy to print. If a preview looks too busy, remove extra objects and regenerate with fewer scene elements.

After generation, download PNG for digital coloring or PDF for print packs. For classroom use, test one page first, then keep the same prompt pattern for the rest of the set. For /free-coloring-pages/batman-coloring-pages, this approach keeps quality consistent while reducing rewrite time each time you refresh content. You can also save successful prompt variations by age group so teams can launch new themed pages faster.

To improve outcomes over time, keep notes on which free batman coloring pages prompts produce the clearest outlines. Reuse those winning prompt styles for future pages, and adjust only subject details so each new sheet stays unique without losing readability, print quality, or family-safe tone.",Create Similar Page,/create,Browse Free Categories,/free-coloring-pages,"Create a family-safe printable coloring page for Free Batman Coloring Pages. Theme focus: free batman coloring pages. Use bold black outlines, white background, and clear open areas for coloring.",/static/images/programmatic/batman-coloring-pages-hero.png,Generate free batman coloring pages with family-safe prompt handling.|Produce clean outlines that print clearly on standard paper.|Download PNG and PDF files instantly for classroom or home use.,Can I use this for free batman coloring pages?::Yes. The workflow is optimized for printable line art and repeatable prompt quality.||How do I keep pages family-safe?::Use age-appropriate prompts and keep sensitive topics out of the request. Unsafe input is filtered.,published,"free batman coloring pages,batman coloring pages,printable coloring pages",2026-02-13T10:04:23.966982+00:00,generated,generated,free batman coloring pages,free batman printable|free batman for kids|free coloring pages|pdf coloring page download,"Provide helpful, family-safe information about Free Batman Coloring Pages and direct users to create printable pages.",,4:5,,static/images/programmatic/batman-coloring-pages-hero.png,deb32f344cea127fc274a5921f1e5e5c8d437c633fdb3ed9a01dc250c8ff2a92,readability-20260213,2026-02-13T10:04:23.966982+00:00,,
page,/free-coloring-pages/beauty-and-the-beast-coloring-pages,beauty-and-the-beast-coloring-pages,Free Beauty And The Beast Coloring Pages,"Free Beauty And The Beast Coloring Pages on ColorfulMe. Create free beauty and the beast coloring pages with family-safe prompts, clean printable outlines.",Free Beauty And The Beast Coloring Pages,"Free Beauty And The Beast Coloring Pages helps you create free beauty and the beast coloring pages in seconds using a guided, family-safe workflow. Use this page to get clear printable line art, practical prompt ideas, and export-ready files for school activities, home crafts, and quick print projects. Provide helpful, family-safe information about Free Beauty And The Beast Coloring Pages","Free Beauty And The Beast Coloring Pages helps parents, teachers, and creators produce dependable free beauty and the beast coloring pages pages with less editing. Use one clear subject, one scene, and a family-safe tone so the generated outline stays simple and printable. When prompts are focused, the result is cleaner line art with open spaces that are easier for kids to color.

This page covers popular searches such as free beauty printable, free beauty for kids, free coloring pages and gives you a repeatable flow for high-quality results. Start with a short style instruction like clean line art, then keep details age-appropriate and easy to print. If a preview looks too busy, remove extra objects and regenerate with fewer scene elements.

After generation, download PNG for digital coloring or PDF for print packs. For classroom use, test one page first, then keep the same prompt pattern for the rest of the set. For /free-coloring-pages/beauty-and-the-beast-coloring-pages, this approach keeps quality consistent while reducing rewrite time each time you refresh content. You can also save successful prompt variations by age group so teams can launch new themed pages faster.

To improve outcomes over time, keep notes on which free beauty and the beast coloring pages prompts produce the clearest outlines. Reuse those winning prompt styles for future pages, and adjust only subject details so each new sheet stays unique without losing readability, print quality, or family-safe tone.",Create Similar Page,/create,Browse Free Categories,/free-coloring-pages,"Create a family-safe printable coloring page for Free Beauty And The Beast Coloring Pages. Theme focus: free beauty and the beast coloring pages. Use bold black outlines, white background, and clear open areas for coloring.",/static/images/programmatic/beauty-and-the-beast-coloring-pages-hero.png,Generate free beauty and the beast coloring pages with family-safe prompt handling.|Produce clean outlines that print clearly on standard paper.|Download PNG and PDF files instantly for classroom or home use.,Can I use this for free beauty and the beast coloring pages?::Yes. The workflow is optimized for printable line art and repeatable prompt quality.||How do I keep pages family-safe?::Use age-appropriate prompts and keep sensitive topics out of the request. Unsafe input is filtered.,published,"free beauty and the beast coloring pages,beauty and the beast coloring pages,printable coloring pages",2026-02-13T10:04:23.976325+00:00,generated,generated,free beauty and the beast coloring pages,free beauty printable|free beauty for kids|free coloring pages|pdf coloring page download,"Provide helpful, family-safe information about Free Beauty And The Beast Coloring Pages and direct users to create printable pages.",,4:5,,static/images/programmatic/beauty-and-the-beast-coloring-pages-hero.png,35f1daaffe1e472d62c6e9177f871e77fb880ea5ccee86e38e781d86253140bf,readability-20260213,2026-02-13T10:04:23.976325+00:00,,
page,/free-coloring-pages/black-panther-coloring-pages,black-panther-coloring-pages,Free Black Panther Coloring Pages,"Free Black Panther Coloring Pages on ColorfulMe. Create free black panther coloring pages with family-safe prompts, clean printable outlines, and one-click.",Free Black Panther Coloring Pages,"Free Black Panther Coloring Pages helps you create free black panther coloring pages in seconds using a guided, family-safe workflow. Use this page to get clear printable line art, practical prompt ideas, and export-ready files for school activities, home crafts, and quick print projects. Provide helpful, family-safe information about Free Black Panther Coloring Pages and direct users to create printable","Free Black Panther Coloring Pages helps parents, teachers, and creators produce dependable free black panther coloring pages pages with less editing. Use one clear subject, one scene, and a family-safe tone so the generated outline stays simple and printable. When prompts are focused, the result is cleaner line art with open spaces that are easier for kids to color.

This page covers popular searches such as free black printable, free black for kids, free coloring pages and gives you a repeatable flow for high-quality results. Start with a short style instruction like clean line art, then keep details age-appropriate and easy to print. If a preview looks too busy, remove extra objects and regenerate with fewer scene elements.

After generation, download PNG for digital coloring or PDF for print packs. For classroom use, test one page first, then keep the same prompt pattern for the rest of the set. For /free-coloring-pages/black-panther-coloring-pages, this approach keeps quality consistent while reducing rewrite time each time you refresh content. You can also save successful prompt variations by age group so teams can launch new themed pages faster.

To improve outcomes over time, keep notes on which free black panther coloring pages prompts produce the clearest outlines. Reuse those winning prompt styles for future pages, and adjust only subject details so each new sheet stays unique without losing readability, print quality, or family-safe tone.",Create Similar Page,/create,Browse Free Categories,/free-coloring-pages,"Create a family-safe printable coloring page for Free Black Panther Coloring Pages. Theme focus: free black panther coloring pages. Use bold black outlines, white background, and clear open areas for coloring.",/static/images/programmatic/black-panther-coloring-pages-hero.png,Generate free black panther coloring pages with family-safe prompt handling.|Produce clean outlines that print clearly on standard paper.|Download PNG and PDF files instantly for classroom or home use.,Can I use this for free black panther coloring pages?::Yes. The workflow is optimized for printable line art and repeatable prompt quality.||How do I keep pages family-safe?::Use age-appropriate prompts and keep sensitive topics out of the request. Unsafe input is filtered.,published,"free black panther coloring pages,black panther coloring pages,printable coloring pages",2026-02-13T10:04:23.984424+00:00,generated,generated,free black panther coloring pages,free black printable|free black for kids|free coloring pages|pdf coloring page download,"Provide helpful, family-safe information about Free Black Panther Coloring Pages and direct users to create printable pages.",,4:5,,static/images/programmatic/black-panther-coloring-pages-hero.png,6d1c5534d1106ff2ec1b9dfad8176c88ec24e85a9eb3a314a5d37f2e06b710f7,readability-20260213,2026-02-13T10:04:23.984424+00:00,,
page,/free-coloring-pages/blippi-coloring-pages,blippi-coloring-pages,Free Blippi Coloring Pages,"Free Blippi Coloring Pages on ColorfulMe. Create free blippi coloring pages with family-safe prompts, clean printable outlines, and one-click PNG or PDF.",Free Blippi Coloring Pages,"Free Blippi Coloring Pages helps you create free blippi coloring pages in seconds using a guided, family-safe workflow. Use this page to get clear printable line art, practical prompt ideas, and export-ready files for school activities, home crafts, and quick print projects. Provide helpful, family-safe information about Free Blippi Coloring Pages and direct users to create printable pages.","Free Blippi Coloring Pages helps parents, teachers, and creators produce dependable free blippi coloring pages pages with less editing. Use one clear subject, one scene, and a family-safe tone so the generated outline stays simple and printable. When prompts are focused, the result is cleaner line art with open spaces that are easier for kids to color.

This page covers popular searches such as free blippi printable, free blippi for kids, free coloring pages and gives you a repeatable flow for high-quality results. Start with a short style instruction like clean line art, then keep details age-appropriate and easy to print. If a preview looks too busy, remove extra objects and regenerate with fewer scene elements.

After generation, download PNG for digital coloring or PDF for print packs. For classroom use, test one page first, then keep the same prompt pattern for the rest of the set. For /free-coloring-pages/blippi-coloring-pages, this approach keeps quality consistent while reducing rewrite time each time you refresh content. You can also save successful prompt variations by age group so teams can launch new themed pages faster.

To improve outcomes over time, keep notes on which free blippi coloring pages prompts produce the clearest outlines. Reuse those winning prompt styles for future pages, and adjust only subject details so each new sheet stays unique without losing readability, print quality, or family-safe tone.",Create Similar Page,/create,Browse Free Categories,/free-coloring-pages,"Create a family-safe printable coloring page for Free Blippi Coloring Pages. Theme focus: free blippi coloring pages. Use bold black outlines, white background, and clear open areas for coloring.",/static/images/programmatic/blippi-coloring-pages-hero.png,Generate free blippi coloring pages with family-safe prompt handling.|Produce clean outlines that print clearly on standard paper.|Download PNG and PDF files instantly for classroom or home use.,Can I use this for free blippi coloring pages?::Yes. The workflow is optimized for printable line art and repeatable prompt quality.||How do I keep pages family-safe?::Use age-appropriate prompts and keep sensitive topics out of the request. Unsafe input is filtered.,published,"free blippi coloring pages,blippi coloring pages,printable coloring pages",2026-02-13T10:04:23.988214+00:00,generated,generated,free blippi coloring pages,free blippi printable|free blippi for kids|free coloring pages|pdf coloring page download,"Provide helpful, family-safe information about Free Blippi Coloring Pages and direct users to create printable pages.",,4:5,,static/images/programmatic/blippi-coloring-pages-hero.png,bfad1c70be6956b58265b9462b07bf217f6e0ce6ff97938e144306a53dbf33c7,readability-20260213,2026-02-13T10:04:23.988214+00:00,,
page,/free-coloring-pages/bluey-coloring-pages,bluey-coloring-pages,Free Bluey Coloring Pages,"Free Bluey Coloring Pages on ColorfulMe. Create free bluey coloring pages with family-safe prompts, clean printable outlines, and one-click PNG or PDF.",Free Bluey Coloring Pages,"Free Bluey Coloring Pages helps you create free bluey coloring pages in seconds using a guided, family-safe workflow. Use this page to get clear printable line art, practical prompt ideas, and export-ready files for school activities, home crafts, and quick print projects. Provide helpful, family-safe information about Free Bluey Coloring Pages and direct users to create printable pages.","Free Bluey Coloring Pages helps parents, teachers, and creators produce dependable free bluey coloring pages pages with less editing. Use one clear subject, one scene, and a family-safe tone so the generated outline stays simple and printable. When prompts are focused, the result is cleaner line art with open spaces that are easier for kids to color.

This page covers popular searches such as free bluey printable, free bluey for kids, free coloring pages and gives you a repeatable flow for high-quality results. Start with a short style instruction like clean line art, then keep details age-appropriate and easy to print. If a preview looks too busy, remove extra objects and regenerate with fewer scene elements.

After generation, download PNG for digital coloring or PDF for print packs. For classroom use, test one page first, then keep the same prompt pattern for the rest of the set. For /free-coloring-pages/bluey-coloring-pages, this approach keeps quality consistent while reducing rewrite time each time you refresh content. You can also save successful prompt variations by age group so teams can launch new themed pages faster.

To improve outcomes over time, keep notes on which free bluey coloring pages prompts produce the clearest outlines. Reuse those winning prompt styles for future pages, and adjust only subject details so each new sheet stays unique without losing readability, print quality, or family-safe tone.",Create Similar Page,/create,Browse Free Categories,/free-coloring-pages,"Create a family-safe printable coloring page for Free Bluey Coloring Pages. Theme focus: free bluey coloring pages. Use bold black outlines, white background, and clear open areas for coloring.",/static/images/programmatic/bluey-coloring-pages-hero.png,Generate free bluey coloring pages with family-safe prompt handling.|Produce clean outlines that print clearly on standard paper.|Download PNG and PDF files instantly for classroom or home use.,Can I use this for free bluey coloring pages?::Yes. The workflow is optimized for printable line art and repeatable prompt quality.||How do I keep pages family-safe?::Use age-appropriate prompts and keep sensitive topics out of the request. Unsafe input is filtered.,published,"free bluey coloring pages,bluey coloring pages,printable coloring pages",2026-02-13T10:04:23.992090+00:00,generated,generated,free bluey coloring pages,free bluey printable|free bluey for kids|free coloring pages|pdf coloring page download,"Provide helpful, family-safe information about Free Bluey Coloring Pages and direct users to create printable pages.",,4:5,,static/images/programmatic/bluey-coloring-pages-hero.png,4283da8c73167bb1a32067aea2164b48d53d6e4f3f558eaecb168e85e7bb962b,readability-20260213,2026-02-13T10:04:23.992090+00:00,,
page,/free-coloring-pages/bowser-coloring-pages,bowser-coloring-pages,Free Bowser Coloring Pages,"Free Bowser Coloring Pages on ColorfulMe. Create free bowser coloring pages with family-safe prompts, clean printable outlines, and one-click PNG or PDF.",Free Bowser Coloring Pages,"Free Bowser Coloring Pages helps you create free bowser coloring pages in seconds using a guided, family-safe workflow. Use this page to get clear printable line art, practical prompt ideas, and export-ready files for school activities, home crafts, and quick print projects. Provide helpful, family-safe information about Free Bowser Coloring Pages and direct users to create printable pages.","Free Bowser Coloring Pages helps parents, teachers, and creators produce dependable free bowser coloring pages pages with less editing. Use one clear subject, one scene, and a family-safe tone so the generated outline stays simple and printable. When prompts are focused, the result is cleaner line art with open spaces that are easier for kids to color.

This page covers popular searches such as free bowser printable, free bowser for kids, free coloring pages and gives you a repeatable flow for high-quality results. Start with a short style instruction like clean line art, then keep details age-appropriate and easy to print. If a preview looks too busy, remove extra objects and regenerate with fewer scene elements.

After generation, download PNG for digital coloring or PDF for print packs. For classroom use, test one page first, then keep the same prompt pattern for the rest of the set. For /free-coloring-pages/bowser-coloring-pages, this approach keeps quality consistent while reducing rewrite time each time you refresh content. You can also save successful prompt variations by age group so teams can launch new themed pages faster.

To improve outcomes over time, keep notes on which free bowser coloring pages prompts produce the clearest outlines. Reuse those winning prompt styles for future pages, and adjust only subject details so each new sheet stays unique without losing readability, print quality, or family-safe tone.",Create Similar Page,/create,Browse Free Categories,/free-coloring-pages,"Create a family-safe printable coloring page for Free Bowser Coloring Pages. Theme focus: free bowser coloring pages. Use bold black outlines, white background, and clear open areas for coloring.",/static/images/programmatic/bowser-coloring-pages-hero.png,Generate free bowser coloring pages with family-safe prompt handling.|Produce clean outlines that print clearly on standard paper.|Download PNG and PDF files instantly for classroom or home use.,Can I use this for free bowser coloring pages?::Yes. The workflow is optimized for printable line art and repeatable prompt quality.||How do I keep pages family-safe?::Use age-appropriate prompts and keep sensitive topics out of the request. Unsafe input is filtered.,published,"free bowser coloring pages,bowser coloring pages,printable coloring pages",2026-02-13T10:04:23.998105+00:00,generated,generated,free bowser coloring pages,free bowser printable|free bowser for kids|free coloring pages|pdf coloring page download,"Provide helpful, family-safe information about Free Bowser Coloring Pages and direct users to create printable pages.",,4:5,,static/images/programmatic/bowser-coloring-pages-hero.png,e8fa35bb674a9d08e6f17d04d264676ce0699119035cf5072628758427a0de64,readability-20260213,2026-02-13T10:04:23.998105+00:00,,
page,/free-coloring-pages/bratz-coloring-pages,bratz-coloring-pages,Free Bratz Coloring Pages,"Free Bratz Coloring Pages on ColorfulMe. Create free bratz coloring pages with family-safe prompts, clean printable outlines, and one-click PNG or PDF.",Free Bratz Coloring Pages,"Free Bratz Coloring Pages helps you create free bratz coloring pages in seconds using a guided, family-safe workflow. Use this page to get clear printable line art, practical prompt ideas, and export-ready files for school activities, home crafts, and quick print projects. Provide helpful, family-safe information about Free Bratz Coloring Pages and direct users to create printable pages.","Free Bratz Coloring Pages helps parents, teachers, and creators produce dependable free bratz coloring pages pages with less editing. Use one clear subject, one scene, and a family-safe tone so the generated outline stays simple and printable. When prompts are focused, the result is cleaner line art with open spaces that are easier for kids to color.

This page covers popular searches such as free bratz printable, free bratz for kids, free coloring pages and gives you a repeatable flow for high-quality results. Start with a short style instruction like clean line art, then keep details age-appropriate and easy to print. If a preview looks too busy, remove extra objects and regenerate with fewer scene elements.

After generation, download PNG for digital coloring or PDF for print packs. For classroom use, test one page first, then keep the same prompt pattern for the rest of the set. For /free-coloring-pages/bratz-coloring-pages, this approach keeps quality consistent while reducing rewrite time each time you refresh content. You can also save successful prompt variations by age group so teams can launch new themed pages faster.

To improve outcomes over time, keep notes on which free bratz coloring pages prompts produce the clearest outlines. Reuse those winning prompt styles for future pages, and adjust only subject details so each new sheet stays unique without losing readability, print quality, or family-safe tone.",Create Similar Page,/create,Browse Free Categories,/free-coloring-pages,"Create a family-safe printable coloring page for Free Bratz Coloring Pages. Theme focus: free bratz coloring pages. Use bold black outlines, white background, and clear open areas for coloring.",/static/images/programmatic/bratz-coloring-pages-hero.png,Generate free bratz coloring pages with family-safe prompt handling.|Produce clean outlines that print clearly on standard paper.|Download PNG and PDF files instantly for classroom or home use.,Can I use this for free bratz coloring pages?::Yes. The workflow is optimized for printable line art and repeatable prompt quality.||How do I keep pages family-safe?::Use age-appropriate prompts and keep sensitive topics out of the request. Unsafe input is filtered.,published,"free bratz coloring pages,bratz coloring pages,printable coloring pages",2026-02-13T10:04:24.005346+00:00,generated,generated,free bratz coloring pages,free bratz printable|free bratz for kids|free coloring pages|pdf coloring page download,"Provide helpful, family-safe information about Free Bratz Coloring Pages and direct users to create printable pages.",,4:5,,static/images/programmatic/bratz-coloring-pages-hero.png,fa3b58eda87de83bedb3741cf98ca2a204d000a71c4be54c5fbab9de000c13d4,readability-20260213,2026-02-13T10:04:24.005346+00:00,,
page,/free-coloring-pages/butterfly-coloring-pages,butterfly-coloring-pages,Free Butterfly Coloring Pages,"Free Butterfly Coloring Pages on ColorfulMe. Create free butterfly coloring pages with family-safe prompts, clean printable outlines, and one-click PNG or PDF.",Free Butterfly Coloring Pages,"Free Butterfly Coloring Pages helps you create free butterfly coloring pages in seconds using a guided, family-safe workflow. Use this page to get clear printable line art, practical prompt ideas, and export-ready files for school activities, home crafts, and quick print projects. Provide helpful, family-safe information about Free Butterfly Coloring Pages and direct users to create printable pages.","Free Butterfly Coloring Pages helps parents, teachers, and creators produce dependable free butterfly coloring pages pages with less editing. Use one clear subject, one scene, and a family-safe tone so the generated outline stays simple and printable. When prompts are focused, the result is cleaner line art with open spaces that are easier for kids to color.

This page covers popular searches such as free butterfly printable, free butterfly for kids, free coloring pages and gives you a repeatable flow for high-quality results. Start with a short style instruction like clean line art, then keep details age-appropriate and easy to print. If a preview looks too busy, remove extra objects and regenerate with fewer scene elements.

After generation, download PNG for digital coloring or PDF for print packs. For classroom use, test one page first, then keep the same prompt pattern for the rest of the set. For /free-coloring-pages/butterfly-coloring-pages, this approach keeps quality consistent while reducing rewrite time each time you refresh content. You can also save successful prompt variations by age group so teams can launch new themed pages faster.

To improve outcomes over time, keep notes on which free butterfly coloring pages prompts produce the clearest outlines. Reuse those winning prompt styles for future pages, and adjust only subject details so each new sheet stays unique without losing readability, print quality, or family-safe tone.",Create Similar Page,/create,Browse Free Categories,/free-coloring-pages,"Create a family-safe printable coloring page for Free Butterfly Coloring Pages. Theme focus: free butterfly coloring pages. Use bold black outlines, white background, and clear open areas for coloring.",/static/images/programmatic/butterfly-coloring-pages-hero.png,Generate free butterfly coloring pages with family-safe prompt handling.|Produce clean outlines that print clearly on standard paper.|Download PNG and PDF files instantly for classroom or home use.,Can I use this for free butterfly coloring pages?::Yes. The workflow is optimized for printable line art and repeatable prompt quality.||How do I keep pages family-safe?::Use age-appropriate prompts and keep sensitive topics out of the request. Unsafe input is filtered.,published,"free butterfly coloring pages,butterfly coloring pages,printable coloring pages",2026-02-13T10:04:24.008809+00:00,generated,generated,free butterfly coloring pages,free butterfly printable|free butterfly for kids|free coloring pages|pdf coloring page download,"Provide helpful, family-safe information about Free Butterfly Coloring Pages and direct users to create printable pages.",,4:5,,static/images/programmatic/butterfly-coloring-pages-hero.png,bf974cdafd798123fc3391bdc043d24c2beeebd9282ac589d982a01b5f8ceec0,readability-20260213,2026-02-13T10:04:24.008809+00:00,,
page,/free-coloring-pages/buzz-lightyear-coloring-pages,buzz-lightyear-coloring-pages,Free Buzz Lightyear Coloring Pages,"Free Buzz Lightyear Coloring Pages on ColorfulMe. Create free buzz lightyear coloring pages with family-safe prompts, clean printable outlines, and one-click.",Free Buzz Lightyear Coloring Pages,"Free Buzz Lightyear Coloring Pages helps you create free buzz lightyear coloring pages in seconds using a guided, family-safe workflow. Use this page to get clear printable line art, practical prompt ideas, and export-ready files for school activities, home crafts, and quick print projects. Provide helpful, family-safe information about Free Buzz Lightyear Coloring Pages and direct users to create printable","Free Buzz Lightyear Coloring Pages helps parents, teachers, and creators produce dependable free buzz lightyear coloring pages pages with less editing. Use one clear subject, one scene, and a family-safe tone so the generated outline stays simple and printable. When prompts are focused, the result is cleaner line art with open spaces that are easier for kids to color.

This page covers popular searches such as free buzz printable, free buzz for kids, free coloring pages and gives you a repeatable flow for high-quality results. Start with a short style instruction like clean line art, then keep details age-appropriate and easy to print. If a preview looks too busy, remove extra objects and regenerate with fewer scene elements.

After generation, download PNG for digital coloring or PDF for print packs. For classroom use, test one page first, then keep the same prompt pattern for the rest of the set. For /free-coloring-pages/buzz-lightyear-coloring-pages, this approach keeps quality consistent while reducing rewrite time each time you refresh content. You can also save successful prompt variations by age group so teams can launch new themed pages faster.

To improve outcomes over time, keep notes on which free buzz lightyear coloring pages prompts produce the clearest outlines. Reuse those winning prompt styles for future pages, and adjust only subject details so each new sheet stays unique without losing readability, print quality, or family-safe tone.",Create Similar Page,/create,Browse Free Categories,/free-coloring-pages,"Create a family-safe printable coloring page for Free Buzz Lightyear Coloring Pages. Theme focus: free buzz lightyear coloring pages. Use bold black outlines, white background, and clear open areas for coloring.",/static/images/programmatic/buzz-lightyear-coloring-pages-hero.png,Generate free buzz lightyear coloring pages with family-safe prompt handling.|Produce clean outlines that print clearly on standard paper.|Download PNG and PDF files instantly for classroom or home use.,Can I use this for free buzz lightyear coloring pages?::Yes. The workflow is optimized for printable line art and repeatable prompt quality.||How do I keep pages family-safe?::Use age-appropriate prompts and keep sensitive topics out of the request. Unsafe input is filtered.,published,"free buzz lightyear coloring pages,buzz lightyear coloring pages,printable coloring pages",2026-02-13T10:04:24.014717+00:00,generated,generated,free buzz lightyear coloring pages,free buzz printable|free buzz for kids|free coloring pages|pdf coloring page download,"Provide helpful, family-safe information about Free Buzz Lightyear Coloring Pages and direct users to create printable pages.",,4:5,,static/images/programmatic/buzz-lightyear-coloring-pages-hero.png,6ad6dd62f26bf2d9cfa8bfef8e9c462ed3bcf321e5fcffe60f7561e475e4174c,readability-20260213,2026-02-13T10:04:24.014717+00:00,,
page,/free-coloring-pages/captain-america-coloring-pages,captain-america-coloring-pages,Free Captain America Coloring Pages,"Free Captain America Coloring Pages on ColorfulMe. Create free captain america coloring pages with family-safe prompts, clean printable outlines, and.",Free Captain America Coloring Pages,"Free Captain America Coloring Pages helps you create free captain america coloring pages in seconds using a guided, family-safe workflow. Use this page to get clear printable line art, practical prompt ideas, and export-ready files for school activities, home crafts, and quick print projects. Provide helpful, family-safe information about Free Captain America Coloring Pages and direct users to create printable","Free Captain America Coloring Pages helps parents, teachers, and creators produce dependable free captain america coloring pages pages with less editing. Use one clear subject, one scene, and a family-safe tone so the generated outline stays simple and printable. When prompts are focused, the result is cleaner line art with open spaces that are easier for kids to color.

This page covers popular searches such as free captain printable, free captain for kids, free coloring pages and gives you a repeatable flow for high-quality results. Start with a short style instruction like clean line art, then keep details age-appropriate and easy to print. If a preview looks too busy, remove extra objects and regenerate with fewer scene elements.

After generation, download PNG for digital coloring or PDF for print packs. For classroom use, test one page first, then keep the same prompt pattern for the rest of the set. For /free-coloring-pages/captain-america-coloring-pages, this approach keeps quality consistent while reducing rewrite time each time you refresh content. You can also save successful prompt variations by age group so teams can launch new themed pages faster.

To improve outcomes over time, keep notes on which free captain america coloring pages prompts produce the clearest outlines. Reuse those winning prompt styles for future pages, and adjust only subject details so each new sheet stays unique without losing readability, print quality, or family-safe tone.",Create Similar Page,/create,Browse Free Categories,/free-coloring-pages,"Create a family-safe printable coloring page for Free Captain America Coloring Pages. Theme focus: free captain america coloring pages. Use bold black outlines, white background, and clear open areas for coloring.",/static/images/programmatic/captain-america-coloring-pages-hero.png,Generate free captain america coloring pages with family-safe prompt handling.|Produce clean outlines that print clearly on standard paper.|Download PNG and PDF files instantly for classroom or home use.,Can I use this for free captain america coloring pages?::Yes. The workflow is optimized for printable line art and repeatable prompt quality.||How do I keep pages family-safe?::Use age-appropriate prompts and keep sensitive topics out of the request. Unsafe input is filtered.,published,"free captain america coloring pages,captain america coloring pages,printable coloring pages",2026-02-13T10:04:24.022070+00:00,generated,generated,free captain america coloring pages,free captain printable|free captain for kids|free coloring pages|pdf coloring page download,"Provide helpful, family-safe information about Free Captain America Coloring Pages and direct users to create printable pages.",,4:5,,static/images/programmatic/captain-america-coloring-pages-hero.png,7a838ac7dc9e396429487d788bd3a45a6406a95f04afd459f24c33555fb7762b,readability-20260213,2026-02-13T10:04:24.022070+00:00,,
page,/free-coloring-pages/care-bear-coloring-pages,care-bear-coloring-pages,Free Care Bear Coloring Pages,"Free Care Bear Coloring Pages on ColorfulMe. Create free care bear coloring pages with family-safe prompts, clean printable outlines, and one-click PNG or PDF.",Free Care Bear Coloring Pages,"Free Care Bear Coloring Pages helps you create free care bear coloring pages in seconds using a guided, family-safe workflow. Use this page to get clear printable line art, practical prompt ideas, and export-ready files for school activities, home crafts, and quick print projects. Provide helpful, family-safe information about Free Care Bear Coloring Pages and direct users to create printable","Free Care Bear Coloring Pages helps parents, teachers, and creators produce dependable free care bear coloring pages pages with less editing. Use one clear subject, one scene, and a family-safe tone so the generated outline stays simple and printable. When prompts are focused, the result is cleaner line art with open spaces that are easier for kids to color.

This page covers popular searches such as free care printable, free care for kids, free coloring pages and gives you a repeatable flow for high-quality results. Start with a short style instruction like clean line art, then keep details age-appropriate and easy to print. If a preview looks too busy, remove extra objects and regenerate with fewer scene elements.

After generation, download PNG for digital coloring or PDF for print packs. For classroom use, test one page first, then keep the same prompt pattern for the rest of the set. For /free-coloring-pages/care-bear-coloring-pages, this approach keeps quality consistent while reducing rewrite time each time you refresh content. You can also save successful prompt variations by age group so teams can launch new themed pages faster.

To improve outcomes over time, keep notes on which free care bear coloring pages prompts produce the clearest outlines. Reuse those winning prompt styles for future pages, and adjust only subject details so each new sheet stays unique without losing readability, print quality, or family-safe tone.",Create Similar Page,/create,Browse Free Categories,/free-coloring-pages,"Create a family-safe printable coloring page for Free Care Bear Coloring Pages. Theme focus: free care bear coloring pages. Use bold black outlines, white background, and clear open areas for coloring.",/static/images/programmatic/care-bear-coloring-pages-hero.png,Generate free care bear coloring pages with family-safe prompt handling.|Produce clean outlines that print clearly on standard paper.|Download PNG and PDF files instantly for classroom or home use.,Can I use this for free care bear coloring pages?::Yes. The workflow is optimized for printable line art and repeatable prompt quality.||How do I keep pages family-safe?::Use age-appropriate prompts and keep sensitive topics out of the request. Unsafe input is filtered.,published,"free care bear coloring pages,care bear coloring pages,printable coloring pages",2026-02-13T10:04:24.025465+00:00,generated,generated,free care bear coloring pages,free care printable|free care for kids|free coloring pages|pdf coloring page download,"Provide helpful, family-safe information about Free Care Bear Coloring Pages and direct users to create printable pages.",,4:5,,static/images/programmatic/care-bear-coloring-pages-hero.png,c9236c1b349ee5c04732b73c849ffb768bc5d7570cae7c9ae42b4cbbff883a64,readability-20260213,2026-02-13T10:04:24.025465+00:00,,
page,/free-coloring-pages/care-bears-coloring-pages,care-bears-coloring-pages,Free Care Bears Coloring Pages,"Free Care Bears Coloring Pages on ColorfulMe. Create free care bears coloring pages with family-safe prompts, clean printable outlines, and one-click PNG or.",Free Care Bears Coloring Pages,"Free Care Bears Coloring Pages helps you create free care bears coloring pages in seconds using a guided, family-safe workflow. Use this page to get clear printable line art, practical prompt ideas, and export-ready files for school activities, home crafts, and quick print projects. Provide helpful, family-safe information about Free Care Bears Coloring Pages and direct users to create printable","Free Care Bears Coloring Pages helps parents, teachers, and creators produce dependable free care bears coloring pages pages with less editing. Use one clear subject, one scene, and a family-safe tone so the generated outline stays simple and printable. When prompts are focused, the result is cleaner line art with open spaces that are easier for kids to color.

This page covers popular searches such as free care printable, free care for kids, free coloring pages and gives you a repeatable flow for high-quality results. Start with a short style instruction like clean line art, then keep details age-appropriate and easy to print. If a preview looks too busy, remove extra objects and regenerate with fewer scene elements.

After generation, download PNG for digital coloring or PDF for print packs. For classroom use, test one page first, then keep the same prompt pattern for the rest of the set. For /free-coloring-pages/care-bears-coloring-pages, this approach keeps quality consistent while reducing rewrite time each time you refresh content. You can also save successful prompt variations by age group so teams can launch new themed pages faster.

To improve outcomes over time, keep notes on which free care bears coloring pages prompts produce the clearest outlines. Reuse those winning prompt styles for future pages, and adjust only subject details so each new sheet stays unique without losing readability, print quality, or family-safe tone.",Create Similar Page,/create,Browse Free Categories,/free-coloring-pages,"Create a family-safe printable coloring page for Free Care Bears Coloring Pages. Theme focus: free care bears coloring pages. Use bold black outlines, white background, and clear open areas for coloring.",/static/images/programmatic/care-bears-coloring-pages-hero.png,Generate free care bears coloring pages with family-safe prompt handling.|Produce clean outlines that print clearly on standard paper.|Download PNG and PDF files instantly for classroom or home use.,Can I use this for free care bears coloring pages?::Yes. The workflow is optimized for printable line art and repeatable prompt quality.||How do I keep pages family-safe?::Use age-appropriate prompts and keep sensitive topics out of the request. Unsafe input is filtered.,published,"free care bears coloring pages,care bears coloring pages,printable coloring pages",2026-02-13T10:04:24.028954+00:00,generated,generated,free care bears coloring pages,free care printable|free care for kids|free coloring pages|pdf coloring page download,"Provide helpful, family-safe information about Free Care Bears Coloring Pages and direct users to create printable pages.",,4:5,,static/images/programmatic/care-bears-coloring-pages-hero.png,da83d24d0566ce5252f45eac2e91f03bca49d659a208971b1905263b6f6a849c,readability-20260213,2026-02-13T10:04:24.028954+00:00,,
page,/free-coloring-pages/cat-coloring-pages,cat-coloring-pages,Free Cat Coloring Pages,"Free Cat Coloring Pages on ColorfulMe. Create free cat coloring pages with family-safe prompts, clean printable outlines, and one-click PNG or PDF downloads.",Free Cat Coloring Pages,"Free Cat Coloring Pages helps you create free cat coloring pages in seconds using a guided, family-safe workflow. Use this page to get clear printable line art, practical prompt ideas, and export-ready files for school activities, home crafts, and quick print projects. Provide helpful, family-safe information about Free Cat Coloring Pages and direct users to create printable pages.","Free Cat Coloring Pages helps parents, teachers, and creators produce dependable free cat coloring pages pages with less editing. Use one clear subject, one scene, and a family-safe tone so the generated outline stays simple and printable. When prompts are focused, the result is cleaner line art with open spaces that are easier for kids to color.

This page covers popular searches such as free cat printable, free cat for kids, free coloring pages and gives you a repeatable flow for high-quality results. Start with a short style instruction like clean line art, then keep details age-appropriate and easy to print. If a preview looks too busy, remove extra objects and regenerate with fewer scene elements.

After generation, download PNG for digital coloring or PDF for print packs. For classroom use, test one page first, then keep the same prompt pattern for the rest of the set. For /free-coloring-pages/cat-coloring-pages, this approach keeps quality consistent while reducing rewrite time each time you refresh content. You can also save successful prompt variations by age group so teams can launch new themed pages faster.

To improve outcomes over time, keep notes on which free cat coloring pages prompts produce the clearest outlines. Reuse those winning prompt styles for future pages, and adjust only subject details so each new sheet stays unique without losing readability, print quality, or family-safe tone.",Create Similar Page,/create,Browse Free Categories,/free-coloring-pages,"Create a family-safe printable coloring page for Free Cat Coloring Pages. Theme focus: free cat coloring pages. Use bold black outlines, white background, and clear open areas for coloring.",/static/images/programmatic/cat-coloring-pages-hero.png,Generate free cat coloring pages with family-safe prompt handling.|Produce clean outlines that print clearly on standard paper.|Download PNG and PDF files instantly for classroom or home use.,Can I use this for free cat coloring pages?::Yes. The workflow is optimized for printable line art and repeatable prompt quality.||How do I keep pages family-safe?::Use age-appropriate prompts and keep sensitive topics out of the request. Unsafe input is filtered.,published,"free cat coloring pages,cat coloring pages,printable coloring pages",2026-02-13T10:04:24.036120+00:00,generated,generated,free cat coloring pages,free cat printable|free cat for kids|free coloring pages|pdf coloring page download,"Provide helpful, family-safe information about Free Cat Coloring Pages and direct users to create printable pages.",,4:5,,static/images/programmatic/cat-coloring-pages-hero.png,48e2b221939a207d7e4b79efba3849098742dfa8878f1329e21dff97b5d990c2,readability-20260213,2026-02-13T10:04:24.036120+00:00,,
page,/free-coloring-pages/charizard-coloring-pages,charizard-coloring-pages,Free Charizard Coloring Pages,"Free Charizard Coloring Pages on ColorfulMe. Create free charizard coloring pages with family-safe prompts, clean printable outlines, and one-click PNG or PDF.",Free Charizard Coloring Pages,"Free Charizard Coloring Pages helps you create free charizard coloring pages in seconds using a guided, family-safe workflow. Use this page to get clear printable line art, practical prompt ideas, and export-ready files for school activities, home crafts, and quick print projects. Provide helpful, family-safe information about Free Charizard Coloring Pages and direct users to create printable pages.","Free Charizard Coloring Pages helps parents, teachers, and creators produce dependable free charizard coloring pages pages with less editing. Use one clear subject, one scene, and a family-safe tone so the generated outline stays simple and printable. When prompts are focused, the result is cleaner line art with open spaces that are easier for kids to color.

This page covers popular searches such as free charizard printable, free charizard for kids, free coloring pages and gives you a repeatable flow for high-quality results. Start with a short style instruction like clean line art, then keep details age-appropriate and easy to print. If a preview looks too busy, remove extra objects and regenerate with fewer scene elements.

After generation, download PNG for digital coloring or PDF for print packs. For classroom use, test one page first, then keep the same prompt pattern for the rest of the set. For /free-coloring-pages/charizard-coloring-pages, this approach keeps quality consistent while reducing rewrite time each time you refresh content. You can also save successful prompt variations by age group so teams can launch new themed pages faster.

To improve outcomes over time, keep notes on which free charizard coloring pages prompts produce the clearest outlines. Reuse those winning prompt styles for future pages, and adjust only subject details so each new sheet stays unique without losing readability, print quality, or family-safe tone.",Create Similar Page,/create,Browse Free Categories,/free-coloring-pages,"Create a family-safe printable coloring page for Free Charizard Coloring Pages. Theme focus: free charizard coloring pages. Use bold black outlines, white background, and clear open areas for coloring.",/static/images/programmatic/charizard-coloring-pages-hero.png,Generate free charizard coloring pages with family-safe prompt handling.|Produce clean outlines that print clearly on standard paper.|Download PNG and PDF files instantly for classroom or home use.,Can I use this for free charizard coloring pages?::Yes. The workflow is optimized for printable line art and repeatable prompt quality.||How do I keep pages family-safe?::Use age-appropriate prompts and keep sensitive topics out of the request. Unsafe input is filtered.,published,"free charizard coloring pages,charizard coloring pages,printable coloring pages",2026-02-13T10:04:24.042842+00:00,generated,generated,free charizard coloring pages,free charizard printable|free charizard for kids|free coloring pages|pdf coloring page download,"Provide helpful, family-safe information about Free Charizard Coloring Pages and direct users to create printable pages.",,4:5,,static/images/programmatic/charizard-coloring-pages-hero.png,eb6c8bdbc8106b0474aec9611f89a1b9e09eb97a7a08060616e3882697aaf6a9,readability-20260213,2026-02-13T10:04:24.042842+00:00,,
page,/free-coloring-pages/charmander-coloring-pages,charmander-coloring-pages,Free Charmander Coloring Pages,"Free Charmander Coloring Pages on ColorfulMe. Create free charmander coloring pages with family-safe prompts, clean printable outlines, and one-click PNG or.",Free Charmander Coloring Pages,"Free Charmander Coloring Pages helps you create free charmander coloring pages in seconds using a guided, family-safe workflow. Use this page to get clear printable line art, practical prompt ideas, and export-ready files for school activities, home crafts, and quick print projects. Provide helpful, family-safe information about Free Charmander Coloring Pages and direct users to create printable pages.","Free Charmander Coloring Pages helps parents, teachers, and creators produce dependable free charmander coloring pages pages with less editing. Use one clear subject, one scene, and a family-safe tone so the generated outline stays simple and printable. When prompts are focused, the result is cleaner line art with open spaces that are easier for kids to color.

This page covers popular searches such as free charmander printable, free charmander for kids, free coloring pages and gives you a repeatable flow for high-quality results. Start with a short style instruction like clean line art, then keep details age-appropriate and easy to print. If a preview looks too busy, remove extra objects and regenerate with fewer scene elements.

After generation, download PNG for digital coloring or PDF for print packs. For classroom use, test one page first, then keep the same prompt pattern for the rest of the set. For /free-coloring-pages/charmander-coloring-pages, this approach keeps quality consistent while reducing rewrite time each time you refresh content. You can also save successful prompt variations by age group so teams can launch new themed pages faster.

To improve outcomes over time, keep notes on which free charmander coloring pages prompts produce the clearest outlines. Reuse those winning prompt styles for future pages, and adjust only subject details so each new sheet stays unique without losing readability, print quality, or family-safe tone.",Create Similar Page,/create,Browse Free Categories,/free-coloring-pages,"Create a family-safe printable coloring page for Free Charmander Coloring Pages. Theme focus: free charmander coloring pages. Use bold black outlines, white background, and clear open areas for coloring.",/static/images/programmatic/charmander-coloring-pages-hero.png,Generate free charmander coloring pages with family-safe prompt handling.|Produce clean outlines that print clearly on standard paper.|Download PNG and PDF files instantly for classroom or home use.,Can I use this for free charmander coloring pages?::Yes. The workflow is optimized for printable line art and repeatable prompt quality.||How do I keep pages family-safe?::Use age-appropriate prompts and keep sensitive topics out of the request. Unsafe input is filtered.,published,"free charmander coloring pages,charmander coloring pages,printable coloring pages",2026-02-13T10:04:24.051052+00:00,generated,generated,free charmander coloring pages,free charmander printable|free charmander for kids|free coloring pages|pdf coloring page download,"Provide helpful, family-safe information about Free Charmander Coloring Pages and direct users to create printable pages.",,4:5,,static/images/programmatic/charmander-coloring-pages-hero.png,158a8e205bd53e096dd4221b4ae874ec8fe721a12c6b53a9631a8a887efa8176,readability-20260213,2026-02-13T10:04:24.051052+00:00,,
page,/free-coloring-pages/chick-coloring-pages,chick-coloring-pages,Free Chick Coloring Pages,"Free Chick Coloring Pages on ColorfulMe. Create free chick coloring pages with family-safe prompts, clean printable outlines, and one-click PNG or PDF.",Free Chick Coloring Pages,"Free Chick Coloring Pages helps you create free chick coloring pages in seconds using a guided, family-safe workflow. Use this page to get clear printable line art, practical prompt ideas, and export-ready files for school activities, home crafts, and quick print projects. Provide helpful, family-safe information about Free Chick Coloring Pages and direct users to create printable pages.","Free Chick Coloring Pages helps parents, teachers, and creators produce dependable free chick coloring pages pages with less editing. Use one clear subject, one scene, and a family-safe tone so the generated outline stays simple and printable. When prompts are focused, the result is cleaner line art with open spaces that are easier for kids to color.

This page covers popular searches such as free chick printable, free chick for kids, free coloring pages and gives you a repeatable flow for high-quality results. Start with a short style instruction like clean line art, then keep details age-appropriate and easy to print. If a preview looks too busy, remove extra objects and regenerate with fewer scene elements.

After generation, download PNG for digital coloring or PDF for print packs. For classroom use, test one page first, then keep the same prompt pattern for the rest of the set. For /free-coloring-pages/chick-coloring-pages, this approach keeps quality consistent while reducing rewrite time each time you refresh content. You can also save successful prompt variations by age group so teams can launch new themed pages faster.

To improve outcomes over time, keep notes on which free chick coloring pages prompts produce the clearest outlines. Reuse those winning prompt styles for future pages, and adjust only subject details so each new sheet stays unique without losing readability, print quality, or family-safe tone.",Create Similar Page,/create,Browse Free Categories,/free-coloring-pages,"Create a family-safe printable coloring page for Free Chick Coloring Pages. Theme focus: free chick coloring pages. Use bold black outlines, white background, and clear open areas for coloring.",/static/images/programmatic/chick-coloring-pages-hero.png,Generate free chick coloring pages with family-safe prompt handling.|Produce clean outlines that print clearly on standard paper.|Download PNG and PDF files instantly for classroom or home use.,Can I use this for free chick coloring pages?::Yes. The workflow is optimized for printable line art and repeatable prompt quality.||How do I keep pages family-safe?::Use age-appropriate prompts and keep sensitive topics out of the request. Unsafe input is filtered.,published,"free chick coloring pages,chick coloring pages,printable coloring pages",2026-02-13T10:04:24.055583+00:00,generated,generated,free chick coloring pages,free chick printable|free chick for kids|free coloring pages|pdf coloring page download,"Provide helpful, family-safe information about Free Chick Coloring Pages and direct users to create printable pages.",,4:5,,static/images/programmatic/chick-coloring-pages-hero.png,ebc5d90b909eee9cb3292101ffb536e29a99f9287cbe7aa56ee81909a85c6f29,readability-20260213,2026-02-13T10:04:24.055583+00:00,,
page,/free-coloring-pages/chicken-coloring-pages,chicken-coloring-pages,Free Chicken Coloring Pages,"Free Chicken Coloring Pages on ColorfulMe. Create free chicken coloring pages with family-safe prompts, clean printable outlines, and one-click PNG or PDF.",Free Chicken Coloring Pages,"Free Chicken Coloring Pages helps you create free chicken coloring pages in seconds using a guided, family-safe workflow. Use this page to get clear printable line art, practical prompt ideas, and export-ready files for school activities, home crafts, and quick print projects. Provide helpful, family-safe information about Free Chicken Coloring Pages and direct users to create printable pages.","Free Chicken Coloring Pages helps parents, teachers, and creators produce dependable free chicken coloring pages pages with less editing. Use one clear subject, one scene, and a family-safe tone so the generated outline stays simple and printable. When prompts are focused, the result is cleaner line art with open spaces that are easier for kids to color.

This page covers popular searches such as free chicken printable, free chicken for kids, free coloring pages and gives you a repeatable flow for high-quality results. Start with a short style instruction like clean line art, then keep details age-appropriate and easy to print. If a preview looks too busy, remove extra objects and regenerate with fewer scene elements.

After generation, download PNG for digital coloring or PDF for print packs. For classroom use, test one page first, then keep the same prompt pattern for the rest of the set. For /free-coloring-pages/chicken-coloring-pages, this approach keeps quality consistent while reducing rewrite time each time you refresh content. You can also save successful prompt variations by age group so teams can launch new themed pages faster.

To improve outcomes over time, keep notes on which free chicken coloring pages prompts produce the clearest outlines. Reuse those winning prompt styles for future pages, and adjust only subject details so each new sheet stays unique without losing readability, print quality, or family-safe tone.",Create Similar Page,/create,Browse Free Categories,/free-coloring-pages,"Create a family-safe printable coloring page for Free Chicken Coloring Pages. Theme focus: free chicken coloring pages. Use bold black outlines, white background, and clear open areas for coloring.",/static/images/programmatic/chicken-coloring-pages-hero.png,Generate free chicken coloring pages with family-safe prompt handling.|Produce clean outlines that print clearly on standard paper.|Download PNG and PDF files instantly for classroom or home use.,Can I use this for free chicken coloring pages?::Yes. The workflow is optimized for printable line art and repeatable prompt quality.||How do I keep pages family-safe?::Use age-appropriate prompts and keep sensitive topics out of the request. Unsafe input is filtered.,published,"free chicken coloring pages,chicken coloring pages,printable coloring pages",2026-02-13T10:04:24.060297+00:00,generated,generated,free chicken coloring pages,free chicken printable|free chicken for kids|free coloring pages|pdf coloring page download,"Provide helpful, family-safe information about Free Chicken Coloring Pages and direct users to create printable pages.",,4:5,,static/images/programmatic/chicken-coloring-pages-hero.png,0e88b143345beecd6f864dfa711ddecb3c51dae82afa175a180c5598bf9fc250,readability-20260213,2026-02-13T10:04:24.060297+00:00,,
page,/free-coloring-pages/christmas-coloring-pages,christmas-coloring-pages,Free Christmas Coloring Pages,"Free Christmas Coloring Pages on ColorfulMe. Create free christmas coloring pages with family-safe prompts, clean printable outlines, and one-click PNG or PDF.",Free Christmas Coloring Pages,"Free Christmas Coloring Pages helps you create free christmas coloring pages in seconds using a guided, family-safe workflow. Use this page to get clear printable line art, practical prompt ideas, and export-ready files for school activities, home crafts, and quick print projects. Provide helpful, family-safe information about Free Christmas Coloring Pages and direct users to create printable pages.","Free Christmas Coloring Pages helps parents, teachers, and creators produce dependable free christmas coloring pages pages with less editing. Use one clear subject, one scene, and a family-safe tone so the generated outline stays simple and printable. When prompts are focused, the result is cleaner line art with open spaces that are easier for kids to color.

This page covers popular searches such as free christmas printable, free christmas for kids, free coloring pages and gives you a repeatable flow for high-quality results. Start with a short style instruction like clean line art, then keep details age-appropriate and easy to print. If a preview looks too busy, remove extra objects and regenerate with fewer scene elements.

After generation, download PNG for digital coloring or PDF for print packs. For classroom use, test one page first, then keep the same prompt pattern for the rest of the set. For /free-coloring-pages/christmas-coloring-pages, this approach keeps quality consistent while reducing rewrite time each time you refresh content. You can also save successful prompt variations by age group so teams can launch new themed pages faster.

To improve outcomes over time, keep notes on which free christmas coloring pages prompts produce the clearest outlines. Reuse those winning prompt styles for future pages, and adjust only subject details so each new sheet stays unique without losing readability, print quality, or family-safe tone.",Create Similar Page,/create,Browse Free Categories,/free-coloring-pages,"Create a family-safe printable coloring page for Free Christmas Coloring Pages. Theme focus: free christmas coloring pages. Use bold black outlines, white background, and clear open areas for coloring.",/static/images/programmatic/christmas-coloring-pages-hero.png,Generate free christmas coloring pages with family-safe prompt handling.|Produce clean outlines that print clearly on standard paper.|Download PNG and PDF files instantly for classroom or home use.,Can I use this for free christmas coloring pages?::Yes. The workflow is optimized for printable line art and repeatable prompt quality.||How do I keep pages family-safe?::Use age-appropriate prompts and keep sensitive topics out of the request. Unsafe input is filtered.,published,"free christmas coloring pages,christmas coloring pages,printable coloring pages",2026-02-13T10:04:24.064867+00:00,generated,generated,free christmas coloring pages,free christmas printable|free christmas for kids|free coloring pages|pdf coloring page download,"Provide helpful, family-safe information about Free Christmas Coloring Pages and direct users to create printable pages.",,4:5,,static/images/programmatic/christmas-coloring-pages-hero.png,7a7a78f05bab174be2ef9afb41a945c6de13dd73984c9857f823c395e39d8006,readability-20260213,2026-02-13T10:04:24.064867+00:00,,
page,/free-coloring-pages/cinnamoroll-coloring-pages,cinnamoroll-coloring-pages,Free Cinnamoroll Coloring Pages,"Free Cinnamoroll Coloring Pages on ColorfulMe. Create free cinnamoroll coloring pages with family-safe prompts, clean printable outlines, and one-click PNG or.",Free Cinnamoroll Coloring Pages,"Free Cinnamoroll Coloring Pages helps you create free cinnamoroll coloring pages in seconds using a guided, family-safe workflow. Use this page to get clear printable line art, practical prompt ideas, and export-ready files for school activities, home crafts, and quick print projects. Provide helpful, family-safe information about Free Cinnamoroll Coloring Pages and direct users to create printable pages.","Free Cinnamoroll Coloring Pages helps parents, teachers, and creators produce dependable free cinnamoroll coloring pages pages with less editing. Use one clear subject, one scene, and a family-safe tone so the generated outline stays simple and printable. When prompts are focused, the result is cleaner line art with open spaces that are easier for kids to color.

This page covers popular searches such as free cinnamoroll printable, free cinnamoroll for kids, free coloring pages and gives you a repeatable flow for high-quality results. Start with a short style instruction like clean line art, then keep details age-appropriate and easy to print. If a preview looks too busy, remove extra objects and regenerate with fewer scene elements.

After generation, download PNG for digital coloring or PDF for print packs. For classroom use, test one page first, then keep the same prompt pattern for the rest of the set. For /free-coloring-pages/cinnamoroll-coloring-pages, this approach keeps quality consistent while reducing rewrite time each time you refresh content. You can also save successful prompt variations by age group so teams can launch new themed pages faster.

To improve outcomes over time, keep notes on which free cinnamoroll coloring pages prompts produce the clearest outlines. Reuse those winning prompt styles for future pages, and adjust only subject details so each new sheet stays unique without losing readability, print quality, or family-safe tone.",Create Similar Page,/create,Browse Free Categories,/free-coloring-pages,"Create a family-safe printable coloring page for Free Cinnamoroll Coloring Pages. Theme focus: free cinnamoroll coloring pages. Use bold black outlines, white background, and clear open areas for coloring.",/static/images/programmatic/cinnamoroll-coloring-pages-hero.png,Generate free cinnamoroll coloring pages with family-safe prompt handling.|Produce clean outlines that print clearly on standard paper.|Download PNG and PDF files instantly for classroom or home use.,Can I use this for free cinnamoroll coloring pages?::Yes. The workflow is optimized for printable line art and repeatable prompt quality.||How do I keep pages family-safe?::Use age-appropriate prompts and keep sensitive topics out of the request. Unsafe input is filtered.,published,"free cinnamoroll coloring pages,cinnamoroll coloring pages,printable coloring pages",2026-02-13T10:04:24.068511+00:00,generated,generated,free cinnamoroll coloring pages,free cinnamoroll printable|free cinnamoroll for kids|free coloring pages|pdf coloring page download,"Provide helpful, family-safe information about Free Cinnamoroll Coloring Pages and direct users to create printable pages.",,4:5,,static/images/programmatic/cinnamoroll-coloring-pages-hero.png,df54043a073fa3f3cac559d40bbefad7d5065b65fc98fda6c4f6cf830612d89e,readability-20260213,2026-02-13T10:04:24.068511+00:00,,
page,/free-coloring-pages/cocomelon-coloring-pages,cocomelon-coloring-pages,Free Cocomelon Coloring Pages,"Free Cocomelon Coloring Pages on ColorfulMe. Create free cocomelon coloring pages with family-safe prompts, clean printable outlines, and one-click PNG or PDF.",Free Cocomelon Coloring Pages,"Free Cocomelon Coloring Pages helps you create free cocomelon coloring pages in seconds using a guided, family-safe workflow. Use this page to get clear printable line art, practical prompt ideas, and export-ready files for school activities, home crafts, and quick print projects. Provide helpful, family-safe information about Free Cocomelon Coloring Pages and direct users to create printable pages.","Free Cocomelon Coloring Pages helps parents, teachers, and creators produce dependable free cocomelon coloring pages pages with less editing. Use one clear subject, one scene, and a family-safe tone so the generated outline stays simple and printable. When prompts are focused, the result is cleaner line art with open spaces that are easier for kids to color.

This page covers popular searches such as free cocomelon printable, free cocomelon for kids, free coloring pages and gives you a repeatable flow for high-quality results. Start with a short style instruction like clean line art, then keep details age-appropriate and easy to print. If a preview looks too busy, remove extra objects and regenerate with fewer scene elements.

After generation, download PNG for digital coloring or PDF for print packs. For classroom use, test one page first, then keep the same prompt pattern for the rest of the set. For /free-coloring-pages/cocomelon-coloring-pages, this approach keeps quality consistent while reducing rewrite time each time you refresh content. You can also save successful prompt variations by age group so teams can launch new themed pages faster.

To improve outcomes over time, keep notes on which free cocomelon coloring pages prompts produce the clearest outlines. Reuse those winning prompt styles for future pages, and adjust only subject details so each new sheet stays unique without losing readability, print quality, or family-safe tone.",Create Similar Page,/create,Browse Free Categories,/free-coloring-pages,"Create a family-safe printable coloring page for Free Cocomelon Coloring Pages. Theme focus: free cocomelon coloring pages. Use bold black outlines, white background, and clear open areas for coloring.",/static/images/programmatic/cocomelon-coloring-pages-hero.png,Generate free cocomelon coloring pages with family-safe prompt handling.|Produce clean outlines that print clearly on standard paper.|Download PNG and PDF files instantly for classroom or home use.,Can I use this for free cocomelon coloring pages?::Yes. The workflow is optimized for printable line art and repeatable prompt quality.||How do I keep pages family-safe?::Use age-appropriate prompts and keep sensitive topics out of the request. Unsafe input is filtered.,published,"free cocomelon coloring pages,cocomelon coloring pages,printable coloring pages",2026-02-13T10:04:24.075935+00:00,generated,generated,free cocomelon coloring pages,free cocomelon printable|free cocomelon for kids|free coloring pages|pdf coloring page download,"Provide helpful, family-safe information about Free Cocomelon Coloring Pages and direct users to create printable pages.",,4:5,,static/images/programmatic/cocomelon-coloring-pages-hero.png,dccf1046cced51c3f5ad6756f78a5b1d32a91d7c411b2fab6dab70eb4a70a002,readability-20260213,2026-02-13T10:04:24.075935+00:00,,
page,/free-coloring-pages/cute-coloring-pages,cute-coloring-pages,Free Cute Coloring Pages,"Free Cute Coloring Pages on ColorfulMe. Create free cute coloring pages with family-safe prompts, clean printable outlines, and one-click PNG or PDF downloads.",Free Cute Coloring Pages,"Free Cute Coloring Pages helps you create free cute coloring pages in seconds using a guided, family-safe workflow. Use this page to get clear printable line art, practical prompt ideas, and export-ready files for school activities, home crafts, and quick print projects. Provide helpful, family-safe information about Free Cute Coloring Pages and direct users to create printable pages.","Free Cute Coloring Pages helps parents, teachers, and creators produce dependable free cute coloring pages pages with less editing. Use one clear subject, one scene, and a family-safe tone so the generated outline stays simple and printable. When prompts are focused, the result is cleaner line art with open spaces that are easier for kids to color.

This page covers popular searches such as free cute printable, free cute for kids, free coloring pages and gives you a repeatable flow for high-quality results. Start with a short style instruction like clean line art, then keep details age-appropriate and easy to print. If a preview looks too busy, remove extra objects and regenerate with fewer scene elements.

After generation, download PNG for digital coloring or PDF for print packs. For classroom use, test one page first, then keep the same prompt pattern for the rest of the set. For /free-coloring-pages/cute-coloring-pages, this approach keeps quality consistent while reducing rewrite time each time you refresh content. You can also save successful prompt variations by age group so teams can launch new themed pages faster.

To improve outcomes over time, keep notes on which free cute coloring pages prompts produce the clearest outlines. Reuse those winning prompt styles for future pages, and adjust only subject details so each new sheet stays unique without losing readability, print quality, or family-safe tone.",Create Similar Page,/create,Browse Free Categories,/free-coloring-pages,"Create a family-safe printable coloring page for Free Cute Coloring Pages. Theme focus: free cute coloring pages. Use bold black outlines, white background, and clear open areas for coloring.",/static/images/programmatic/cute-coloring-pages-hero.png,Generate free cute coloring pages with family-safe prompt handling.|Produce clean outlines that print clearly on standard paper.|Download PNG and PDF files instantly for classroom or home use.,Can I use this for free cute coloring pages?::Yes. The workflow is optimized for printable line art and repeatable prompt quality.||How do I keep pages family-safe?::Use age-appropriate prompts and keep sensitive topics out of the request. Unsafe input is filtered.,published,"free cute coloring pages,cute coloring pages,printable coloring pages",2026-02-13T10:04:24.082884+00:00,generated,generated,free cute coloring pages,free cute printable|free cute for kids|free coloring pages|pdf coloring page download,"Provide helpful, family-safe information about Free Cute Coloring Pages and direct users to create printable pages.",,4:5,,static/images/programmatic/cute-coloring-pages-hero.png,9e712f26524ec7244d5f74e96d850617ce31f5afb967739c046109a8e6950e25,readability-20260213,2026-02-13T10:04:24.082884+00:00,,
page,/free-coloring-pages/demon-slayer-coloring-pages,demon-slayer-coloring-pages,Free Demon Slayer Coloring Pages,"Free Demon Slayer Coloring Pages on ColorfulMe. Create free demon slayer coloring pages with family-safe prompts, clean printable outlines, and one-click PNG.",Free Demon Slayer Coloring Pages,"Free Demon Slayer Coloring Pages helps you create free demon slayer coloring pages in seconds using a guided, family-safe workflow. Use this page to get clear printable line art, practical prompt ideas, and export-ready files for school activities, home crafts, and quick print projects. Provide helpful, family-safe information about Free Demon Slayer Coloring Pages and direct users to create printable","Free Demon Slayer Coloring Pages helps parents, teachers, and creators produce dependable free demon slayer coloring pages pages with less editing. Use one clear subject, one scene, and a family-safe tone so the generated outline stays simple and printable. When prompts are focused, the result is cleaner line art with open spaces that are easier for kids to color.

This page covers popular searches such as free demon printable, free demon for kids, free coloring pages and gives you a repeatable flow for high-quality results. Start with a short style instruction like clean line art, then keep details age-appropriate and easy to print. If a preview looks too busy, remove extra objects and regenerate with fewer scene elements.

After generation, download PNG for digital coloring or PDF for print packs. For classroom use, test one page first, then keep the same prompt pattern for the rest of the set. For /free-coloring-pages/demon-slayer-coloring-pages, this approach keeps quality consistent while reducing rewrite time each time you refresh content. You can also save successful prompt variations by age group so teams can launch new themed pages faster.

To improve outcomes over time, keep notes on which free demon slayer coloring pages prompts produce the clearest outlines. Reuse those winning prompt styles for future pages, and adjust only subject details so each new sheet stays unique without losing readability, print quality, or family-safe tone.",Create Similar Page,/create,Browse Free Categories,/free-coloring-pages,"Create a family-safe printable coloring page for Free Demon Slayer Coloring Pages. Theme focus: free demon slayer coloring pages. Use bold black outlines, white background, and clear open areas for coloring.",/static/images/programmatic/demon-slayer-coloring-pages-hero.png,Generate free demon slayer coloring pages with family-safe prompt handling.|Produce clean outlines that print clearly on standard paper.|Download PNG and PDF files instantly for classroom or home use.,Can I use this for free demon slayer coloring pages?::Yes. The workflow is optimized for printable line art and repeatable prompt quality.||How do I keep pages family-safe?::Use age-appropriate prompts and keep sensitive topics out of the request. Unsafe input is filtered.,published,"free demon slayer coloring pages,demon slayer coloring pages,printable coloring pages",2026-02-13T10:04:24.092588+00:00,generated,generated,free demon slayer coloring pages,free demon printable|free demon for kids|free coloring pages|pdf coloring page download,"Provide helpful, family-safe information about Free Demon Slayer Coloring Pages and direct users to create printable pages.",,4:5,,static/images/programmatic/demon-slayer-coloring-pages-hero.png,c481f93d32adcb7e21ba05b03ddc806c101c92ce537c9b74dc5dd4063f257ae7,readability-20260213,2026-02-13T10:04:24.092588+00:00,,
page,/free-coloring-pages/dinosaur-coloring-pages,dinosaur-coloring-pages,Free Dinosaur Coloring Pages,"Free Dinosaur Coloring Pages on ColorfulMe. Create free dinosaur coloring pages with family-safe prompts, clean printable outlines, and one-click PNG or PDF.",Free Dinosaur Coloring Pages,"Free Dinosaur Coloring Pages helps you create free dinosaur coloring pages in seconds using a guided, family-safe workflow. Use this page to get clear printable line art, practical prompt ideas, and export-ready files for school activities, home crafts, and quick print projects. Provide helpful, family-safe information about Free Dinosaur Coloring Pages and direct users to create printable pages.","Free Dinosaur Coloring Pages helps parents, teachers, and creators produce dependable free dinosaur coloring pages pages with less editing. Use one clear subject, one scene, and a family-safe tone so the generated outline stays simple and printable. When prompts are focused, the result is cleaner line art with open spaces that are easier for kids to color.

This page covers popular searches such as free dinosaur printable, free dinosaur for kids, free coloring pages and gives you a repeatable flow for high-quality results. Start with a short style instruction like clean line art, then keep details age-appropriate and easy to print. If a preview looks too busy, remove extra objects and regenerate with fewer scene elements.

After generation, download PNG for digital coloring or PDF for print packs. For classroom use, test one page first, then keep the same prompt pattern for the rest of the set. For /free-coloring-pages/dinosaur-coloring-pages, this approach keeps quality consistent while reducing rewrite time each time you refresh content. You can also save successful prompt variations by age group so teams can launch new themed pages faster.

To improve outcomes over time, keep notes on which free dinosaur coloring pages prompts produce the clearest outlines. Reuse those winning prompt styles for future pages, and adjust only subject details so each new sheet stays unique without losing readability, print quality, or family-safe tone.",Create Similar Page,/create,Browse Free Categories,/free-coloring-pages,"Create a family-safe printable coloring page for Free Dinosaur Coloring Pages. Theme focus: free dinosaur coloring pages. Use bold black outlines, white background, and clear open areas for coloring.",/static/images/programmatic/dinosaur-coloring-pages-hero.png,Generate free dinosaur coloring pages with family-safe prompt handling.|Produce clean outlines that print clearly on standard paper.|Download PNG and PDF files instantly for classroom or home use.,Can I use this for free dinosaur coloring pages?::Yes. The workflow is optimized for printable line art and repeatable prompt quality.||How do I keep pages family-safe?::Use age-appropriate prompts and keep sensitive topics out of the request. Unsafe input is filtered.,published,"free dinosaur coloring pages,dinosaur coloring pages,printable coloring pages",2026-02-13T10:04:24.102819+00:00,generated,generated,free dinosaur coloring pages,free dinosaur printable|free dinosaur for kids|free coloring pages|pdf coloring page download,"Provide helpful, family-safe information about Free Dinosaur Coloring Pages and direct users to create printable pages.",,4:5,,static/images/programmatic/dinosaur-coloring-pages-hero.png,79ab9a8778a18c0626ca3d9fcfef292addb4f6600e199f5e9628e9623a83a094,readability-20260213,2026-02-13T10:04:24.102819+00:00,,
page,/free-coloring-pages/disney-coloring-pages,disney-coloring-pages,Free Disney Coloring Pages,"Free Disney Coloring Pages on ColorfulMe. Create free disney coloring pages with family-safe prompts, clean printable outlines, and one-click PNG or PDF.",Free Disney Coloring Pages,"Free Disney Coloring Pages helps you create free disney coloring pages in seconds using a guided, family-safe workflow. Use this page to get clear printable line art, practical prompt ideas, and export-ready files for school activities, home crafts, and quick print projects. Provide helpful, family-safe information about Free Disney Coloring Pages and direct users to create printable pages.","Free Disney Coloring Pages helps parents, teachers, and creators produce dependable free disney coloring pages pages with less editing. Use one clear subject, one scene, and a family-safe tone so the generated outline stays simple and printable. When prompts are focused, the result is cleaner line art with open spaces that are easier for kids to color.

This page covers popular searches such as free disney printable, free disney for kids, free coloring pages and gives you a repeatable flow for high-quality results. Start with a short style instruction like clean line art, then keep details age-appropriate and easy to print. If a preview looks too busy, remove extra objects and regenerate with fewer scene elements.

After generation, download PNG for digital coloring or PDF for print packs. For classroom use, test one page first, then keep the same prompt pattern for the rest of the set. For /free-coloring-pages/disney-coloring-pages, this approach keeps quality consistent while reducing rewrite time each time you refresh content. You can also save successful prompt variations by age group so teams can launch new themed pages faster.

To improve outcomes over time, keep notes on which free disney coloring pages prompts produce the clearest outlines. Reuse those winning prompt styles for future pages, and adjust only subject details so each new sheet stays unique without losing readability, print quality, or family-safe tone.",Create Similar Page,/create,Browse Free Categories,/free-coloring-pages,"Create a family-safe printable coloring page for Free Disney Coloring Pages. Theme focus: free disney coloring pages. Use bold black outlines, white background, and clear open areas for coloring.",/static/images/programmatic/disney-coloring-pages-hero.png,Generate free disney coloring pages with family-safe prompt handling.|Produce clean outlines that print clearly on standard paper.|Download PNG and PDF files instantly for classroom or home use.,Can I use this for free disney coloring pages?::Yes. The workflow is optimized for printable line art and repeatable prompt quality.||How do I keep pages family-safe?::Use age-appropriate prompts and keep sensitive topics out of the request. Unsafe input is filtered.,published,"free disney coloring pages,disney coloring pages,printable coloring pages",2026-02-13T10:04:24.121534+00:00,generated,generated,free disney coloring pages,free disney printable|free disney for kids|free coloring pages|pdf coloring page download,"Provide helpful, family-safe information about Free Disney Coloring Pages and direct users to create printable pages.",,4:5,,static/images/programmatic/disney-coloring-pages-hero.png,65c6dac795b05925b6282fa9f6211f926fee51dffcfb90891a2aecdb72de646e,readability-20260213,2026-02-13T10:04:24.121534+00:00,,
page,/free-coloring-pages/disney-christmas-coloring-pages,disney-christmas-coloring-pages,Free Disney Christmas Coloring Pages,"Free Disney Christmas Coloring Pages on ColorfulMe. Create free disney christmas coloring pages with family-safe prompts, clean printable outlines, and.",Free Disney Christmas Coloring Pages,"Free Disney Christmas Coloring Pages helps you create free disney christmas coloring pages in seconds using a guided, family-safe workflow. Use this page to get clear printable line art, practical prompt ideas, and export-ready files for school activities, home crafts, and quick print projects. Provide helpful, family-safe information about Free Disney Christmas Coloring Pages and direct users to create printable","Free Disney Christmas Coloring Pages helps parents, teachers, and creators produce dependable free disney christmas coloring pages pages with less editing. Use one clear subject, one scene, and a family-safe tone so the generated outline stays simple and printable. When prompts are focused, the result is cleaner line art with open spaces that are easier for kids to color.

This page covers popular searches such as free disney printable, free disney for kids, free coloring pages and gives you a repeatable flow for high-quality results. Start with a short style instruction like clean line art, then keep details age-appropriate and easy to print. If a preview looks too busy, remove extra objects and regenerate with fewer scene elements.

After generation, download PNG for digital coloring or PDF for print packs. For classroom use, test one page first, then keep the same prompt pattern for the rest of the set. For /free-coloring-pages/disney-christmas-coloring-pages, this approach keeps quality consistent while reducing rewrite time each time you refresh content. You can also save successful prompt variations by age group so teams can launch new themed pages faster.

To improve outcomes over time, keep notes on which free disney christmas coloring pages prompts produce the clearest outlines. Reuse those winning prompt styles for future pages, and adjust only subject details so each new sheet stays unique without losing readability, print quality, or family-safe tone.",Create Similar Page,/create,Browse Free Categories,/free-coloring-pages,"Create a family-safe printable coloring page for Free Disney Christmas Coloring Pages. Theme focus: free disney christmas coloring pages. Use bold black outlines, white background, and clear open areas for coloring.",/static/images/programmatic/disney-christmas-coloring-pages-hero.png,Generate free disney christmas coloring pages with family-safe prompt handling.|Produce clean outlines that print clearly on standard paper.|Download PNG and PDF files instantly for classroom or home use.,Can I use this for free disney christmas coloring pages?::Yes. The workflow is optimized for printable line art and repeatable prompt quality.||How do I keep pages family-safe?::Use age-appropriate prompts and keep sensitive topics out of the request. Unsafe input is filtered.,published,"free disney christmas coloring pages,disney christmas coloring pages,printable coloring pages",2026-02-13T10:04:24.140568+00:00,generated,generated,free disney christmas coloring pages,free disney printable|free disney for kids|free coloring pages|pdf coloring page download,"Provide helpful, family-safe information about Free Disney Christmas Coloring Pages and direct users to create printable pages.",,4:5,,static/images/programmatic/disney-christmas-coloring-pages-hero.png,698f0b137a5adc5ff15674dbc907e6b3c744c6a2150a0bd8592b092a8eb20634,readability-20260213,2026-02-13T10:04:24.140568+00:00,,
page,/free-coloring-pages/dog-coloring-pages,dog-coloring-pages,Free Dog Coloring Pages,"Free Dog Coloring Pages on ColorfulMe. Create free dog coloring pages with family-safe prompts, clean printable outlines, and one-click PNG or PDF downloads.",Free Dog Coloring Pages,"Free Dog Coloring Pages helps you create free dog coloring pages in seconds using a guided, family-safe workflow. Use this page to get clear printable line art, practical prompt ideas, and export-ready files for school activities, home crafts, and quick print projects. Provide helpful, family-safe information about Free Dog Coloring Pages and direct users to create printable pages.","Free Dog Coloring Pages helps parents, teachers, and creators produce dependable free dog coloring pages pages with less editing. Use one clear subject, one scene, and a family-safe tone so the generated outline stays simple and printable. When prompts are focused, the result is cleaner line art with open spaces that are easier for kids to color.

This page covers popular searches such as free dog printable, free dog for kids, free coloring pages and gives you a repeatable flow for high-quality results. Start with a short style instruction like clean line art, then keep details age-appropriate and easy to print. If a preview looks too busy, remove extra objects and regenerate with fewer scene elements.

After generation, download PNG for digital coloring or PDF for print packs. For classroom use, test one page first, then keep the same prompt pattern for the rest of the set. For /free-coloring-pages/dog-coloring-pages, this approach keeps quality consistent while reducing rewrite time each time you refresh content. You can also save successful prompt variations by age group so teams can launch new themed pages faster.

To improve outcomes over time, keep notes on which free dog coloring pages prompts produce the clearest outlines. Reuse those winning prompt styles for future pages, and adjust only subject details so each new sheet stays unique without losing readability, print quality, or family-safe tone.",Create Similar Page,/create,Browse Free Categories,/free-coloring-pages,"Create a family-safe printable coloring page for Free Dog Coloring Pages. Theme focus: free dog coloring pages. Use bold black outlines, white background, and clear open areas for coloring.",/static/images/programmatic/dog-coloring-pages-hero.png,Generate free dog coloring pages with family-safe prompt handling.|Produce clean outlines that print clearly on standard paper.|Download PNG and PDF files instantly for classroom or home use.,Can I use this for free dog coloring pages?::Yes. The workflow is optimized for printable line art and repeatable prompt quality.||How do I keep pages family-safe?::Use age-appropriate prompts and keep sensitive topics out of the request. Unsafe input is filtered.,published,"free dog coloring pages,dog coloring pages,printable coloring pages",2026-02-13T10:04:24.152570+00:00,generated,generated,free dog coloring pages,free dog printable|free dog for kids|free coloring pages|pdf coloring page download,"Provide helpful, family-safe information about Free Dog Coloring Pages and direct users to create printable pages.",,4:5,,static/images/programmatic/dog-coloring-pages-hero.png,7bef372613144d4c0dd8ce3731b1c8c64364ce81458f5b040e9b5922a04e8056,readability-20260213,2026-02-13T10:04:24.152570+00:00,,
page,/free-coloring-pages/dragon-coloring-pages,dragon-coloring-pages,Free Dragon Coloring Pages,"Free Dragon Coloring Pages on ColorfulMe. Create free dragon coloring pages with family-safe prompts, clean printable outlines, and one-click PNG or PDF.",Free Dragon Coloring Pages,"Free Dragon Coloring Pages helps you create free dragon coloring pages in seconds using a guided, family-safe workflow. Use this page to get clear printable line art, practical prompt ideas, and export-ready files for school activities, home crafts, and quick print projects. Provide helpful, family-safe information about Free Dragon Coloring Pages and direct users to create printable pages.","Free Dragon Coloring Pages helps parents, teachers, and creators produce dependable free dragon coloring pages pages with less editing. Use one clear subject, one scene, and a family-safe tone so the generated outline stays simple and printable. When prompts are focused, the result is cleaner line art with open spaces that are easier for kids to color.

This page covers popular searches such as free dragon printable, free dragon for kids, free coloring pages and gives you a repeatable flow for high-quality results. Start with a short style instruction like clean line art, then keep details age-appropriate and easy to print. If a preview looks too busy, remove extra objects and regenerate with fewer scene elements.

After generation, download PNG for digital coloring or PDF for print packs. For classroom use, test one page first, then keep the same prompt pattern for the rest of the set. For /free-coloring-pages/dragon-coloring-pages, this approach keeps quality consistent while reducing rewrite time each time you refresh content. You can also save successful prompt variations by age group so teams can launch new themed pages faster.

To improve outcomes over time, keep notes on which free dragon coloring pages prompts produce the clearest outlines. Reuse those winning prompt styles for future pages, and adjust only subject details so each new sheet stays unique without losing readability, print quality, or family-safe tone.",Create Similar Page,/create,Browse Free Categories,/free-coloring-pages,"Create a family-safe printable coloring page for Free Dragon Coloring Pages. Theme focus: free dragon coloring pages. Use bold black outlines, white background, and clear open areas for coloring.",/static/images/programmatic/dragon-coloring-pages-hero.png,Generate free dragon coloring pages with family-safe prompt handling.|Produce clean outlines that print clearly on standard paper.|Download PNG and PDF files instantly for classroom or home use.,Can I use this for free dragon coloring pages?::Yes. The workflow is optimized for printable line art and repeatable prompt quality.||How do I keep pages family-safe?::Use age-appropriate prompts and keep sensitive topics out of the request. Unsafe input is filtered.,published,"free dragon coloring pages,dragon coloring pages,printable coloring pages",2026-02-13T10:04:24.158286+00:00,generated,generated,free dragon coloring pages,free dragon printable|free dragon for kids|free coloring pages|pdf coloring page download,"Provide helpful, family-safe information about Free Dragon Coloring Pages and direct users to create printable pages.",,4:5,,static/images/programmatic/dragon-coloring-pages-hero.png,52c7ede63ce76ce898179dcb5abe88bc53b70687fcd00462aaa8c7af798cd172,readability-20260213,2026-02-13T10:04:24.158286+00:00,,
page,/free-coloring-pages/easter-coloring-pages,easter-coloring-pages,Free Easter Coloring Pages,"Free Easter Coloring Pages on ColorfulMe. Create free easter coloring pages with family-safe prompts, clean printable outlines, and one-click PNG or PDF.",Free Easter Coloring Pages,"Free Easter Coloring Pages helps you create free easter coloring pages in seconds using a guided, family-safe workflow. Use this page to get clear printable line art, practical prompt ideas, and export-ready files for school activities, home crafts, and quick print projects. Provide helpful, family-safe information about Free Easter Coloring Pages and direct users to create printable pages.","Free Easter Coloring Pages helps parents, teachers, and creators produce dependable free easter coloring pages pages with less editing. Use one clear subject, one scene, and a family-safe tone so the generated outline stays simple and printable. When prompts are focused, the result is cleaner line art with open spaces that are easier for kids to color.

This page covers popular searches such as free easter printable, free easter for kids, free coloring pages and gives you a repeatable flow for high-quality results. Start with a short style instruction like clean line art, then keep details age-appropriate and easy to print. If a preview looks too busy, remove extra objects and regenerate with fewer scene elements.

After generation, download PNG for digital coloring or PDF for print packs. For classroom use, test one page first, then keep the same prompt pattern for the rest of the set. For /free-coloring-pages/easter-coloring-pages, this approach keeps quality consistent while reducing rewrite time each time you refresh content. You can also save successful prompt variations by age group so teams can launch new themed pages faster.

To improve outcomes over time, keep notes on which free easter coloring pages prompts produce the clearest outlines. Reuse those winning prompt styles for future pages, and adjust only subject details so each new sheet stays unique without losing readability, print quality, or family-safe tone.",Create Similar Page,/create,Browse Free Categories,/free-coloring-pages,"Create a family-safe printable coloring page for Free Easter Coloring Pages. Theme focus: free easter coloring pages. Use bold black outlines, white background, and clear open areas for coloring.",/static/images/programmatic/easter-coloring-pages-hero.png,Generate free easter coloring pages with family-safe prompt handling.|Produce clean outlines that print clearly on standard paper.|Download PNG and PDF files instantly for classroom or home use.,Can I use this for free easter coloring pages?::Yes. The workflow is optimized for printable line art and repeatable prompt quality.||How do I keep pages family-safe?::Use age-appropriate prompts and keep sensitive topics out of the request. Unsafe input is filtered.,published,"free easter coloring pages,easter coloring pages,printable coloring pages",2026-02-13T10:04:24.167535+00:00,generated,generated,free easter coloring pages,free easter printable|free easter for kids|free coloring pages|pdf coloring page download,"Provide helpful, family-safe information about Free Easter Coloring Pages and direct users to create printable pages.",,4:5,,static/images/programmatic/easter-coloring-pages-hero.png,a0ec17e5524a732179540f6e7945a86459e44e852f1404e03ec25090485436be,readability-20260213,2026-02-13T10:04:24.167535+00:00,,
page,/free-coloring-pages/easy-coloring-pages,easy-coloring-pages,Free Easy Coloring Pages,"Free Easy Coloring Pages on ColorfulMe. Create free easy coloring pages with family-safe prompts, clean printable outlines, and one-click PNG or PDF downloads.",Free Easy Coloring Pages,"Free Easy Coloring Pages helps you create free easy coloring pages in seconds using a guided, family-safe workflow. Use this page to get clear printable line art, practical prompt ideas, and export-ready files for school activities, home crafts, and quick print projects. Provide helpful, family-safe information about Free Easy Coloring Pages and direct users to create printable pages.","Free Easy Coloring Pages helps parents, teachers, and creators produce dependable free easy coloring pages pages with less editing. Use one clear subject, one scene, and a family-safe tone so the generated outline stays simple and printable. When prompts are focused, the result is cleaner line art with open spaces that are easier for kids to color.

This page covers popular searches such as free easy printable, free easy for kids, free coloring pages and gives you a repeatable flow for high-quality results. Start with a short style instruction like clean line art, then keep details age-appropriate and easy to print. If a preview looks too busy, remove extra objects and regenerate with fewer scene elements.

After generation, download PNG for digital coloring or PDF for print packs. For classroom use, test one page first, then keep the same prompt pattern for the rest of the set. For /free-coloring-pages/easy-coloring-pages, this approach keeps quality consistent while reducing rewrite time each time you refresh content. You can also save successful prompt variations by age group so teams can launch new themed pages faster.

To improve outcomes over time, keep notes on which free easy coloring pages prompts produce the clearest outlines. Reuse those winning prompt styles for future pages, and adjust only subject details so each new sheet stays unique without losing readability, print quality, or family-safe tone.",Create Similar Page,/create,Browse Free Categories,/free-coloring-pages,"Create a family-safe printable coloring page for Free Easy Coloring Pages. Theme focus: free easy coloring pages. Use bold black outlines, white background, and clear open areas for coloring.",/static/images/programmatic/easy-coloring-pages-hero.png,Generate free easy coloring pages with family-safe prompt handling.|Produce clean outlines that print clearly on standard paper.|Download PNG and PDF files instantly for classroom or home use.,Can I use this for free easy coloring pages?::Yes. The workflow is optimized for printable line art and repeatable prompt quality.||How do I keep pages family-safe?::Use age-appropriate prompts and keep sensitive topics out of the request. Unsafe input is filtered.,published,"free easy coloring pages,easy coloring pages,printable coloring pages",2026-02-13T10:04:24.171642+00:00,generated,generated,free easy coloring pages,free easy printable|free easy for kids|free coloring pages|pdf coloring page download,"Provide helpful, family-safe information about Free Easy Coloring Pages and direct users to create printable pages.",,4:5,,static/images/programmatic/easy-coloring-pages-hero.png,a659c7e516ae3ff20799dcd311184e4961a45e37a58437c1b347087cb9719ef2,readability-20260213,2026-02-13T10:04:24.171642+00:00,,
page,/free-coloring-pages/elsa-coloring-pages,elsa-coloring-pages,Free Elsa Coloring Pages,"Free Elsa Coloring Pages on ColorfulMe. Create free elsa coloring pages with family-safe prompts, clean printable outlines, and one-click PNG or PDF downloads.",Free Elsa Coloring Pages,"Free Elsa Coloring Pages helps you create free elsa coloring pages in seconds using a guided, family-safe workflow. Use this page to get clear printable line art, practical prompt ideas, and export-ready files for school activities, home crafts, and quick print projects. Provide helpful, family-safe information about Free Elsa Coloring Pages and direct users to create printable pages.","Free Elsa Coloring Pages helps parents, teachers, and creators produce dependable free elsa coloring pages pages with less editing. Use one clear subject, one scene, and a family-safe tone so the generated outline stays simple and printable. When prompts are focused, the result is cleaner line art with open spaces that are easier for kids to color.

This page covers popular searches such as free elsa printable, free elsa for kids, free coloring pages and gives you a repeatable flow for high-quality results. Start with a short style instruction like clean line art, then keep details age-appropriate and easy to print. If a preview looks too busy, remove extra objects and regenerate with fewer scene elements.

After generation, download PNG for digital coloring or PDF for print packs. For classroom use, test one page first, then keep the same prompt pattern for the rest of the set. For /free-coloring-pages/elsa-coloring-pages, this approach keeps quality consistent while reducing rewrite time each time you refresh content. You can also save successful prompt variations by age group so teams can launch new themed pages faster.

To improve outcomes over time, keep notes on which free elsa coloring pages prompts produce the clearest outlines. Reuse those winning prompt styles for future pages, and adjust only subject details so each new sheet stays unique without losing readability, print quality, or family-safe tone.",Create Similar Page,/create,Browse Free Categories,/free-coloring-pages,"Create a family-safe printable coloring page for Free Elsa Coloring Pages. Theme focus: free elsa coloring pages. Use bold black outlines, white background, and clear open areas for coloring.",/static/images/programmatic/elsa-coloring-pages-hero.png,Generate free elsa coloring pages with family-safe prompt handling.|Produce clean outlines that print clearly on standard paper.|Download PNG and PDF files instantly for classroom or home use.,Can I use this for free elsa coloring pages?::Yes. The workflow is optimized for printable line art and repeatable prompt quality.||How do I keep pages family-safe?::Use age-appropriate prompts and keep sensitive topics out of the request. Unsafe input is filtered.,published,"free elsa coloring pages,elsa coloring pages,printable coloring pages",2026-02-13T10:04:24.174863+00:00,generated,generated,free elsa coloring pages,free elsa printable|free elsa for kids|free coloring pages|pdf coloring page download,"Provide helpful, family-safe information about Free Elsa Coloring Pages and direct users to create printable pages.",,4:5,,static/images/programmatic/elsa-coloring-pages-hero.png,73e0b68298c4a36ca53bdb84cbd8a33c33ae2c27afdac252c6ef51be80e9ea99,readability-20260213,2026-02-13T10:04:24.174863+00:00,,
page,/free-coloring-pages/encanto-coloring-pages,encanto-coloring-pages,Free Encanto Coloring Pages,"Free Encanto Coloring Pages on ColorfulMe. Create free encanto coloring pages with family-safe prompts, clean printable outlines, and one-click PNG or PDF.",Free Encanto Coloring Pages,"Free Encanto Coloring Pages helps you create free encanto coloring pages in seconds using a guided, family-safe workflow. Use this page to get clear printable line art, practical prompt ideas, and export-ready files for school activities, home crafts, and quick print projects. Provide helpful, family-safe information about Free Encanto Coloring Pages and direct users to create printable pages.","Free Encanto Coloring Pages helps parents, teachers, and creators produce dependable free encanto coloring pages pages with less editing. Use one clear subject, one scene, and a family-safe tone so the generated outline stays simple and printable. When prompts are focused, the result is cleaner line art with open spaces that are easier for kids to color.

This page covers popular searches such as free encanto printable, free encanto for kids, free coloring pages and gives you a repeatable flow for high-quality results. Start with a short style instruction like clean line art, then keep details age-appropriate and easy to print. If a preview looks too busy, remove extra objects and regenerate with fewer scene elements.

After generation, download PNG for digital coloring or PDF for print packs. For classroom use, test one page first, then keep the same prompt pattern for the rest of the set. For /free-coloring-pages/encanto-coloring-pages, this approach keeps quality consistent while reducing rewrite time each time you refresh content. You can also save successful prompt variations by age group so teams can launch new themed pages faster.

To improve outcomes over time, keep notes on which free encanto coloring pages prompts produce the clearest outlines. Reuse those winning prompt styles for future pages, and adjust only subject details so each new sheet stays unique without losing readability, print quality, or family-safe tone.",Create Similar Page,/create,Browse Free Categories,/free-coloring-pages,"Create a family-safe printable coloring page for Free Encanto Coloring Pages. Theme focus: free encanto coloring pages. Use bold black outlines, white background, and clear open areas for coloring.",/static/images/programmatic/encanto-coloring-pages-hero.png,Generate free encanto coloring pages with family-safe prompt handling.|Produce clean outlines that print clearly on standard paper.|Download PNG and PDF files instantly for classroom or home use.,Can I use this for free encanto coloring pages?::Yes. The workflow is optimized for printable line art and repeatable prompt quality.||How do I keep pages family-safe?::Use age-appropriate prompts and keep sensitive topics out of the request. Unsafe input is filtered.,published,"free encanto coloring pages,encanto coloring pages,printable coloring pages",2026-02-13T10:04:24.180444+00:00,generated,generated,free encanto coloring pages,free encanto printable|free encanto for kids|free coloring pages|pdf coloring page download,"Provide helpful, family-safe information about Free Encanto Coloring Pages and direct users to create printable pages.",,4:5,,static/images/programmatic/encanto-coloring-pages-hero.png,2e7ac9db8ebf65666748c22607720b36bf3205809ebc4a202326f32c7aae6f19,readability-20260213,2026-02-13T10:04:24.180444+00:00,,
page,/free-coloring-pages/fairy-coloring-pages,fairy-coloring-pages,Free Fairy Coloring Pages,"Free Fairy Coloring Pages on ColorfulMe. Create free fairy coloring pages with family-safe prompts, clean printable outlines, and one-click PNG or PDF.",Free Fairy Coloring Pages,"Free Fairy Coloring Pages helps you create free fairy coloring pages in seconds using a guided, family-safe workflow. Use this page to get clear printable line art, practical prompt ideas, and export-ready files for school activities, home crafts, and quick print projects. Provide helpful, family-safe information about Free Fairy Coloring Pages and direct users to create printable pages.","Free Fairy Coloring Pages helps parents, teachers, and creators produce dependable free fairy coloring pages pages with less editing. Use one clear subject, one scene, and a family-safe tone so the generated outline stays simple and printable. When prompts are focused, the result is cleaner line art with open spaces that are easier for kids to color.

This page covers popular searches such as free fairy printable, free fairy for kids, free coloring pages and gives you a repeatable flow for high-quality results. Start with a short style instruction like clean line art, then keep details age-appropriate and easy to print. If a preview looks too busy, remove extra objects and regenerate with fewer scene elements.

After generation, download PNG for digital coloring or PDF for print packs. For classroom use, test one page first, then keep the same prompt pattern for the rest of the set. For /free-coloring-pages/fairy-coloring-pages, this approach keeps quality consistent while reducing rewrite time each time you refresh content. You can also save successful prompt variations by age group so teams can launch new themed pages faster.

To improve outcomes over time, keep notes on which free fairy coloring pages prompts produce the clearest outlines. Reuse those winning prompt styles for future pages, and adjust only subject details so each new sheet stays unique without losing readability, print quality, or family-safe tone.",Create Similar Page,/create,Browse Free Categories,/free-coloring-pages,"Create a family-safe printable coloring page for Free Fairy Coloring Pages. Theme focus: free fairy coloring pages. Use bold black outlines, white background, and clear open areas for coloring.",/static/images/programmatic/fairy-coloring-pages-hero.png,Generate free fairy coloring pages with family-safe prompt handling.|Produce clean outlines that print clearly on standard paper.|Download PNG and PDF files instantly for classroom or home use.,Can I use this for free fairy coloring pages?::Yes. The workflow is optimized for printable line art and repeatable prompt quality.||How do I keep pages family-safe?::Use age-appropriate prompts and keep sensitive topics out of the request. Unsafe input is filtered.,published,"free fairy coloring pages,fairy coloring pages,printable coloring pages",2026-02-13T10:04:24.186180+00:00,generated,generated,free fairy coloring pages,free fairy printable|free fairy for kids|free coloring pages|pdf coloring page download,"Provide helpful, family-safe information about Free Fairy Coloring Pages and direct users to create printable pages.",,4:5,,static/images/programmatic/fairy-coloring-pages-hero.png,01fbf8ac3b83f37baf265963437302c2dab739e0b38ccaad968f5231b4e8714b,readability-20260213,2026-02-13T10:04:24.186180+00:00,,
page,/free-coloring-pages/fall-coloring-pages,fall-coloring-pages,Free Fall Coloring Pages,"Free Fall Coloring Pages on ColorfulMe. Create free fall coloring pages with family-safe prompts, clean printable outlines, and one-click PNG or PDF downloads.",Free Fall Coloring Pages,"Free Fall Coloring Pages helps you create free fall coloring pages in seconds using a guided, family-safe workflow. Use this page to get clear printable line art, practical prompt ideas, and export-ready files for school activities, home crafts, and quick print projects. Provide helpful, family-safe information about Free Fall Coloring Pages and direct users to create printable pages.","Free Fall Coloring Pages helps parents, teachers, and creators produce dependable free fall coloring pages pages with less editing. Use one clear subject, one scene, and a family-safe tone so the generated outline stays simple and printable. When prompts are focused, the result is cleaner line art with open spaces that are easier for kids to color.

This page covers popular searches such as free fall printable, free fall for kids, free coloring pages and gives you a repeatable flow for high-quality results. Start with a short style instruction like clean line art, then keep details age-appropriate and easy to print. If a preview looks too busy, remove extra objects and regenerate with fewer scene elements.

After generation, download PNG for digital coloring or PDF for print packs. For classroom use, test one page first, then keep the same prompt pattern for the rest of the set. For /free-coloring-pages/fall-coloring-pages, this approach keeps quality consistent while reducing rewrite time each time you refresh content. You can also save successful prompt variations by age group so teams can launch new themed pages faster.

To improve outcomes over time, keep notes on which free fall coloring pages prompts produce the clearest outlines. Reuse those winning prompt styles for future pages, and adjust only subject details so each new sheet stays unique without losing readability, print quality, or family-safe tone.",Create Similar Page,/create,Browse Free Categories,/free-coloring-pages,"Create a family-safe printable coloring page for Free Fall Coloring Pages. Theme focus: free fall coloring pages. Use bold black outlines, white background, and clear open areas for coloring.",/static/images/programmatic/fall-coloring-pages-hero.png,Generate free fall coloring pages with family-safe prompt handling.|Produce clean outlines that print clearly on standard paper.|Download PNG and PDF files instantly for classroom or home use.,Can I use this for free fall coloring pages?::Yes. The workflow is optimized for printable line art and repeatable prompt quality.||How do I keep pages family-safe?::Use age-appropriate prompts and keep sensitive topics out of the request. Unsafe input is filtered.,published,"free fall coloring pages,fall coloring pages,printable coloring pages",2026-02-13T10:04:24.189657+00:00,generated,generated,free fall coloring pages,free fall printable|free fall for kids|free coloring pages|pdf coloring page download,"Provide helpful, family-safe information about Free Fall Coloring Pages and direct users to create printable pages.",,4:5,,static/images/programmatic/fall-coloring-pages-hero.png,01c1c3e85a73c878ead0cd59c6a9f63029b266e93b2ca1774251b67684a92471,readability-20260213,2026-02-13T10:04:24.189657+00:00,,
page,/free-coloring-pages/february,february,Free February Coloring Pages,"Free February Coloring Pages on ColorfulMe. Create free february coloring pages with family-safe prompts, clean printable outlines, and one-click PNG or PDF.",Free February Coloring Pages,"Free February Coloring Pages helps you create free february coloring pages in seconds using a guided, family-safe workflow. Use this page to get clear printable line art, practical prompt ideas, and export-ready files for school activities, home crafts, and quick print projects. Provide helpful, family-safe information about Free February Coloring Pages and direct users to create printable pages.","Free February Coloring Pages helps parents, teachers, and creators produce dependable free february coloring pages pages with less editing. Use one clear subject, one scene, and a family-safe tone so the generated outline stays simple and printable. When prompts are focused, the result is cleaner line art with open spaces that are easier for kids to color.

This page covers popular searches such as free february printable, free february for kids, free coloring pages and gives you a repeatable flow for high-quality results. Start with a short style instruction like clean line art, then keep details age-appropriate and easy to print. If a preview looks too busy, remove extra objects and regenerate with fewer scene elements.

After generation, download PNG for digital coloring or PDF for print packs. For classroom use, test one page first, then keep the same prompt pattern for the rest of the set. For /free-coloring-pages/february, this approach keeps quality consistent while reducing rewrite time each time you refresh content. You can also save successful prompt variations by age group so teams can launch new themed pages faster.

To improve outcomes over time, keep notes on which free february coloring pages prompts produce the clearest outlines. Reuse those winning prompt styles for future pages, and adjust only subject details so each new sheet stays unique without losing readability, print quality, or family-safe tone.",Create Similar Page,/create,Browse Free Categories,/free-coloring-pages,"Create a family-safe printable coloring page for Free February Coloring Pages. Theme focus: free february coloring pages. Use bold black outlines, white background, and clear open areas for coloring.",/static/images/programmatic/february-hero.png,Generate free february coloring pages with family-safe prompt handling.|Produce clean outlines that print clearly on standard paper.|Download PNG and PDF files instantly for classroom or home use.,Can I use this for free february coloring pages?::Yes. The workflow is optimized for printable line art and repeatable prompt quality.||How do I keep pages family-safe?::Use age-appropriate prompts and keep sensitive topics out of the request. Unsafe input is filtered.,published,"free february coloring pages,february coloring pages,printable coloring pages",2026-02-13T10:04:24.193786+00:00,generated,generated,free february coloring pages,free february printable|free february for kids|free coloring pages|pdf coloring page download,"Provide helpful, family-safe information about Free February Coloring Pages and direct users to create printable pages.",,4:5,,static/images/programmatic/february-hero.png,c4ddf3288d8da6eb9bb7974956b3ac6f1839292468678e9fd1f7064c8d68c59c,readability-20260213,2026-02-13T10:04:24.193786+00:00,,
page,/free-coloring-pages/flamingo-coloring-pages,flamingo-coloring-pages,Free Flamingo Coloring Pages,"Free Flamingo Coloring Pages on ColorfulMe. Create free flamingo coloring pages with family-safe prompts, clean printable outlines, and one-click PNG or PDF.",Free Flamingo Coloring Pages,"Free Flamingo Coloring Pages helps you create free flamingo coloring pages in seconds using a guided, family-safe workflow. Use this page to get clear printable line art, practical prompt ideas, and export-ready files for school activities, home crafts, and quick print projects. Provide helpful, family-safe information about Free Flamingo Coloring Pages and direct users to create printable pages.","Free Flamingo Coloring Pages helps parents, teachers, and creators produce dependable free flamingo coloring pages pages with less editing. Use one clear subject, one scene, and a family-safe tone so the generated outline stays simple and printable. When prompts are focused, the result is cleaner line art with open spaces that are easier for kids to color.

This page covers popular searches such as free flamingo printable, free flamingo for kids, free coloring pages and gives you a repeatable flow for high-quality results. Start with a short style instruction like clean line art, then keep details age-appropriate and easy to print. If a preview looks too busy, remove extra objects and regenerate with fewer scene elements.

After generation, download PNG for digital coloring or PDF for print packs. For classroom use, test one page first, then keep the same prompt pattern for the rest of the set. For /free-coloring-pages/flamingo-coloring-pages, this approach keeps quality consistent while reducing rewrite time each time you refresh content. You can also save successful prompt variations by age group so teams can launch new themed pages faster.

To improve outcomes over time, keep notes on which free flamingo coloring pages prompts produce the clearest outlines. Reuse those winning prompt styles for future pages, and adjust only subject details so each new sheet stays unique without losing readability, print quality, or family-safe tone.",Create Similar Page,/create,Browse Free Categories,/free-coloring-pages,"Create a family-safe printable coloring page for Free Flamingo Coloring Pages. Theme focus: free flamingo coloring pages. Use bold black outlines, white background, and clear open areas for coloring.",/static/images/programmatic/flamingo-coloring-pages-hero.png,Generate free flamingo coloring pages with family-safe prompt handling.|Produce clean outlines that print clearly on standard paper.|Download PNG and PDF files instantly for classroom or home use.,Can I use this for free flamingo coloring pages?::Yes. The workflow is optimized for printable line art and repeatable prompt quality.||How do I keep pages family-safe?::Use age-appropriate prompts and keep sensitive topics out of the request. Unsafe input is filtered.,published,"free flamingo coloring pages,flamingo coloring pages,printable coloring pages",2026-02-13T10:04:24.216215+00:00,generated,generated,free flamingo coloring pages,free flamingo printable|free flamingo for kids|free coloring pages|pdf coloring page download,"Provide helpful, family-safe information about Free Flamingo Coloring Pages and direct users to create printable pages.",,4:5,,static/images/programmatic/flamingo-coloring-pages-hero.png,7ca6da4e05456b851105ede772c0e748dc6bb5859c23b5ade36efba26dfea1a3,readability-20260213,2026-02-13T10:04:24.216215+00:00,,
page,/free-coloring-pages/flash-coloring-pages,flash-coloring-pages,Free Flash Coloring Pages,"Free Flash Coloring Pages on ColorfulMe. Create free flash coloring pages with family-safe prompts, clean printable outlines, and one-click PNG or PDF.",Free Flash Coloring Pages,"Free Flash Coloring Pages helps you create free flash coloring pages in seconds using a guided, family-safe workflow. Use this page to get clear printable line art, practical prompt ideas, and export-ready files for school activities, home crafts, and quick print projects. Provide helpful, family-safe information about Free Flash Coloring Pages and direct users to create printable pages.","Free Flash Coloring Pages helps parents, teachers, and creators produce dependable free flash coloring pages pages with less editing. Use one clear subject, one scene, and a family-safe tone so the generated outline stays simple and printable. When prompts are focused, the result is cleaner line art with open spaces that are easier for kids to color.

This page covers popular searches such as free flash printable, free flash for kids, free coloring pages and gives you a repeatable flow for high-quality results. Start with a short style instruction like clean line art, then keep details age-appropriate and easy to print. If a preview looks too busy, remove extra objects and regenerate with fewer scene elements.

After generation, download PNG for digital coloring or PDF for print packs. For classroom use, test one page first, then keep the same prompt pattern for the rest of the set. For /free-coloring-pages/flash-coloring-pages, this approach keeps quality consistent while reducing rewrite time each time you refresh content. You can also save successful prompt variations by age group so teams can launch new themed pages faster.

To improve outcomes over time, keep notes on which free flash coloring pages prompts produce the clearest outlines. Reuse those winning prompt styles for future pages, and adjust only subject details so each new sheet stays unique without losing readability, print quality, or family-safe tone.",Create Similar Page,/create,Browse Free Categories,/free-coloring-pages,"Create a family-safe printable coloring page for Free Flash Coloring Pages. Theme focus: free flash coloring pages. Use bold black outlines, white background, and clear open areas for coloring.",/static/images/programmatic/flash-coloring-pages-hero.png,Generate free flash coloring pages with family-safe prompt handling.|Produce clean outlines that print clearly on standard paper.|Download PNG and PDF files instantly for classroom or home use.,Can I use this for free flash coloring pages?::Yes. The workflow is optimized for printable line art and repeatable prompt quality.||How do I keep pages family-safe?::Use age-appropriate prompts and keep sensitive topics out of the request. Unsafe input is filtered.,published,"free flash coloring pages,flash coloring pages,printable coloring pages",2026-02-13T10:04:24.221372+00:00,generated,generated,free flash coloring pages,free flash printable|free flash for kids|free coloring pages|pdf coloring page download,"Provide helpful, family-safe information about Free Flash Coloring Pages and direct users to create printable pages.",,4:5,,static/images/programmatic/flash-coloring-pages-hero.png,3dcbee7f38098fdc5122ba95d222e6930fe80113d236d10cf1232ee35dd7f0c0,readability-20260213,2026-02-13T10:04:24.221372+00:00,,
page,/free-coloring-pages/flower-coloring-pages,flower-coloring-pages,Free Flower Coloring Pages,"Free Flower Coloring Pages on ColorfulMe. Create free flower coloring pages with family-safe prompts, clean printable outlines, and one-click PNG or PDF.",Free Flower Coloring Pages,"Free Flower Coloring Pages helps you create free flower coloring pages in seconds using a guided, family-safe workflow. Use this page to get clear printable line art, practical prompt ideas, and export-ready files for school activities, home crafts, and quick print projects. Provide helpful, family-safe information about Free Flower Coloring Pages and direct users to create printable pages.","Free Flower Coloring Pages helps parents, teachers, and creators produce dependable free flower coloring pages pages with less editing. Use one clear subject, one scene, and a family-safe tone so the generated outline stays simple and printable. When prompts are focused, the result is cleaner line art with open spaces that are easier for kids to color.

This page covers popular searches such as free flower printable, free flower for kids, free coloring pages and gives you a repeatable flow for high-quality results. Start with a short style instruction like clean line art, then keep details age-appropriate and easy to print. If a preview looks too busy, remove extra objects and regenerate with fewer scene elements.

After generation, download PNG for digital coloring or PDF for print packs. For classroom use, test one page first, then keep the same prompt pattern for the rest of the set. For /free-coloring-pages/flower-coloring-pages, this approach keeps quality consistent while reducing rewrite time each time you refresh content. You can also save successful prompt variations by age group so teams can launch new themed pages faster.

To improve outcomes over time, keep notes on which free flower coloring pages prompts produce the clearest outlines. Reuse those winning prompt styles for future pages, and adjust only subject details so each new sheet stays unique without losing readability, print quality, or family-safe tone.",Create Similar Page,/create,Browse Free Categories,/free-coloring-pages,"Create a family-safe printable coloring page for Free Flower Coloring Pages. Theme focus: free flower coloring pages. Use bold black outlines, white background, and clear open areas for coloring.",/static/images/programmatic/flower-coloring-pages-hero.png,Generate free flower coloring pages with family-safe prompt handling.|Produce clean outlines that print clearly on standard paper.|Download PNG and PDF files instantly for classroom or home use.,Can I use this for free flower coloring pages?::Yes. The workflow is optimized for printable line art and repeatable prompt quality.||How do I keep pages family-safe?::Use age-appropriate prompts and keep sensitive topics out of the request. Unsafe input is filtered.,published,"free flower coloring pages,flower coloring pages,printable coloring pages",2026-02-13T10:04:24.230651+00:00,generated,generated,free flower coloring pages,free flower printable|free flower for kids|free coloring pages|pdf coloring page download,"Provide helpful, family-safe information about Free Flower Coloring Pages and direct users to create printable pages.",,4:5,,static/images/programmatic/flower-coloring-pages-hero.png,1c5739e1385db3040b4ed02ca3ff6e176a1223a81390a6baa4dc6183d88a83d9,readability-20260213,2026-02-13T10:04:24.230651+00:00,,
page,/free-coloring-pages/gabbys-dollhouse-coloring-pages,gabbys-dollhouse-coloring-pages,Free Gabbys Dollhouse Coloring Pages,"Free Gabbys Dollhouse Coloring Pages on ColorfulMe. Create free gabbys dollhouse coloring pages with family-safe prompts, clean printable outlines, and.",Free Gabbys Dollhouse Coloring Pages,"Free Gabbys Dollhouse Coloring Pages helps you create free gabbys dollhouse coloring pages in seconds using a guided, family-safe workflow. Use this page to get clear printable line art, practical prompt ideas, and export-ready files for school activities, home crafts, and quick print projects. Provide helpful, family-safe information about Free Gabbys Dollhouse Coloring Pages and direct users to create printable","Free Gabbys Dollhouse Coloring Pages helps parents, teachers, and creators produce dependable free gabbys dollhouse coloring pages pages with less editing. Use one clear subject, one scene, and a family-safe tone so the generated outline stays simple and printable. When prompts are focused, the result is cleaner line art with open spaces that are easier for kids to color.

This page covers popular searches such as free gabbys printable, free gabbys for kids, free coloring pages and gives you a repeatable flow for high-quality results. Start with a short style instruction like clean line art, then keep details age-appropriate and easy to print. If a preview looks too busy, remove extra objects and regenerate with fewer scene elements.

After generation, download PNG for digital coloring or PDF for print packs. For classroom use, test one page first, then keep the same prompt pattern for the rest of the set. For /free-coloring-pages/gabbys-dollhouse-coloring-pages, this approach keeps quality consistent while reducing rewrite time each time you refresh content. You can also save successful prompt variations by age group so teams can launch new themed pages faster.

To improve outcomes over time, keep notes on which free gabbys dollhouse coloring pages prompts produce the clearest outlines. Reuse those winning prompt styles for future pages, and adjust only subject details so each new sheet stays unique without losing readability, print quality, or family-safe tone.",Create Similar Page,/create,Browse Free Categories,/free-coloring-pages,"Create a family-safe printable coloring page for Free Gabbys Dollhouse Coloring Pages. Theme focus: free gabbys dollhouse coloring pages. Use bold black outlines, white background, and clear open areas for coloring.",/static/images/programmatic/gabbys-dollhouse-coloring-pages-hero.png,Generate free gabbys dollhouse coloring pages with family-safe prompt handling.|Produce clean outlines that print clearly on standard paper.|Download PNG and PDF files instantly for classroom or home use.,Can I use this for free gabbys dollhouse coloring pages?::Yes. The workflow is optimized for printable line art and repeatable prompt quality.||How do I keep pages family-safe?::Use age-appropriate prompts and keep sensitive topics out of the request. Unsafe input is filtered.,published,"free gabbys dollhouse coloring pages,gabbys dollhouse coloring pages,printable coloring pages",2026-02-13T10:04:24.234578+00:00,generated,generated,free gabbys dollhouse coloring pages,free gabbys printable|free gabbys for kids|free coloring pages|pdf coloring page download,"Provide helpful, family-safe information about Free Gabbys Dollhouse Coloring Pages and direct users to create printable pages.",,4:5,,static/images/programmatic/gabbys-dollhouse-coloring-pages-hero.png,605eafcb2bc80f615f298084420ae0cd63b25ec01e4b45be42e4be722e00b88c,readability-20260213,2026-02-13T10:04:24.234578+00:00,,
page,/free-coloring-pages/garten-of-banban-coloring-pages,garten-of-banban-coloring-pages,Free Garten Of Banban Coloring Pages,"Free Garten Of Banban Coloring Pages on ColorfulMe. Create free garten of banban coloring pages with family-safe prompts, clean printable outlines, and.",Free Garten Of Banban Coloring Pages,"Free Garten Of Banban Coloring Pages helps you create free garten of banban coloring pages in seconds using a guided, family-safe workflow. Use this page to get clear printable line art, practical prompt ideas, and export-ready files for school activities, home crafts, and quick print projects. Provide helpful, family-safe information about Free Garten Of Banban Coloring Pages and direct users","Free Garten Of Banban Coloring Pages helps parents, teachers, and creators produce dependable free garten of banban coloring pages pages with less editing. Use one clear subject, one scene, and a family-safe tone so the generated outline stays simple and printable. When prompts are focused, the result is cleaner line art with open spaces that are easier for kids to color.

This page covers popular searches such as free garten printable, free garten for kids, free coloring pages and gives you a repeatable flow for high-quality results. Start with a short style instruction like clean line art, then keep details age-appropriate and easy to print. If a preview looks too busy, remove extra objects and regenerate with fewer scene elements.

After generation, download PNG for digital coloring or PDF for print packs. For classroom use, test one page first, then keep the same prompt pattern for the rest of the set. For /free-coloring-pages/garten-of-banban-coloring-pages, this approach keeps quality consistent while reducing rewrite time each time you refresh content. You can also save successful prompt variations by age group so teams can launch new themed pages faster.

To improve outcomes over time, keep notes on which free garten of banban coloring pages prompts produce the clearest outlines. Reuse those winning prompt styles for future pages, and adjust only subject details so each new sheet stays unique without losing readability, print quality, or family-safe tone.",Create Similar Page,/create,Browse Free Categories,/free-coloring-pages,"Create a family-safe printable coloring page for Free Garten Of Banban Coloring Pages. Theme focus: free garten of banban coloring pages. Use bold black outlines, white background, and clear open areas for coloring.",/static/images/programmatic/garten-of-banban-coloring-pages-hero.png,Generate free garten of banban coloring pages with family-safe prompt handling.|Produce clean outlines that print clearly on standard paper.|Download PNG and PDF files instantly for classroom or home use.,Can I use this for free garten of banban coloring pages?::Yes. The workflow is optimized for printable line art and repeatable prompt quality.||How do I keep pages family-safe?::Use age-appropriate prompts and keep sensitive topics out of the request. Unsafe input is filtered.,published,"free garten of banban coloring pages,garten of banban coloring pages,printable coloring pages",2026-02-13T10:04:24.239723+00:00,generated,generated,free garten of banban coloring pages,free garten printable|free garten for kids|free coloring pages|pdf coloring page download,"Provide helpful, family-safe information about Free Garten Of Banban Coloring Pages and direct users to create printable pages.",,4:5,,static/images/programmatic/garten-of-banban-coloring-pages-hero.png,d95e92b4b46c7895e82b1bf999742c19a633dd28ac2526024f9f5f811371140b,readability-20260213,2026-02-13T10:04:24.239723+00:00,,
page,/free-coloring-pages/gingerbread-house-coloring-pages,gingerbread-house-coloring-pages,Free Gingerbread House Coloring Pages,"Free Gingerbread House Coloring Pages on ColorfulMe. Create free gingerbread house coloring pages with family-safe prompts, clean printable outlines, and.",Free Gingerbread House Coloring Pages,"Free Gingerbread House Coloring Pages helps you create free gingerbread house coloring pages in seconds using a guided, family-safe workflow. Use this page to get clear printable line art, practical prompt ideas, and export-ready files for school activities, home crafts, and quick print projects. Provide helpful, family-safe information about Free Gingerbread House Coloring Pages and direct users to create printable","Free Gingerbread House Coloring Pages helps parents, teachers, and creators produce dependable free gingerbread house coloring pages pages with less editing. Use one clear subject, one scene, and a family-safe tone so the generated outline stays simple and printable. When prompts are focused, the result is cleaner line art with open spaces that are easier for kids to color.

This page covers popular searches such as free gingerbread printable, free gingerbread for kids, free coloring pages and gives you a repeatable flow for high-quality results. Start with a short style instruction like clean line art, then keep details age-appropriate and easy to print. If a preview looks too busy, remove extra objects and regenerate with fewer scene elements.

After generation, download PNG for digital coloring or PDF for print packs. For classroom use, test one page first, then keep the same prompt pattern for the rest of the set. For /free-coloring-pages/gingerbread-house-coloring-pages, this approach keeps quality consistent while reducing rewrite time each time you refresh content. You can also save successful prompt variations by age group so teams can launch new themed pages faster.

To improve outcomes over time, keep notes on which free gingerbread house coloring pages prompts produce the clearest outlines. Reuse those winning prompt styles for future pages, and adjust only subject details so each new sheet stays unique without losing readability, print quality, or family-safe tone.",Create Similar Page,/create,Browse Free Categories,/free-coloring-pages,"Create a family-safe printable coloring page for Free Gingerbread House Coloring Pages. Theme focus: free gingerbread house coloring pages. Use bold black outlines, white background, and clear open areas for coloring.",/static/images/programmatic/gingerbread-house-coloring-pages-hero.png,Generate free gingerbread house coloring pages with family-safe prompt handling.|Produce clean outlines that print clearly on standard paper.|Download PNG and PDF files instantly for classroom or home use.,Can I use this for free gingerbread house coloring pages?::Yes. The workflow is optimized for printable line art and repeatable prompt quality.||How do I keep pages family-safe?::Use age-appropriate prompts and keep sensitive topics out of the request. Unsafe input is filtered.,published,"free gingerbread house coloring pages,gingerbread house coloring pages,printable coloring pages",2026-02-13T10:04:24.245182+00:00,generated,generated,free gingerbread house coloring pages,free gingerbread printable|free gingerbread for kids|free coloring pages|pdf coloring page download,"Provide helpful, family-safe information about Free Gingerbread House Coloring Pages and direct users to create printable pages.",,4:5,,static/images/programmatic/gingerbread-house-coloring-pages-hero.png,c436de3051b84ff64bd7bbd2984f57cf592257fa4f2545f3f15e645a37b0ccfb,readability-20260213,2026-02-13T10:04:24.245182+00:00,,
page,/free-coloring-pages/gnome-coloring-pages,gnome-coloring-pages,Free Gnome Coloring Pages,"Free Gnome Coloring Pages on ColorfulMe. Create free gnome coloring pages with family-safe prompts, clean printable outlines, and one-click PNG or PDF.",Free Gnome Coloring Pages,"Free Gnome Coloring Pages helps you create free gnome coloring pages in seconds using a guided, family-safe workflow. Use this page to get clear printable line art, practical prompt ideas, and export-ready files for school activities, home crafts, and quick print projects. Provide helpful, family-safe information about Free Gnome Coloring Pages and direct users to create printable pages.","Free Gnome Coloring Pages helps parents, teachers, and creators produce dependable free gnome coloring pages pages with less editing. Use one clear subject, one scene, and a family-safe tone so the generated outline stays simple and printable. When prompts are focused, the result is cleaner line art with open spaces that are easier for kids to color.

This page covers popular searches such as free gnome printable, free gnome for kids, free coloring pages and gives you a repeatable flow for high-quality results. Start with a short style instruction like clean line art, then keep details age-appropriate and easy to print. If a preview looks too busy, remove extra objects and regenerate with fewer scene elements.

After generation, download PNG for digital coloring or PDF for print packs. For classroom use, test one page first, then keep the same prompt pattern for the rest of the set. For /free-coloring-pages/gnome-coloring-pages, this approach keeps quality consistent while reducing rewrite time each time you refresh content. You can also save successful prompt variations by age group so teams can launch new themed pages faster.

To improve outcomes over time, keep notes on which free gnome coloring pages prompts produce the clearest outlines. Reuse those winning prompt styles for future pages, and adjust only subject details so each new sheet stays unique without losing readability, print quality, or family-safe tone.",Create Similar Page,/create,Browse Free Categories,/free-coloring-pages,"Create a family-safe printable coloring page for Free Gnome Coloring Pages. Theme focus: free gnome coloring pages. Use bold black outlines, white background, and clear open areas for coloring.",/static/images/programmatic/gnome-coloring-pages-hero.png,Generate free gnome coloring pages with family-safe prompt handling.|Produce clean outlines that print clearly on standard paper.|Download PNG and PDF files instantly for classroom or home use.,Can I use this for free gnome coloring pages?::Yes. The workflow is optimized for printable line art and repeatable prompt quality.||How do I keep pages family-safe?::Use age-appropriate prompts and keep sensitive topics out of the request. Unsafe input is filtered.,published,"free gnome coloring pages,gnome coloring pages,printable coloring pages",2026-02-13T10:04:24.250190+00:00,generated,generated,free gnome coloring pages,free gnome printable|free gnome for kids|free coloring pages|pdf coloring page download,"Provide helpful, family-safe information about Free Gnome Coloring Pages and direct users to create printable pages.",,4:5,,static/images/programmatic/gnome-coloring-pages-hero.png,026621f87132331fa2d3e2a113c5c827e0df7637f2925f08393624710f36b3f4,readability-20260213,2026-02-13T10:04:24.250190+00:00,,
page,/free-coloring-pages/godzilla-coloring-pages,godzilla-coloring-pages,Free Godzilla Coloring Pages,"Free Godzilla Coloring Pages on ColorfulMe. Create free godzilla coloring pages with family-safe prompts, clean printable outlines, and one-click PNG or PDF.",Free Godzilla Coloring Pages,"Free Godzilla Coloring Pages helps you create free godzilla coloring pages in seconds using a guided, family-safe workflow. Use this page to get clear printable line art, practical prompt ideas, and export-ready files for school activities, home crafts, and quick print projects. Provide helpful, family-safe information about Free Godzilla Coloring Pages and direct users to create printable pages.","Free Godzilla Coloring Pages helps parents, teachers, and creators produce dependable free godzilla coloring pages pages with less editing. Use one clear subject, one scene, and a family-safe tone so the generated outline stays simple and printable. When prompts are focused, the result is cleaner line art with open spaces that are easier for kids to color.

This page covers popular searches such as free godzilla printable, free godzilla for kids, free coloring pages and gives you a repeatable flow for high-quality results. Start with a short style instruction like clean line art, then keep details age-appropriate and easy to print. If a preview looks too busy, remove extra objects and regenerate with fewer scene elements.

After generation, download PNG for digital coloring or PDF for print packs. For classroom use, test one page first, then keep the same prompt pattern for the rest of the set. For /free-coloring-pages/godzilla-coloring-pages, this approach keeps quality consistent while reducing rewrite time each time you refresh content. You can also save successful prompt variations by age group so teams can launch new themed pages faster.

To improve outcomes over time, keep notes on which free godzilla coloring pages prompts produce the clearest outlines. Reuse those winning prompt styles for future pages, and adjust only subject details so each new sheet stays unique without losing readability, print quality, or family-safe tone.",Create Similar Page,/create,Browse Free Categories,/free-coloring-pages,"Create a family-safe printable coloring page for Free Godzilla Coloring Pages. Theme focus: free godzilla coloring pages. Use bold black outlines, white background, and clear open areas for coloring.",/static/images/programmatic/godzilla-coloring-pages-hero.png,Generate free godzilla coloring pages with family-safe prompt handling.|Produce clean outlines that print clearly on standard paper.|Download PNG and PDF files instantly for classroom or home use.,Can I use this for free godzilla coloring pages?::Yes. The workflow is optimized for printable line art and repeatable prompt quality.||How do I keep pages family-safe?::Use age-appropriate prompts and keep sensitive topics out of the request. Unsafe input is filtered.,published,"free godzilla coloring pages,godzilla coloring pages,printable coloring pages",2026-02-13T10:04:24.257107+00:00,generated,generated,free godzilla coloring pages,free godzilla printable|free godzilla for kids|free coloring pages|pdf coloring page download,"Provide helpful, family-safe information about Free Godzilla Coloring Pages and direct users to create printable pages.",,4:5,,static/images/programmatic/godzilla-coloring-pages-hero.png,fa0fb8af9d62c221ed1debc7c88af38122e47eb4b54bd01d1ce7a562bc4dca2a,readability-20260213,2026-02-13T10:04:24.257107+00:00,,
page,/free-coloring-pages/goku-coloring-pages,goku-coloring-pages,Free Goku Coloring Pages,"Free Goku Coloring Pages on ColorfulMe. Create free goku coloring pages with family-safe prompts, clean printable outlines, and one-click PNG or PDF downloads.",Free Goku Coloring Pages,"Free Goku Coloring Pages helps you create free goku coloring pages in seconds using a guided, family-safe workflow. Use this page to get clear printable line art, practical prompt ideas, and export-ready files for school activities, home crafts, and quick print projects. Provide helpful, family-safe information about Free Goku Coloring Pages and direct users to create printable pages.","Free Goku Coloring Pages helps parents, teachers, and creators produce dependable free goku coloring pages pages with less editing. Use one clear subject, one scene, and a family-safe tone so the generated outline stays simple and printable. When prompts are focused, the result is cleaner line art with open spaces that are easier for kids to color.

This page covers popular searches such as free goku printable, free goku for kids, free coloring pages and gives you a repeatable flow for high-quality results. Start with a short style instruction like clean line art, then keep details age-appropriate and easy to print. If a preview looks too busy, remove extra objects and regenerate with fewer scene elements.

After generation, download PNG for digital coloring or PDF for print packs. For classroom use, test one page first, then keep the same prompt pattern for the rest of the set. For /free-coloring-pages/goku-coloring-pages, this approach keeps quality consistent while reducing rewrite time each time you refresh content. You can also save successful prompt variations by age group so teams can launch new themed pages faster.

To improve outcomes over time, keep notes on which free goku coloring pages prompts produce the clearest outlines. Reuse those winning prompt styles for future pages, and adjust only subject details so each new sheet stays unique without losing readability, print quality, or family-safe tone.",Create Similar Page,/create,Browse Free Categories,/free-coloring-pages,"Create a family-safe printable coloring page for Free Goku Coloring Pages. Theme focus: free goku coloring pages. Use bold black outlines, white background, and clear open areas for coloring.",/static/images/programmatic/goku-coloring-pages-hero.png,Generate free goku coloring pages with family-safe prompt handling.|Produce clean outlines that print clearly on standard paper.|Download PNG and PDF files instantly for classroom or home use.,Can I use this for free goku coloring pages?::Yes. The workflow is optimized for printable line art and repeatable prompt quality.||How do I keep pages family-safe?::Use age-appropriate prompts and keep sensitive topics out of the request. Unsafe input is filtered.,published,"free goku coloring pages,goku coloring pages,printable coloring pages",2026-02-13T10:04:24.261045+00:00,generated,generated,free goku coloring pages,free goku printable|free goku for kids|free coloring pages|pdf coloring page download,"Provide helpful, family-safe information about Free Goku Coloring Pages and direct users to create printable pages.",,4:5,,static/images/programmatic/goku-coloring-pages-hero.png,ccc43442002a79044305ead212df9b5bd15bd47c1cc2e832da36d4fdec35c3ed,readability-20260213,2026-02-13T10:04:24.261045+00:00,,
page,/free-coloring-pages/halloween-coloring-pages,halloween-coloring-pages,Free Halloween Coloring Pages,"Free Halloween Coloring Pages on ColorfulMe. Create free halloween coloring pages with family-safe prompts, clean printable outlines, and one-click PNG or PDF.",Free Halloween Coloring Pages,"Free Halloween Coloring Pages helps you create free halloween coloring pages in seconds using a guided, family-safe workflow. Use this page to get clear printable line art, practical prompt ideas, and export-ready files for school activities, home crafts, and quick print projects. Provide helpful, family-safe information about Free Halloween Coloring Pages and direct users to create printable pages.","Free Halloween Coloring Pages helps parents, teachers, and creators produce dependable free halloween coloring pages pages with less editing. Use one clear subject, one scene, and a family-safe tone so the generated outline stays simple and printable. When prompts are focused, the result is cleaner line art with open spaces that are easier for kids to color.

This page covers popular searches such as free halloween printable, free halloween for kids, free coloring pages and gives you a repeatable flow for high-quality results. Start with a short style instruction like clean line art, then keep details age-appropriate and easy to print. If a preview looks too busy, remove extra objects and regenerate with fewer scene elements.

After generation, download PNG for digital coloring or PDF for print packs. For classroom use, test one page first, then keep the same prompt pattern for the rest of the set. For /free-coloring-pages/halloween-coloring-pages, this approach keeps quality consistent while reducing rewrite time each time you refresh content. You can also save successful prompt variations by age group so teams can launch new themed pages faster.

To improve outcomes over time, keep notes on which free halloween coloring pages prompts produce the clearest outlines. Reuse those winning prompt styles for future pages, and adjust only subject details so each new sheet stays unique without losing readability, print quality, or family-safe tone.",Create Similar Page,/create,Browse Free Categories,/free-coloring-pages,"Create a family-safe printable coloring page for Free Halloween Coloring Pages. Theme focus: free halloween coloring pages. Use bold black outlines, white background, and clear open areas for coloring.",/static/images/programmatic/halloween-coloring-pages-hero.png,Generate free halloween coloring pages with family-safe prompt handling.|Produce clean outlines that print clearly on standard paper.|Download PNG and PDF files instantly for classroom or home use.,Can I use this for free halloween coloring pages?::Yes. The workflow is optimized for printable line art and repeatable prompt quality.||How do I keep pages family-safe?::Use age-appropriate prompts and keep sensitive topics out of the request. Unsafe input is filtered.,published,"free halloween coloring pages,halloween coloring pages,printable coloring pages",2026-02-13T10:04:24.270933+00:00,generated,generated,free halloween coloring pages,free halloween printable|free halloween for kids|free coloring pages|pdf coloring page download,"Provide helpful, family-safe information about Free Halloween Coloring Pages and direct users to create printable pages.",,4:5,,static/images/programmatic/halloween-coloring-pages-hero.png,93530f66b3f525844fb1312047ff21e766760ce5e12df0183fc2c21286c2686f,readability-20260213,2026-02-13T10:04:24.270933+00:00,,
page,/free-coloring-pages/halloween-disney-coloring-pages,halloween-disney-coloring-pages,Free Halloween Disney Coloring Pages,"Free Halloween Disney Coloring Pages on ColorfulMe. Create free halloween disney coloring pages with family-safe prompts, clean printable outlines, and.",Free Halloween Disney Coloring Pages,"Free Halloween Disney Coloring Pages helps you create free halloween disney coloring pages in seconds using a guided, family-safe workflow. Use this page to get clear printable line art, practical prompt ideas, and export-ready files for school activities, home crafts, and quick print projects. Provide helpful, family-safe information about Free Halloween Disney Coloring Pages and direct users to create printable","Free Halloween Disney Coloring Pages helps parents, teachers, and creators produce dependable free halloween disney coloring pages pages with less editing. Use one clear subject, one scene, and a family-safe tone so the generated outline stays simple and printable. When prompts are focused, the result is cleaner line art with open spaces that are easier for kids to color.

This page covers popular searches such as free halloween printable, free halloween for kids, free coloring pages and gives you a repeatable flow for high-quality results. Start with a short style instruction like clean line art, then keep details age-appropriate and easy to print. If a preview looks too busy, remove extra objects and regenerate with fewer scene elements.

After generation, download PNG for digital coloring or PDF for print packs. For classroom use, test one page first, then keep the same prompt pattern for the rest of the set. For /free-coloring-pages/halloween-disney-coloring-pages, this approach keeps quality consistent while reducing rewrite time each time you refresh content. You can also save successful prompt variations by age group so teams can launch new themed pages faster.

To improve outcomes over time, keep notes on which free halloween disney coloring pages prompts produce the clearest outlines. Reuse those winning prompt styles for future pages, and adjust only subject details so each new sheet stays unique without losing readability, print quality, or family-safe tone.",Create Similar Page,/create,Browse Free Categories,/free-coloring-pages,"Create a family-safe printable coloring page for Free Halloween Disney Coloring Pages. Theme focus: free halloween disney coloring pages. Use bold black outlines, white background, and clear open areas for coloring.",/static/images/programmatic/halloween-disney-coloring-pages-hero.png,Generate free halloween disney coloring pages with family-safe prompt handling.|Produce clean outlines that print clearly on standard paper.|Download PNG and PDF files instantly for classroom or home use.,Can I use this for free halloween disney coloring pages?::Yes. The workflow is optimized for printable line art and repeatable prompt quality.||How do I keep pages family-safe?::Use age-appropriate prompts and keep sensitive topics out of the request. Unsafe input is filtered.,published,"free halloween disney coloring pages,halloween disney coloring pages,printable coloring pages",2026-02-13T10:04:24.275662+00:00,generated,generated,free halloween disney coloring pages,free halloween printable|free halloween for kids|free coloring pages|pdf coloring page download,"Provide helpful, family-safe information about Free Halloween Disney Coloring Pages and direct users to create printable pages.",,4:5,,static/images/programmatic/halloween-disney-coloring-pages-hero.png,0db326e0de75d495fcb0a85891a9683ebb9643485fa478d8908c19913c29bd58,readability-20260213,2026-02-13T10:04:24.275662+00:00,,
page,/free-coloring-pages/heart-coloring-pages,heart-coloring-pages,Free Heart Coloring Pages,"Free Heart Coloring Pages on ColorfulMe. Create free heart coloring pages with family-safe prompts, clean printable outlines, and one-click PNG or PDF.",Free Heart Coloring Pages,"Free Heart Coloring Pages helps you create free heart coloring pages in seconds using a guided, family-safe workflow. Use this page to get clear printable line art, practical prompt ideas, and export-ready files for school activities, home crafts, and quick print projects. Provide helpful, family-safe information about Free Heart Coloring Pages and direct users to create printable pages.","Free Heart Coloring Pages helps parents, teachers, and creators produce dependable free heart coloring pages pages with less editing. Use one clear subject, one scene, and a family-safe tone so the generated outline stays simple and printable. When prompts are focused, the result is cleaner line art with open spaces that are easier for kids to color.

This page covers popular searches such as free heart printable, free heart for kids, free coloring pages and gives you a repeatable flow for high-quality results. Start with a short style instruction like clean line art, then keep details age-appropriate and easy to print. If a preview looks too busy, remove extra objects and regenerate with fewer scene elements.

After generation, download PNG for digital coloring or PDF for print packs. For classroom use, test one page first, then keep the same prompt pattern for the rest of the set. For /free-coloring-pages/heart-coloring-pages, this approach keeps quality consistent while reducing rewrite time each time you refresh content. You can also save successful prompt variations by age group so teams can launch new themed pages faster.

To improve outcomes over time, keep notes on which free heart coloring pages prompts produce the clearest outlines. Reuse those winning prompt styles for future pages, and adjust only subject details so each new sheet stays unique without losing readability, print quality, or family-safe tone.",Create Similar Page,/create,Browse Free Categories,/free-coloring-pages,"Create a family-safe printable coloring page for Free Heart Coloring Pages. Theme focus: free heart coloring pages. Use bold black outlines, white background, and clear open areas for coloring.",/static/images/programmatic/heart-coloring-pages-hero.png,Generate free heart coloring pages with family-safe prompt handling.|Produce clean outlines that print clearly on standard paper.|Download PNG and PDF files instantly for classroom or home use.,Can I use this for free heart coloring pages?::Yes. The workflow is optimized for printable line art and repeatable prompt quality.||How do I keep pages family-safe?::Use age-appropriate prompts and keep sensitive topics out of the request. Unsafe input is filtered.,published,"free heart coloring pages,heart coloring pages,printable coloring pages",2026-02-13T10:04:24.279076+00:00,generated,generated,free heart coloring pages,free heart printable|free heart for kids|free coloring pages|pdf coloring page download,"Provide helpful, family-safe information about Free Heart Coloring Pages and direct users to create printable pages.",,4:5,,static/images/programmatic/heart-coloring-pages-hero.png,0671cd6a90c0bfb1edf77529634c4ca5ee08c893f38e3c2eac5b23d5abb4589a,readability-20260213,2026-02-13T10:04:24.279076+00:00,,
page,/free-coloring-pages/hello-kitty-coloring-pages,hello-kitty-coloring-pages,Free Hello Kitty Coloring Pages,"Free Hello Kitty Coloring Pages on ColorfulMe. Create free hello kitty coloring pages with family-safe prompts, clean printable outlines, and one-click PNG or.",Free Hello Kitty Coloring Pages,"Free Hello Kitty Coloring Pages helps you create free hello kitty coloring pages in seconds using a guided, family-safe workflow. Use this page to get clear printable line art, practical prompt ideas, and export-ready files for school activities, home crafts, and quick print projects. Provide helpful, family-safe information about Free Hello Kitty Coloring Pages and direct users to create printable","Free Hello Kitty Coloring Pages helps parents, teachers, and creators produce dependable free hello kitty coloring pages pages with less editing. Use one clear subject, one scene, and a family-safe tone so the generated outline stays simple and printable. When prompts are focused, the result is cleaner line art with open spaces that are easier for kids to color.

This page covers popular searches such as free hello printable, free hello for kids, free coloring pages and gives you a repeatable flow for high-quality results. Start with a short style instruction like clean line art, then keep details age-appropriate and easy to print. If a preview looks too busy, remove extra objects and regenerate with fewer scene elements.

After generation, download PNG for digital coloring or PDF for print packs. For classroom use, test one page first, then keep the same prompt pattern for the rest of the set. For /free-coloring-pages/hello-kitty-coloring-pages, this approach keeps quality consistent while reducing rewrite time each time you refresh content. You can also save successful prompt variations by age group so teams can launch new themed pages faster.

To improve outcomes over time, keep notes on which free hello kitty coloring pages prompts produce the clearest outlines. Reuse those winning prompt styles for future pages, and adjust only subject details so each new sheet stays unique without losing readability, print quality, or family-safe tone.",Create Similar Page,/create,Browse Free Categories,/free-coloring-pages,"Create a family-safe printable coloring page for Free Hello Kitty Coloring Pages. Theme focus: free hello kitty coloring pages. Use bold black outlines, white background, and clear open areas for coloring.",/static/images/programmatic/hello-kitty-coloring-pages-hero.png,Generate free hello kitty coloring pages with family-safe prompt handling.|Produce clean outlines that print clearly on standard paper.|Download PNG and PDF files instantly for classroom or home use.,Can I use this for free hello kitty coloring pages?::Yes. The workflow is optimized for printable line art and repeatable prompt quality.||How do I keep pages family-safe?::Use age-appropriate prompts and keep sensitive topics out of the request. Unsafe input is filtered.,published,"free hello kitty coloring pages,hello kitty coloring pages,printable coloring pages",2026-02-13T10:04:24.289151+00:00,generated,generated,free hello kitty coloring pages,free hello printable|free hello for kids|free coloring pages|pdf coloring page download,"Provide helpful, family-safe information about Free Hello Kitty Coloring Pages and direct users to create printable pages.",,4:5,,static/images/programmatic/hello-kitty-coloring-pages-hero.png,e39c91d525ad0b40492f1fdb4d0d86844f380c9f6eb43d13557fed8595c956cb,readability-20260213,2026-02-13T10:04:24.289151+00:00,,
page,/free-coloring-pages/huggy-wuggy-coloring-pages,huggy-wuggy-coloring-pages,Free Huggy Wuggy Coloring Pages,"Free Huggy Wuggy Coloring Pages on ColorfulMe. Create free huggy wuggy coloring pages with family-safe prompts, clean printable outlines, and one-click PNG or.",Free Huggy Wuggy Coloring Pages,"Free Huggy Wuggy Coloring Pages helps you create free huggy wuggy coloring pages in seconds using a guided, family-safe workflow. Use this page to get clear printable line art, practical prompt ideas, and export-ready files for school activities, home crafts, and quick print projects. Provide helpful, family-safe information about Free Huggy Wuggy Coloring Pages and direct users to create printable","Free Huggy Wuggy Coloring Pages helps parents, teachers, and creators produce dependable free huggy wuggy coloring pages pages with less editing. Use one clear subject, one scene, and a family-safe tone so the generated outline stays simple and printable. When prompts are focused, the result is cleaner line art with open spaces that are easier for kids to color.

This page covers popular searches such as free huggy printable, free huggy for kids, free coloring pages and gives you a repeatable flow for high-quality results. Start with a short style instruction like clean line art, then keep details age-appropriate and easy to print. If a preview looks too busy, remove extra objects and regenerate with fewer scene elements.

After generation, download PNG for digital coloring or PDF for print packs. For classroom use, test one page first, then keep the same prompt pattern for the rest of the set. For /free-coloring-pages/huggy-wuggy-coloring-pages, this approach keeps quality consistent while reducing rewrite time each time you refresh content. You can also save successful prompt variations by age group so teams can launch new themed pages faster.

To improve outcomes over time, keep notes on which free huggy wuggy coloring pages prompts produce the clearest outlines. Reuse those winning prompt styles for future pages, and adjust only subject details so each new sheet stays unique without losing readability, print quality, or family-safe tone.",Create Similar Page,/create,Browse Free Categories,/free-coloring-pages,"Create a family-safe printable coloring page for Free Huggy Wuggy Coloring Pages. Theme focus: free huggy wuggy coloring pages. Use bold black outlines, white background, and clear open areas for coloring.",/static/images/programmatic/huggy-wuggy-coloring-pages-hero.png,Generate free huggy wuggy coloring pages with family-safe prompt handling.|Produce clean outlines that print clearly on standard paper.|Download PNG and PDF files instantly for classroom or home use.,Can I use this for free huggy wuggy coloring pages?::Yes. The workflow is optimized for printable line art and repeatable prompt quality.||How do I keep pages family-safe?::Use age-appropriate prompts and keep sensitive topics out of the request. Unsafe input is filtered.,published,"free huggy wuggy coloring pages,huggy wuggy coloring pages,printable coloring pages",2026-02-13T10:04:24.292180+00:00,generated,generated,free huggy wuggy coloring pages,free huggy printable|free huggy for kids|free coloring pages|pdf coloring page download,"Provide helpful, family-safe information about Free Huggy Wuggy Coloring Pages and direct users to create printable pages.",,4:5,,static/images/programmatic/huggy-wuggy-coloring-pages-hero.png,42626fb274de1dfe5fc4ae4e38fba8413bc2f1f09d0e7c837ac680920478a712,readability-20260213,2026-02-13T10:04:24.292180+00:00,,
page,/free-coloring-pages/ice-cream-coloring-pages,ice-cream-coloring-pages,Free Ice Cream Coloring Pages,"Free Ice Cream Coloring Pages on ColorfulMe. Create free ice cream coloring pages with family-safe prompts, clean printable outlines, and one-click PNG or PDF.",Free Ice Cream Coloring Pages,"Free Ice Cream Coloring Pages helps you create free ice cream coloring pages in seconds using a guided, family-safe workflow. Use this page to get clear printable line art, practical prompt ideas, and export-ready files for school activities, home crafts, and quick print projects. Provide helpful, family-safe information about Free Ice Cream Coloring Pages and direct users to create printable","Free Ice Cream Coloring Pages helps parents, teachers, and creators produce dependable free ice cream coloring pages pages with less editing. Use one clear subject, one scene, and a family-safe tone so the generated outline stays simple and printable. When prompts are focused, the result is cleaner line art with open spaces that are easier for kids to color.

This page covers popular searches such as free ice printable, free ice for kids, free coloring pages and gives you a repeatable flow for high-quality results. Start with a short style instruction like clean line art, then keep details age-appropriate and easy to print. If a preview looks too busy, remove extra objects and regenerate with fewer scene elements.

After generation, download PNG for digital coloring or PDF for print packs. For classroom use, test one page first, then keep the same prompt pattern for the rest of the set. For /free-coloring-pages/ice-cream-coloring-pages, this approach keeps quality consistent while reducing rewrite time each time you refresh content. You can also save successful prompt variations by age group so teams can launch new themed pages faster.

To improve outcomes over time, keep notes on which free ice cream coloring pages prompts produce the clearest outlines. Reuse those winning prompt styles for future pages, and adjust only subject details so each new sheet stays unique without losing readability, print quality, or family-safe tone.",Create Similar Page,/create,Browse Free Categories,/free-coloring-pages,"Create a family-safe printable coloring page for Free Ice Cream Coloring Pages. Theme focus: free ice cream coloring pages. Use bold black outlines, white background, and clear open areas for coloring.",/static/images/programmatic/ice-cream-coloring-pages-hero.png,Generate free ice cream coloring pages with family-safe prompt handling.|Produce clean outlines that print clearly on standard paper.|Download PNG and PDF files instantly for classroom or home use.,Can I use this for free ice cream coloring pages?::Yes. The workflow is optimized for printable line art and repeatable prompt quality.||How do I keep pages family-safe?::Use age-appropriate prompts and keep sensitive topics out of the request. Unsafe input is filtered.,published,"free ice cream coloring pages,ice cream coloring pages,printable coloring pages",2026-02-13T10:04:24.297232+00:00,generated,generated,free ice cream coloring pages,free ice printable|free ice for kids|free coloring pages|pdf coloring page download,"Provide helpful, family-safe information about Free Ice Cream Coloring Pages and direct users to create printable pages.",,4:5,,static/images/programmatic/ice-cream-coloring-pages-hero.png,7e9ae081309ed0eddf54210946e9df436da3d571d2bcab0193ad1c5965187fd2,readability-20260213,2026-02-13T10:04:24.297232+00:00,,
page,/free-coloring-pages/jasmine-coloring-pages,jasmine-coloring-pages,Free Jasmine Coloring Pages,"Free Jasmine Coloring Pages on ColorfulMe. Create free jasmine coloring pages with family-safe prompts, clean printable outlines, and one-click PNG or PDF.",Free Jasmine Coloring Pages,"Free Jasmine Coloring Pages helps you create free jasmine coloring pages in seconds using a guided, family-safe workflow. Use this page to get clear printable line art, practical prompt ideas, and export-ready files for school activities, home crafts, and quick print projects. Provide helpful, family-safe information about Free Jasmine Coloring Pages and direct users to create printable pages.","Free Jasmine Coloring Pages helps parents, teachers, and creators produce dependable free jasmine coloring pages pages with less editing. Use one clear subject, one scene, and a family-safe tone so the generated outline stays simple and printable. When prompts are focused, the result is cleaner line art with open spaces that are easier for kids to color.

This page covers popular searches such as free jasmine printable, free jasmine for kids, free coloring pages and gives you a repeatable flow for high-quality results. Start with a short style instruction like clean line art, then keep details age-appropriate and easy to print. If a preview looks too busy, remove extra objects and regenerate with fewer scene elements.

After generation, download PNG for digital coloring or PDF for print packs. For classroom use, test one page first, then keep the same prompt pattern for the rest of the set. For /free-coloring-pages/jasmine-coloring-pages, this approach keeps quality consistent while reducing rewrite time each time you refresh content. You can also save successful prompt variations by age group so teams can launch new themed pages faster.

To improve outcomes over time, keep notes on which free jasmine coloring pages prompts produce the clearest outlines. Reuse those winning prompt styles for future pages, and adjust only subject details so each new sheet stays unique without losing readability, print quality, or family-safe tone.",Create Similar Page,/create,Browse Free Categories,/free-coloring-pages,"Create a family-safe printable coloring page for Free Jasmine Coloring Pages. Theme focus: free jasmine coloring pages. Use bold black outlines, white background, and clear open areas for coloring.",/static/images/programmatic/jasmine-coloring-pages-hero.png,Generate free jasmine coloring pages with family-safe prompt handling.|Produce clean outlines that print clearly on standard paper.|Download PNG and PDF files instantly for classroom or home use.,Can I use this for free jasmine coloring pages?::Yes. The workflow is optimized for printable line art and repeatable prompt quality.||How do I keep pages family-safe?::Use age-appropriate prompts and keep sensitive topics out of the request. Unsafe input is filtered.,published,"free jasmine coloring pages,jasmine coloring pages,printable coloring pages",2026-02-13T10:04:24.307004+00:00,generated,generated,free jasmine coloring pages,free jasmine printable|free jasmine for kids|free coloring pages|pdf coloring page download,"Provide helpful, family-safe information about Free Jasmine Coloring Pages and direct users to create printable pages.",,4:5,,static/images/programmatic/jasmine-coloring-pages-hero.png,14985429caae2ef0401b595d2bc8614abdffe9bcaa81d9885fcd53dc47567b38,readability-20260213,2026-02-13T10:04:24.307004+00:00,,
page,/free-coloring-pages/kirby-coloring-pages,kirby-coloring-pages,Free Kirby Coloring Pages,"Free Kirby Coloring Pages on ColorfulMe. Create free kirby coloring pages with family-safe prompts, clean printable outlines, and one-click PNG or PDF.",Free Kirby Coloring Pages,"Free Kirby Coloring Pages helps you create free kirby coloring pages in seconds using a guided, family-safe workflow. Use this page to get clear printable line art, practical prompt ideas, and export-ready files for school activities, home crafts, and quick print projects. Provide helpful, family-safe information about Free Kirby Coloring Pages and direct users to create printable pages.","Free Kirby Coloring Pages helps parents, teachers, and creators produce dependable free kirby coloring pages pages with less editing. Use one clear subject, one scene, and a family-safe tone so the generated outline stays simple and printable. When prompts are focused, the result is cleaner line art with open spaces that are easier for kids to color.

This page covers popular searches such as free kirby printable, free kirby for kids, free coloring pages and gives you a repeatable flow for high-quality results. Start with a short style instruction like clean line art, then keep details age-appropriate and easy to print. If a preview looks too busy, remove extra objects and regenerate with fewer scene elements.

After generation, download PNG for digital coloring or PDF for print packs. For classroom use, test one page first, then keep the same prompt pattern for the rest of the set. For /free-coloring-pages/kirby-coloring-pages, this approach keeps quality consistent while reducing rewrite time each time you refresh content. You can also save successful prompt variations by age group so teams can launch new themed pages faster.

To improve outcomes over time, keep notes on which free kirby coloring pages prompts produce the clearest outlines. Reuse those winning prompt styles for future pages, and adjust only subject details so each new sheet stays unique without losing readability, print quality, or family-safe tone.",Create Similar Page,/create,Browse Free Categories,/free-coloring-pages,"Create a family-safe printable coloring page for Free Kirby Coloring Pages. Theme focus: free kirby coloring pages. Use bold black outlines, white background, and clear open areas for coloring.",/static/images/programmatic/kirby-coloring-pages-hero.png,Generate free kirby coloring pages with family-safe prompt handling.|Produce clean outlines that print clearly on standard paper.|Download PNG and PDF files instantly for classroom or home use.,Can I use this for free kirby coloring pages?::Yes. The workflow is optimized for printable line art and repeatable prompt quality.||How do I keep pages family-safe?::Use age-appropriate prompts and keep sensitive topics out of the request. Unsafe input is filtered.,published,"free kirby coloring pages,kirby coloring pages,printable coloring pages",2026-02-13T10:04:24.310328+00:00,generated,generated,free kirby coloring pages,free kirby printable|free kirby for kids|free coloring pages|pdf coloring page download,"Provide helpful, family-safe information about Free Kirby Coloring Pages and direct users to create printable pages.",,4:5,,static/images/programmatic/kirby-coloring-pages-hero.png,21f4d8a16fa8dd0234f8fdd4ed2c06c16c5ca10c34531c72e06a8476b82a857d,readability-20260213,2026-02-13T10:04:24.310328+00:00,,
page,/free-coloring-pages/kuromi-coloring-pages,kuromi-coloring-pages,Free Kuromi Coloring Pages,"Free Kuromi Coloring Pages on ColorfulMe. Create free kuromi coloring pages with family-safe prompts, clean printable outlines, and one-click PNG or PDF.",Free Kuromi Coloring Pages,"Free Kuromi Coloring Pages helps you create free kuromi coloring pages in seconds using a guided, family-safe workflow. Use this page to get clear printable line art, practical prompt ideas, and export-ready files for school activities, home crafts, and quick print projects. Provide helpful, family-safe information about Free Kuromi Coloring Pages and direct users to create printable pages.","Free Kuromi Coloring Pages helps parents, teachers, and creators produce dependable free kuromi coloring pages pages with less editing. Use one clear subject, one scene, and a family-safe tone so the generated outline stays simple and printable. When prompts are focused, the result is cleaner line art with open spaces that are easier for kids to color.

This page covers popular searches such as free kuromi printable, free kuromi for kids, free coloring pages and gives you a repeatable flow for high-quality results. Start with a short style instruction like clean line art, then keep details age-appropriate and easy to print. If a preview looks too busy, remove extra objects and regenerate with fewer scene elements.

After generation, download PNG for digital coloring or PDF for print packs. For classroom use, test one page first, then keep the same prompt pattern for the rest of the set. For /free-coloring-pages/kuromi-coloring-pages, this approach keeps quality consistent while reducing rewrite time each time you refresh content. You can also save successful prompt variations by age group so teams can launch new themed pages faster.

To improve outcomes over time, keep notes on which free kuromi coloring pages prompts produce the clearest outlines. Reuse those winning prompt styles for future pages, and adjust only subject details so each new sheet stays unique without losing readability, print quality, or family-safe tone.",Create Similar Page,/create,Browse Free Categories,/free-coloring-pages,"Create a family-safe printable coloring page for Free Kuromi Coloring Pages. Theme focus: free kuromi coloring pages. Use bold black outlines, white background, and clear open areas for coloring.",/static/images/programmatic/kuromi-coloring-pages-hero.png,Generate free kuromi coloring pages with family-safe prompt handling.|Produce clean outlines that print clearly on standard paper.|Download PNG and PDF files instantly for classroom or home use.,Can I use this for free kuromi coloring pages?::Yes. The workflow is optimized for printable line art and repeatable prompt quality.||How do I keep pages family-safe?::Use age-appropriate prompts and keep sensitive topics out of the request. Unsafe input is filtered.,published,"free kuromi coloring pages,kuromi coloring pages,printable coloring pages",2026-02-13T10:04:24.320215+00:00,generated,generated,free kuromi coloring pages,free kuromi printable|free kuromi for kids|free coloring pages|pdf coloring page download,"Provide helpful, family-safe information about Free Kuromi Coloring Pages and direct users to create printable pages.",,4:5,,static/images/programmatic/kuromi-coloring-pages-hero.png,ef9d28657c237aa05a3e39a5152644f96777253b44ea02baeecd187c94449c66,readability-20260213,2026-02-13T10:04:24.320215+00:00,,
page,/free-coloring-pages/lamborghini-coloring-pages,lamborghini-coloring-pages,Free Lamborghini Coloring Pages,"Free Lamborghini Coloring Pages on ColorfulMe. Create free lamborghini coloring pages with family-safe prompts, clean printable outlines, and one-click PNG or.",Free Lamborghini Coloring Pages,"Free Lamborghini Coloring Pages helps you create free lamborghini coloring pages in seconds using a guided, family-safe workflow. Use this page to get clear printable line art, practical prompt ideas, and export-ready files for school activities, home crafts, and quick print projects. Provide helpful, family-safe information about Free Lamborghini Coloring Pages and direct users to create printable pages.","Free Lamborghini Coloring Pages helps parents, teachers, and creators produce dependable free lamborghini coloring pages pages with less editing. Use one clear subject, one scene, and a family-safe tone so the generated outline stays simple and printable. When prompts are focused, the result is cleaner line art with open spaces that are easier for kids to color.

This page covers popular searches such as free lamborghini printable, free lamborghini for kids, free coloring pages and gives you a repeatable flow for high-quality results. Start with a short style instruction like clean line art, then keep details age-appropriate and easy to print. If a preview looks too busy, remove extra objects and regenerate with fewer scene elements.

After generation, download PNG for digital coloring or PDF for print packs. For classroom use, test one page first, then keep the same prompt pattern for the rest of the set. For /free-coloring-pages/lamborghini-coloring-pages, this approach keeps quality consistent while reducing rewrite time each time you refresh content. You can also save successful prompt variations by age group so teams can launch new themed pages faster.

To improve outcomes over time, keep notes on which free lamborghini coloring pages prompts produce the clearest outlines. Reuse those winning prompt styles for future pages, and adjust only subject details so each new sheet stays unique without losing readability, print quality, or family-safe tone.",Create Similar Page,/create,Browse Free Categories,/free-coloring-pages,"Create a family-safe printable coloring page for Free Lamborghini Coloring Pages. Theme focus: free lamborghini coloring pages. Use bold black outlines, white background, and clear open areas for coloring.",/static/images/programmatic/lamborghini-coloring-pages-hero.png,Generate free lamborghini coloring pages with family-safe prompt handling.|Produce clean outlines that print clearly on standard paper.|Download PNG and PDF files instantly for classroom or home use.,Can I use this for free lamborghini coloring pages?::Yes. The workflow is optimized for printable line art and repeatable prompt quality.||How do I keep pages family-safe?::Use age-appropriate prompts and keep sensitive topics out of the request. Unsafe input is filtered.,published,"free lamborghini coloring pages,lamborghini coloring pages,printable coloring pages",2026-02-13T10:04:24.330111+00:00,generated,generated,free lamborghini coloring pages,free lamborghini printable|free lamborghini for kids|free coloring pages|pdf coloring page download,"Provide helpful, family-safe information about Free Lamborghini Coloring Pages and direct users to create printable pages.",,4:5,,static/images/programmatic/lamborghini-coloring-pages-hero.png,00e0ca614d965f9fa17fa560c631cf9c58454dcbd3fbaefec140d18d3e53905a,readability-20260213,2026-02-13T10:04:24.330111+00:00,,
page,/free-coloring-pages/league-of-legends-coloring-pages,league-of-legends-coloring-pages,Free League Of Legends Coloring Pages,"Free League Of Legends Coloring Pages on ColorfulMe. Create free league of legends coloring pages with family-safe prompts, clean printable outlines, and.",Free League Of Legends Coloring Pages,"Free League Of Legends Coloring Pages helps you create free league of legends coloring pages in seconds using a guided, family-safe workflow. Use this page to get clear printable line art, practical prompt ideas, and export-ready files for school activities, home crafts, and quick print projects. Provide helpful, family-safe information about Free League Of Legends Coloring Pages and direct users","Free League Of Legends Coloring Pages helps parents, teachers, and creators produce dependable free league of legends coloring pages pages with less editing. Use one clear subject, one scene, and a family-safe tone so the generated outline stays simple and printable. When prompts are focused, the result is cleaner line art with open spaces that are easier for kids to color.

This page covers popular searches such as free league printable, free league for kids, free coloring pages and gives you a repeatable flow for high-quality results. Start with a short style instruction like clean line art, then keep details age-appropriate and easy to print. If a preview looks too busy, remove extra objects and regenerate with fewer scene elements.

After generation, download PNG for digital coloring or PDF for print packs. For classroom use, test one page first, then keep the same prompt pattern for the rest of the set. For /free-coloring-pages/league-of-legends-coloring-pages, this approach keeps quality consistent while reducing rewrite time each time you refresh content. You can also save successful prompt variations by age group so teams can launch new themed pages faster.

To improve outcomes over time, keep notes on which free league of legends coloring pages prompts produce the clearest outlines. Reuse those winning prompt styles for future pages, and adjust only subject details so each new sheet stays unique without losing readability, print quality, or family-safe tone.",Create Similar Page,/create,Browse Free Categories,/free-coloring-pages,"Create a family-safe printable coloring page for Free League Of Legends Coloring Pages. Theme focus: free league of legends coloring pages. Use bold black outlines, white background, and clear open areas for coloring.",/static/images/programmatic/league-of-legends-coloring-pages-hero.png,Generate free league of legends coloring pages with family-safe prompt handling.|Produce clean outlines that print clearly on standard paper.|Download PNG and PDF files instantly for classroom or home use.,Can I use this for free league of legends coloring pages?::Yes. The workflow is optimized for printable line art and repeatable prompt quality.||How do I keep pages family-safe?::Use age-appropriate prompts and keep sensitive topics out of the request. Unsafe input is filtered.,published,"free league of legends coloring pages,league of legends coloring pages,printable coloring pages",2026-02-13T10:04:24.334517+00:00,generated,generated,free league of legends coloring pages,free league printable|free league for kids|free coloring pages|pdf coloring page download,"Provide helpful, family-safe information about Free League Of Legends Coloring Pages and direct users to create printable pages.",,4:5,,static/images/programmatic/league-of-legends-coloring-pages-hero.png,af56edb38b682d6df3133992087a8f9635acdc0dba9652e9d5ff36d6e7cb79cd,readability-20260213,2026-02-13T10:04:24.334517+00:00,,
page,/free-coloring-pages/legendary-pokemon-coloring-pages,legendary-pokemon-coloring-pages,Free Legendary Pokemon Coloring Pages,"Free Legendary Pokemon Coloring Pages on ColorfulMe. Create free legendary pokemon coloring pages with family-safe prompts, clean printable outlines, and.",Free Legendary Pokemon Coloring Pages,"Free Legendary Pokemon Coloring Pages helps you create free legendary pokemon coloring pages in seconds using a guided, family-safe workflow. Use this page to get clear printable line art, practical prompt ideas, and export-ready files for school activities, home crafts, and quick print projects. Provide helpful, family-safe information about Free Legendary Pokemon Coloring Pages and direct users to create printable","Free Legendary Pokemon Coloring Pages helps parents, teachers, and creators produce dependable free legendary pokemon coloring pages pages with less editing. Use one clear subject, one scene, and a family-safe tone so the generated outline stays simple and printable. When prompts are focused, the result is cleaner line art with open spaces that are easier for kids to color.

This page covers popular searches such as free legendary printable, free legendary for kids, free coloring pages and gives you a repeatable flow for high-quality results. Start with a short style instruction like clean line art, then keep details age-appropriate and easy to print. If a preview looks too busy, remove extra objects and regenerate with fewer scene elements.

After generation, download PNG for digital coloring or PDF for print packs. For classroom use, test one page first, then keep the same prompt pattern for the rest of the set. For /free-coloring-pages/legendary-pokemon-coloring-pages, this approach keeps quality consistent while reducing rewrite time each time you refresh content. You can also save successful prompt variations by age group so teams can launch new themed pages faster.

To improve outcomes over time, keep notes on which free legendary pokemon coloring pages prompts produce the clearest outlines. Reuse those winning prompt styles for future pages, and adjust only subject details so each new sheet stays unique without losing readability, print quality, or family-safe tone.",Create Similar Page,/create,Browse Free Categories,/free-coloring-pages,"Create a family-safe printable coloring page for Free Legendary Pokemon Coloring Pages. Theme focus: free legendary pokemon coloring pages. Use bold black outlines, white background, and clear open areas for coloring.",/static/images/programmatic/legendary-pokemon-coloring-pages-hero.png,Generate free legendary pokemon coloring pages with family-safe prompt handling.|Produce clean outlines that print clearly on standard paper.|Download PNG and PDF files instantly for classroom or home use.,Can I use this for free legendary pokemon coloring pages?::Yes. The workflow is optimized for printable line art and repeatable prompt quality.||How do I keep pages family-safe?::Use age-appropriate prompts and keep sensitive topics out of the request. Unsafe input is filtered.,published,"free legendary pokemon coloring pages,legendary pokemon coloring pages,printable coloring pages",2026-02-13T10:04:24.339898+00:00,generated,generated,free legendary pokemon coloring pages,free legendary printable|free legendary for kids|free coloring pages|pdf coloring page download,"Provide helpful, family-safe information about Free Legendary Pokemon Coloring Pages and direct users to create printable pages.",,4:5,,static/images/programmatic/legendary-pokemon-coloring-pages-hero.png,92953525de08a0bcde224660817373cb2d14272f9cbe93f0ddd9c7d4dd6b288f,readability-20260213,2026-02-13T10:04:24.339898+00:00,,
page,/free-coloring-pages/letter-coloring-pages,letter-coloring-pages,Free Letter Coloring Pages,"Free Letter Coloring Pages on ColorfulMe. Create free letter coloring pages with family-safe prompts, clean printable outlines, and one-click PNG or PDF.",Free Letter Coloring Pages,"Free Letter Coloring Pages helps you create free letter coloring pages in seconds using a guided, family-safe workflow. Use this page to get clear printable line art, practical prompt ideas, and export-ready files for school activities, home crafts, and quick print projects. Provide helpful, family-safe information about Free Letter Coloring Pages and direct users to create printable pages.","Free Letter Coloring Pages helps parents, teachers, and creators produce dependable free letter coloring pages pages with less editing. Use one clear subject, one scene, and a family-safe tone so the generated outline stays simple and printable. When prompts are focused, the result is cleaner line art with open spaces that are easier for kids to color.

This page covers popular searches such as free letter printable, free letter for kids, free coloring pages and gives you a repeatable flow for high-quality results. Start with a short style instruction like clean line art, then keep details age-appropriate and easy to print. If a preview looks too busy, remove extra objects and regenerate with fewer scene elements.

After generation, download PNG for digital coloring or PDF for print packs. For classroom use, test one page first, then keep the same prompt pattern for the rest of the set. For /free-coloring-pages/letter-coloring-pages, this approach keeps quality consistent while reducing rewrite time each time you refresh content. You can also save successful prompt variations by age group so teams can launch new themed pages faster.

To improve outcomes over time, keep notes on which free letter coloring pages prompts produce the clearest outlines. Reuse those winning prompt styles for future pages, and adjust only subject details so each new sheet stays unique without losing readability, print quality, or family-safe tone.",Create Similar Page,/create,Browse Free Categories,/free-coloring-pages,"Create a family-safe printable coloring page for Free Letter Coloring Pages. Theme focus: free letter coloring pages. Use bold black outlines, white background, and clear open areas for coloring.",/static/images/programmatic/letter-coloring-pages-hero.png,Generate free letter coloring pages with family-safe prompt handling.|Produce clean outlines that print clearly on standard paper.|Download PNG and PDF files instantly for classroom or home use.,Can I use this for free letter coloring pages?::Yes. The workflow is optimized for printable line art and repeatable prompt quality.||How do I keep pages family-safe?::Use age-appropriate prompts and keep sensitive topics out of the request. Unsafe input is filtered.,published,"free letter coloring pages,letter coloring pages,printable coloring pages",2026-02-13T10:04:24.343443+00:00,generated,generated,free letter coloring pages,free letter printable|free letter for kids|free coloring pages|pdf coloring page download,"Provide helpful, family-safe information about Free Letter Coloring Pages and direct users to create printable pages.",,4:5,,static/images/programmatic/letter-coloring-pages-hero.png,621663e69f690929b520f532ec17026bf5342f7d2d24691cdd237470c4630802,readability-20260213,2026-02-13T10:04:24.343443+00:00,,
page,/free-coloring-pages/luigi-coloring-pages,luigi-coloring-pages,Free Luigi Coloring Pages,"Free Luigi Coloring Pages on ColorfulMe. Create free luigi coloring pages with family-safe prompts, clean printable outlines, and one-click PNG or PDF.",Free Luigi Coloring Pages,"Free Luigi Coloring Pages helps you create free luigi coloring pages in seconds using a guided, family-safe workflow. Use this page to get clear printable line art, practical prompt ideas, and export-ready files for school activities, home crafts, and quick print projects. Provide helpful, family-safe information about Free Luigi Coloring Pages and direct users to create printable pages.","Free Luigi Coloring Pages helps parents, teachers, and creators produce dependable free luigi coloring pages pages with less editing. Use one clear subject, one scene, and a family-safe tone so the generated outline stays simple and printable. When prompts are focused, the result is cleaner line art with open spaces that are easier for kids to color.

This page covers popular searches such as free luigi printable, free luigi for kids, free coloring pages and gives you a repeatable flow for high-quality results. Start with a short style instruction like clean line art, then keep details age-appropriate and easy to print. If a preview looks too busy, remove extra objects and regenerate with fewer scene elements.

After generation, download PNG for digital coloring or PDF for print packs. For classroom use, test one page first, then keep the same prompt pattern for the rest of the set. For /free-coloring-pages/luigi-coloring-pages, this approach keeps quality consistent while reducing rewrite time each time you refresh content. You can also save successful prompt variations by age group so teams can launch new themed pages faster.

To improve outcomes over time, keep notes on which free luigi coloring pages prompts produce the clearest outlines. Reuse those winning prompt styles for future pages, and adjust only subject details so each new sheet stays unique without losing readability, print quality, or family-safe tone.",Create Similar Page,/create,Browse Free Categories,/free-coloring-pages,"Create a family-safe printable coloring page for Free Luigi Coloring Pages. Theme focus: free luigi coloring pages. Use bold black outlines, white background, and clear open areas for coloring.",/static/images/programmatic/luigi-coloring-pages-hero.png,Generate free luigi coloring pages with family-safe prompt handling.|Produce clean outlines that print clearly on standard paper.|Download PNG and PDF files instantly for classroom or home use.,Can I use this for free luigi coloring pages?::Yes. The workflow is optimized for printable line art and repeatable prompt quality.||How do I keep pages family-safe?::Use age-appropriate prompts and keep sensitive topics out of the request. Unsafe input is filtered.,published,"free luigi coloring pages,luigi coloring pages,printable coloring pages",2026-02-13T10:04:24.365768+00:00,generated,generated,free luigi coloring pages,free luigi printable|free luigi for kids|free coloring pages|pdf coloring page download,"Provide helpful, family-safe information about Free Luigi Coloring Pages and direct users to create printable pages.",,4:5,,static/images/programmatic/luigi-coloring-pages-hero.png,bfe444bcc9b6040ca00de96c59efaad978ce6ef133261a8104820bc3c46eb006,readability-20260213,2026-02-13T10:04:24.365768+00:00,,
page,/free-coloring-pages/mandala-coloring-pages,mandala-coloring-pages,Free Mandala Coloring Pages,"Free Mandala Coloring Pages on ColorfulMe. Create free mandala coloring pages with family-safe prompts, clean printable outlines, and one-click PNG or PDF.",Free Mandala Coloring Pages,"Free Mandala Coloring Pages helps you create free mandala coloring pages in seconds using a guided, family-safe workflow. Use this page to get clear printable line art, practical prompt ideas, and export-ready files for school activities, home crafts, and quick print projects. Provide helpful, family-safe information about Free Mandala Coloring Pages and direct users to create printable pages.","Free Mandala Coloring Pages helps parents, teachers, and creators produce dependable free mandala coloring pages pages with less editing. Use one clear subject, one scene, and a family-safe tone so the generated outline stays simple and printable. When prompts are focused, the result is cleaner line art with open spaces that are easier for kids to color.

This page covers popular searches such as free mandala printable, free mandala for kids, free coloring pages and gives you a repeatable flow for high-quality results. Start with a short style instruction like clean line art, then keep details age-appropriate and easy to print. If a preview looks too busy, remove extra objects and regenerate with fewer scene elements.

After generation, download PNG for digital coloring or PDF for print packs. For classroom use, test one page first, then keep the same prompt pattern for the rest of the set. For /free-coloring-pages/mandala-coloring-pages, this approach keeps quality consistent while reducing rewrite time each time you refresh content. You can also save successful prompt variations by age group so teams can launch new themed pages faster.

To improve outcomes over time, keep notes on which free mandala coloring pages prompts produce the clearest outlines. Reuse those winning prompt styles for future pages, and adjust only subject details so each new sheet stays unique without losing readability, print quality, or family-safe tone.",Create Similar Page,/create,Browse Free Categories,/free-coloring-pages,"Create a family-safe printable coloring page for Free Mandala Coloring Pages. Theme focus: free mandala coloring pages. Use bold black outlines, white background, and clear open areas for coloring.",/static/images/programmatic/mandala-coloring-pages-hero.png,Generate free mandala coloring pages with family-safe prompt handling.|Produce clean outlines that print clearly on standard paper.|Download PNG and PDF files instantly for classroom or home use.,Can I use this for free mandala coloring pages?::Yes. The workflow is optimized for printable line art and repeatable prompt quality.||How do I keep pages family-safe?::Use age-appropriate prompts and keep sensitive topics out of the request. Unsafe input is filtered.,published,"free mandala coloring pages,mandala coloring pages,printable coloring pages",2026-02-13T10:04:24.383614+00:00,generated,generated,free mandala coloring pages,free mandala printable|free mandala for kids|free coloring pages|pdf coloring page download,"Provide helpful, family-safe information about Free Mandala Coloring Pages and direct users to create printable pages.",,4:5,,static/images/programmatic/mandala-coloring-pages-hero.png,6a772926aa66f3ce6a6f7cd7d184e97c3e75224084a82a24f2e4c111b5870350,readability-20260213,2026-02-13T10:04:24.383614+00:00,,
page,/free-coloring-pages/mario-coloring-pages,mario-coloring-pages,Free Mario Coloring Pages,"Free Mario Coloring Pages on ColorfulMe. Create free mario coloring pages with family-safe prompts, clean printable outlines, and one-click PNG or PDF.",Free Mario Coloring Pages,"Free Mario Coloring Pages helps you create free mario coloring pages in seconds using a guided, family-safe workflow. Use this page to get clear printable line art, practical prompt ideas, and export-ready files for school activities, home crafts, and quick print projects. Provide helpful, family-safe information about Free Mario Coloring Pages and direct users to create printable pages.","Free Mario Coloring Pages helps parents, teachers, and creators produce dependable free mario coloring pages pages with less editing. Use one clear subject, one scene, and a family-safe tone so the generated outline stays simple and printable. When prompts are focused, the result is cleaner line art with open spaces that are easier for kids to color.

This page covers popular searches such as free mario printable, free mario for kids, free coloring pages and gives you a repeatable flow for high-quality results. Start with a short style instruction like clean line art, then keep details age-appropriate and easy to print. If a preview looks too busy, remove extra objects and regenerate with fewer scene elements.

After generation, download PNG for digital coloring or PDF for print packs. For classroom use, test one page first, then keep the same prompt pattern for the rest of the set. For /free-coloring-pages/mario-coloring-pages, this approach keeps quality consistent while reducing rewrite time each time you refresh content. You can also save successful prompt variations by age group so teams can launch new themed pages faster.

To improve outcomes over time, keep notes on which free mario coloring pages prompts produce the clearest outlines. Reuse those winning prompt styles for future pages, and adjust only subject details so each new sheet stays unique without losing readability, print quality, or family-safe tone.",Create Similar Page,/create,Browse Free Categories,/free-coloring-pages,"Create a family-safe printable coloring page for Free Mario Coloring Pages. Theme focus: free mario coloring pages. Use bold black outlines, white background, and clear open areas for coloring.",/static/images/programmatic/mario-coloring-pages-hero.png,Generate free mario coloring pages with family-safe prompt handling.|Produce clean outlines that print clearly on standard paper.|Download PNG and PDF files instantly for classroom or home use.,Can I use this for free mario coloring pages?::Yes. The workflow is optimized for printable line art and repeatable prompt quality.||How do I keep pages family-safe?::Use age-appropriate prompts and keep sensitive topics out of the request. Unsafe input is filtered.,published,"free mario coloring pages,mario coloring pages,printable coloring pages",2026-02-13T10:04:24.396523+00:00,generated,generated,free mario coloring pages,free mario printable|free mario for kids|free coloring pages|pdf coloring page download,"Provide helpful, family-safe information about Free Mario Coloring Pages and direct users to create printable pages.",,4:5,,static/images/programmatic/mario-coloring-pages-hero.png,eb3d5cf404f36fba039d19bcd47272c533fc7a1a05765f15e5fb914f49d3ea1a,readability-20260213,2026-02-13T10:04:24.396523+00:00,,
page,/free-coloring-pages/mario-and-luigi-coloring-pages,mario-and-luigi-coloring-pages,Free Mario And Luigi Coloring Pages,"Free Mario And Luigi Coloring Pages on ColorfulMe. Create free mario and luigi coloring pages with family-safe prompts, clean printable outlines, and.",Free Mario And Luigi Coloring Pages,"Free Mario And Luigi Coloring Pages helps you create free mario and luigi coloring pages in seconds using a guided, family-safe workflow. Use this page to get clear printable line art, practical prompt ideas, and export-ready files for school activities, home crafts, and quick print projects. Provide helpful, family-safe information about Free Mario And Luigi Coloring Pages and direct users","Free Mario And Luigi Coloring Pages helps parents, teachers, and creators produce dependable free mario and luigi coloring pages pages with less editing. Use one clear subject, one scene, and a family-safe tone so the generated outline stays simple and printable. When prompts are focused, the result is cleaner line art with open spaces that are easier for kids to color.

This page covers popular searches such as free mario printable, free mario for kids, free coloring pages and gives you a repeatable flow for high-quality results. Start with a short style instruction like clean line art, then keep details age-appropriate and easy to print. If a preview looks too busy, remove extra objects and regenerate with fewer scene elements.

After generation, download PNG for digital coloring or PDF for print packs. For classroom use, test one page first, then keep the same prompt pattern for the rest of the set. For /free-coloring-pages/mario-and-luigi-coloring-pages, this approach keeps quality consistent while reducing rewrite time each time you refresh content. You can also save successful prompt variations by age group so teams can launch new themed pages faster.

To improve outcomes over time, keep notes on which free mario and luigi coloring pages prompts produce the clearest outlines. Reuse those winning prompt styles for future pages, and adjust only subject details so each new sheet stays unique without losing readability, print quality, or family-safe tone.",Create Similar Page,/create,Browse Free Categories,/free-coloring-pages,"Create a family-safe printable coloring page for Free Mario And Luigi Coloring Pages. Theme focus: free mario and luigi coloring pages. Use bold black outlines, white background, and clear open areas for coloring.",/static/images/programmatic/mario-and-luigi-coloring-pages-hero.png,Generate free mario and luigi coloring pages with family-safe prompt handling.|Produce clean outlines that print clearly on standard paper.|Download PNG and PDF files instantly for classroom or home use.,Can I use this for free mario and luigi coloring pages?::Yes. The workflow is optimized for printable line art and repeatable prompt quality.||How do I keep pages family-safe?::Use age-appropriate prompts and keep sensitive topics out of the request. Unsafe input is filtered.,published,"free mario and luigi coloring pages,mario and luigi coloring pages,printable coloring pages",2026-02-13T10:04:24.401612+00:00,generated,generated,free mario and luigi coloring pages,free mario printable|free mario for kids|free coloring pages|pdf coloring page download,"Provide helpful, family-safe information about Free Mario And Luigi Coloring Pages and direct users to create printable pages.",,4:5,,static/images/programmatic/mario-and-luigi-coloring-pages-hero.png,8415e3dac370a5cd32963545cc608a7367950ee5f128d989422f383c33e5886d,readability-20260213,2026-02-13T10:04:24.401612+00:00,,
page,/free-coloring-pages/mario-kart-coloring-pages,mario-kart-coloring-pages,Free Mario Kart Coloring Pages,"Free Mario Kart Coloring Pages on ColorfulMe. Create free mario kart coloring pages with family-safe prompts, clean printable outlines, and one-click PNG or.",Free Mario Kart Coloring Pages,"Free Mario Kart Coloring Pages helps you create free mario kart coloring pages in seconds using a guided, family-safe workflow. Use this page to get clear printable line art, practical prompt ideas, and export-ready files for school activities, home crafts, and quick print projects. Provide helpful, family-safe information about Free Mario Kart Coloring Pages and direct users to create printable","Free Mario Kart Coloring Pages helps parents, teachers, and creators produce dependable free mario kart coloring pages pages with less editing. Use one clear subject, one scene, and a family-safe tone so the generated outline stays simple and printable. When prompts are focused, the result is cleaner line art with open spaces that are easier for kids to color.

This page covers popular searches such as free mario printable, free mario for kids, free coloring pages and gives you a repeatable flow for high-quality results. Start with a short style instruction like clean line art, then keep details age-appropriate and easy to print. If a preview looks too busy, remove extra objects and regenerate with fewer scene elements.

After generation, download PNG for digital coloring or PDF for print packs. For classroom use, test one page first, then keep the same prompt pattern for the rest of the set. For /free-coloring-pages/mario-kart-coloring-pages, this approach keeps quality consistent while reducing rewrite time each time you refresh content. You can also save successful prompt variations by age group so teams can launch new themed pages faster.

To improve outcomes over time, keep notes on which free mario kart coloring pages prompts produce the clearest outlines. Reuse those winning prompt styles for future pages, and adjust only subject details so each new sheet stays unique without losing readability, print quality, or family-safe tone.",Create Similar Page,/create,Browse Free Categories,/free-coloring-pages,"Create a family-safe printable coloring page for Free Mario Kart Coloring Pages. Theme focus: free mario kart coloring pages. Use bold black outlines, white background, and clear open areas for coloring.",/static/images/programmatic/mario-kart-coloring-pages-hero.png,Generate free mario kart coloring pages with family-safe prompt handling.|Produce clean outlines that print clearly on standard paper.|Download PNG and PDF files instantly for classroom or home use.,Can I use this for free mario kart coloring pages?::Yes. The workflow is optimized for printable line art and repeatable prompt quality.||How do I keep pages family-safe?::Use age-appropriate prompts and keep sensitive topics out of the request. Unsafe input is filtered.,published,"free mario kart coloring pages,mario kart coloring pages,printable coloring pages",2026-02-13T10:04:24.407249+00:00,generated,generated,free mario kart coloring pages,free mario printable|free mario for kids|free coloring pages|pdf coloring page download,"Provide helpful, family-safe information about Free Mario Kart Coloring Pages and direct users to create printable pages.",,4:5,,static/images/programmatic/mario-kart-coloring-pages-hero.png,b07717ac132f32cf6eee75b50e87a58dc1b7b56fd0980e1534f4eacdfa9293d5,readability-20260213,2026-02-13T10:04:24.407249+00:00,,
page,/free-coloring-pages/mermaid-coloring-pages,mermaid-coloring-pages,Free Mermaid Coloring Pages,"Free Mermaid Coloring Pages on ColorfulMe. Create free mermaid coloring pages with family-safe prompts, clean printable outlines, and one-click PNG or PDF.",Free Mermaid Coloring Pages,"Free Mermaid Coloring Pages helps you create free mermaid coloring pages in seconds using a guided, family-safe workflow. Use this page to get clear printable line art, practical prompt ideas, and export-ready files for school activities, home crafts, and quick print projects. Provide helpful, family-safe information about Free Mermaid Coloring Pages and direct users to create printable pages.","Free Mermaid Coloring Pages helps parents, teachers, and creators produce dependable free mermaid coloring pages pages with less editing. Use one clear subject, one scene, and a family-safe tone so the generated outline stays simple and printable. When prompts are focused, the result is cleaner line art with open spaces that are easier for kids to color.

This page covers popular searches such as free mermaid printable, free mermaid for kids, free coloring pages and gives you a repeatable flow for high-quality results. Start with a short style instruction like clean line art, then keep details age-appropriate and easy to print. If a preview looks too busy, remove extra objects and regenerate with fewer scene elements.

After generation, download PNG for digital coloring or PDF for print packs. For classroom use, test one page first, then keep the same prompt pattern for the rest of the set. For /free-coloring-pages/mermaid-coloring-pages, this approach keeps quality consistent while reducing rewrite time each time you refresh content. You can also save successful prompt variations by age group so teams can launch new themed pages faster.

To improve outcomes over time, keep notes on which free mermaid coloring pages prompts produce the clearest outlines. Reuse those winning prompt styles for future pages, and adjust only subject details so each new sheet stays unique without losing readability, print quality, or family-safe tone.",Create Similar Page,/create,Browse Free Categories,/free-coloring-pages,"Create a family-safe printable coloring page for Free Mermaid Coloring Pages. Theme focus: free mermaid coloring pages. Use bold black outlines, white background, and clear open areas for coloring.",/static/images/programmatic/mermaid-coloring-pages-hero.png,Generate free mermaid coloring pages with family-safe prompt handling.|Produce clean outlines that print clearly on standard paper.|Download PNG and PDF files instantly for classroom or home use.,Can I use this for free mermaid coloring pages?::Yes. The workflow is optimized for printable line art and repeatable prompt quality.||How do I keep pages family-safe?::Use age-appropriate prompts and keep sensitive topics out of the request. Unsafe input is filtered.,published,"free mermaid coloring pages,mermaid coloring pages,printable coloring pages",2026-02-13T10:04:24.411426+00:00,generated,generated,free mermaid coloring pages,free mermaid printable|free mermaid for kids|free coloring pages|pdf coloring page download,"Provide helpful, family-safe information about Free Mermaid Coloring Pages and direct users to create printable pages.",,4:5,,static/images/programmatic/mermaid-coloring-pages-hero.png,2221e0da4cc4eeab333035f13cf571a0cb47c78c3176d4ba5bc3bc2b5d396702,readability-20260213,2026-02-13T10:04:24.411426+00:00,,
page,/free-coloring-pages/mickey-mouse-coloring-pages,mickey-mouse-coloring-pages,Free Mickey Mouse Coloring Pages,"Free Mickey Mouse Coloring Pages on ColorfulMe. Create free mickey mouse coloring pages with family-safe prompts, clean printable outlines, and one-click PNG.",Free Mickey Mouse Coloring Pages,"Free Mickey Mouse Coloring Pages helps you create free mickey mouse coloring pages in seconds using a guided, family-safe workflow. Use this page to get clear printable line art, practical prompt ideas, and export-ready files for school activities, home crafts, and quick print projects. Provide helpful, family-safe information about Free Mickey Mouse Coloring Pages and direct users to create printable","Free Mickey Mouse Coloring Pages helps parents, teachers, and creators produce dependable free mickey mouse coloring pages pages with less editing. Use one clear subject, one scene, and a family-safe tone so the generated outline stays simple and printable. When prompts are focused, the result is cleaner line art with open spaces that are easier for kids to color.

This page covers popular searches such as free mickey printable, free mickey for kids, free coloring pages and gives you a repeatable flow for high-quality results. Start with a short style instruction like clean line art, then keep details age-appropriate and easy to print. If a preview looks too busy, remove extra objects and regenerate with fewer scene elements.

After generation, download PNG for digital coloring or PDF for print packs. For classroom use, test one page first, then keep the same prompt pattern for the rest of the set. For /free-coloring-pages/mickey-mouse-coloring-pages, this approach keeps quality consistent while reducing rewrite time each time you refresh content. You can also save successful prompt variations by age group so teams can launch new themed pages faster.

To improve outcomes over time, keep notes on which free mickey mouse coloring pages prompts produce the clearest outlines. Reuse those winning prompt styles for future pages, and adjust only subject details so each new sheet stays unique without losing readability, print quality, or family-safe tone.",Create Similar Page,/create,Browse Free Categories,/free-coloring-pages,"Create a family-safe printable coloring page for Free Mickey Mouse Coloring Pages. Theme focus: free mickey mouse coloring pages. Use bold black outlines, white background, and clear open areas for coloring.",/static/images/programmatic/mickey-mouse-coloring-pages-hero.png,Generate free mickey mouse coloring pages with family-safe prompt handling.|Produce clean outlines that print clearly on standard paper.|Download PNG and PDF files instantly for classroom or home use.,Can I use this for free mickey mouse coloring pages?::Yes. The workflow is optimized for printable line art and repeatable prompt quality.||How do I keep pages family-safe?::Use age-appropriate prompts and keep sensitive topics out of the request. Unsafe input is filtered.,published,"free mickey mouse coloring pages,mickey mouse coloring pages,printable coloring pages",2026-02-13T10:04:24.419469+00:00,generated,generated,free mickey mouse coloring pages,free mickey printable|free mickey for kids|free coloring pages|pdf coloring page download,"Provide helpful, family-safe information about Free Mickey Mouse Coloring Pages and direct users to create printable pages.",,4:5,,static/images/programmatic/mickey-mouse-coloring-pages-hero.png,30c032e4d503b4fa8475c02c0e3b38de7eaa0b578203bf422eb2642784d0a9f1,readability-20260213,2026-02-13T10:04:24.419469+00:00,,
page,/free-coloring-pages/miles-morales-coloring-pages,miles-morales-coloring-pages,Free Miles Morales Coloring Pages,"Free Miles Morales Coloring Pages on ColorfulMe. Create free miles morales coloring pages with family-safe prompts, clean printable outlines, and one-click.",Free Miles Morales Coloring Pages,"Free Miles Morales Coloring Pages helps you create free miles morales coloring pages in seconds using a guided, family-safe workflow. Use this page to get clear printable line art, practical prompt ideas, and export-ready files for school activities, home crafts, and quick print projects. Provide helpful, family-safe information about Free Miles Morales Coloring Pages and direct users to create printable","Free Miles Morales Coloring Pages helps parents, teachers, and creators produce dependable free miles morales coloring pages pages with less editing. Use one clear subject, one scene, and a family-safe tone so the generated outline stays simple and printable. When prompts are focused, the result is cleaner line art with open spaces that are easier for kids to color.

This page covers popular searches such as free miles printable, free miles for kids, free coloring pages and gives you a repeatable flow for high-quality results. Start with a short style instruction like clean line art, then keep details age-appropriate and easy to print. If a preview looks too busy, remove extra objects and regenerate with fewer scene elements.

After generation, download PNG for digital coloring or PDF for print packs. For classroom use, test one page first, then keep the same prompt pattern for the rest of the set. For /free-coloring-pages/miles-morales-coloring-pages, this approach keeps quality consistent while reducing rewrite time each time you refresh content. You can also save successful prompt variations by age group so teams can launch new themed pages faster.

To improve outcomes over time, keep notes on which free miles morales coloring pages prompts produce the clearest outlines. Reuse those winning prompt styles for future pages, and adjust only subject details so each new sheet stays unique without losing readability, print quality, or family-safe tone.",Create Similar Page,/create,Browse Free Categories,/free-coloring-pages,"Create a family-safe printable coloring page for Free Miles Morales Coloring Pages. Theme focus: free miles morales coloring pages. Use bold black outlines, white background, and clear open areas for coloring.",/static/images/programmatic/miles-morales-coloring-pages-hero.png,Generate free miles morales coloring pages with family-safe prompt handling.|Produce clean outlines that print clearly on standard paper.|Download PNG and PDF files instantly for classroom or home use.,Can I use this for free miles morales coloring pages?::Yes. The workflow is optimized for printable line art and repeatable prompt quality.||How do I keep pages family-safe?::Use age-appropriate prompts and keep sensitive topics out of the request. Unsafe input is filtered.,published,"free miles morales coloring pages,miles morales coloring pages,printable coloring pages",2026-02-13T10:04:24.425872+00:00,generated,generated,free miles morales coloring pages,free miles printable|free miles for kids|free coloring pages|pdf coloring page download,"Provide helpful, family-safe information about Free Miles Morales Coloring Pages and direct users to create printable pages.",,4:5,,static/images/programmatic/miles-morales-coloring-pages-hero.png,ef7e3c32474c970025931d4be932d146a5e21f40c6ff30739c7b68f4f0bfbf39,readability-20260213,2026-02-13T10:04:24.425872+00:00,,
page,/free-coloring-pages/minecraft-coloring-pages,minecraft-coloring-pages,Free Minecraft Coloring Pages,"Free Minecraft Coloring Pages on ColorfulMe. Create free minecraft coloring pages with family-safe prompts, clean printable outlines, and one-click PNG or PDF.",Free Minecraft Coloring Pages,"Free Minecraft Coloring Pages helps you create free minecraft coloring pages in seconds using a guided, family-safe workflow. Use this page to get clear printable line art, practical prompt ideas, and export-ready files for school activities, home crafts, and quick print projects. Provide helpful, family-safe information about Free Minecraft Coloring Pages and direct users to create printable pages.","Free Minecraft Coloring Pages helps parents, teachers, and creators produce dependable free minecraft coloring pages pages with less editing. Use one clear subject, one scene, and a family-safe tone so the generated outline stays simple and printable. When prompts are focused, the result is cleaner line art with open spaces that are easier for kids to color.

This page covers popular searches such as free minecraft printable, free minecraft for kids, free coloring pages and gives you a repeatable flow for high-quality results. Start with a short style instruction like clean line art, then keep details age-appropriate and easy to print. If a preview looks too busy, remove extra objects and regenerate with fewer scene elements.

After generation, download PNG for digital coloring or PDF for print packs. For classroom use, test one page first, then keep the same prompt pattern for the rest of the set. For /free-coloring-pages/minecraft-coloring-pages, this approach keeps quality consistent while reducing rewrite time each time you refresh content. You can also save successful prompt variations by age group so teams can launch new themed pages faster.

To improve outcomes over time, keep notes on which free minecraft coloring pages prompts produce the clearest outlines. Reuse those winning prompt styles for future pages, and adjust only subject details so each new sheet stays unique without losing readability, print quality, or family-safe tone.",Create Similar Page,/create,Browse Free Categories,/free-coloring-pages,"Create a family-safe printable coloring page for Free Minecraft Coloring Pages. Theme focus: free minecraft coloring pages. Use bold black outlines, white background, and clear open areas for coloring.",/static/images/programmatic/minecraft-coloring-pages-hero.png,Generate free minecraft coloring pages with family-safe prompt handling.|Produce clean outlines that print clearly on standard paper.|Download PNG and PDF files instantly for classroom or home use.,Can I use this for free minecraft coloring pages?::Yes. The workflow is optimized for printable line art and repeatable prompt quality.||How do I keep pages family-safe?::Use age-appropriate prompts and keep sensitive topics out of the request. Unsafe input is filtered.,published,"free minecraft coloring pages,minecraft coloring pages,printable coloring pages",2026-02-13T10:04:24.431284+00:00,generated,generated,free minecraft coloring pages,free minecraft printable|free minecraft for kids|free coloring pages|pdf coloring page download,"Provide helpful, family-safe information about Free Minecraft Coloring Pages and direct users to create printable pages.",,4:5,,static/images/programmatic/minecraft-coloring-pages-hero.png,ed46c0c5dc8e8e61a2d7503fec75011c1f08e5265b4794591685a644d770787b,readability-20260213,2026-02-13T10:04:24.431284+00:00,,
page,/free-coloring-pages/minion,minion,Free Minion Coloring Pages,"Free Minion Coloring Pages on ColorfulMe. Create free minion coloring pages with family-safe prompts, clean printable outlines, and one-click PNG or PDF.",Free Minion Coloring Pages,"Free Minion Coloring Pages helps you create free minion coloring pages in seconds using a guided, family-safe workflow. Use this page to get clear printable line art, practical prompt ideas, and export-ready files for school activities, home crafts, and quick print projects. Provide helpful, family-safe information about Free Minion Coloring Pages and direct users to create printable pages.","Free Minion Coloring Pages helps parents, teachers, and creators produce dependable free minion coloring pages pages with less editing. Use one clear subject, one scene, and a family-safe tone so the generated outline stays simple and printable. When prompts are focused, the result is cleaner line art with open spaces that are easier for kids to color.

This page covers popular searches such as free minion printable, free minion for kids, free coloring pages and gives you a repeatable flow for high-quality results. Start with a short style instruction like clean line art, then keep details age-appropriate and easy to print. If a preview looks too busy, remove extra objects and regenerate with fewer scene elements.

After generation, download PNG for digital coloring or PDF for print packs. For classroom use, test one page first, then keep the same prompt pattern for the rest of the set. For /free-coloring-pages/minion, this approach keeps quality consistent while reducing rewrite time each time you refresh content. You can also save successful prompt variations by age group so teams can launch new themed pages faster.

To improve outcomes over time, keep notes on which free minion coloring pages prompts produce the clearest outlines. Reuse those winning prompt styles for future pages, and adjust only subject details so each new sheet stays unique without losing readability, print quality, or family-safe tone.",Create Similar Page,/create,Browse Free Categories,/free-coloring-pages,"Create a family-safe printable coloring page for Free Minion Coloring Pages. Theme focus: free minion coloring pages. Use bold black outlines, white background, and clear open areas for coloring.",/static/images/programmatic/minion-hero.png,Generate free minion coloring pages with family-safe prompt handling.|Produce clean outlines that print clearly on standard paper.|Download PNG and PDF files instantly for classroom or home use.,Can I use this for free minion coloring pages?::Yes. The workflow is optimized for printable line art and repeatable prompt quality.||How do I keep pages family-safe?::Use age-appropriate prompts and keep sensitive topics out of the request. Unsafe input is filtered.,published,"free minion coloring pages,minion coloring pages,printable coloring pages",2026-02-13T10:04:24.440803+00:00,generated,generated,free minion coloring pages,free minion printable|free minion for kids|free coloring pages|pdf coloring page download,"Provide helpful, family-safe information about Free Minion Coloring Pages and direct users to create printable pages.",,4:5,,static/images/programmatic/minion-hero.png,a7519711a35b015d289d603ffc68ff6b06de93d061c3d1904131e482b1259992,readability-20260213,2026-02-13T10:04:24.440803+00:00,,
page,/free-coloring-pages/minion-coloring-pages,minion-coloring-pages,Free Minion Coloring Pages,"Free Minion Coloring Pages on ColorfulMe. Create free minion coloring pages with family-safe prompts, clean printable outlines, and one-click PNG or PDF.",Free Minion Coloring Pages,"Free Minion Coloring Pages helps you create free minion coloring pages in seconds using a guided, family-safe workflow. Use this page to get clear printable line art, practical prompt ideas, and export-ready files for school activities, home crafts, and quick print projects. Provide helpful, family-safe information about Free Minion Coloring Pages and direct users to create printable pages.","Free Minion Coloring Pages helps parents, teachers, and creators produce dependable free minion coloring pages pages with less editing. Use one clear subject, one scene, and a family-safe tone so the generated outline stays simple and printable. When prompts are focused, the result is cleaner line art with open spaces that are easier for kids to color.

This page covers popular searches such as free minion printable, free minion for kids, free coloring pages and gives you a repeatable flow for high-quality results. Start with a short style instruction like clean line art, then keep details age-appropriate and easy to print. If a preview looks too busy, remove extra objects and regenerate with fewer scene elements.

After generation, download PNG for digital coloring or PDF for print packs. For classroom use, test one page first, then keep the same prompt pattern for the rest of the set. For /free-coloring-pages/minion-coloring-pages, this approach keeps quality consistent while reducing rewrite time each time you refresh content. You can also save successful prompt variations by age group so teams can launch new themed pages faster.

To improve outcomes over time, keep notes on which free minion coloring pages prompts produce the clearest outlines. Reuse those winning prompt styles for future pages, and adjust only subject details so each new sheet stays unique without losing readability, print quality, or family-safe tone.",Create Similar Page,/create,Browse Free Categories,/free-coloring-pages,"Create a family-safe printable coloring page for Free Minion Coloring Pages. Theme focus: free minion coloring pages. Use bold black outlines, white background, and clear open areas for coloring.",/static/images/programmatic/minion-coloring-pages-hero.png,Generate free minion coloring pages with family-safe prompt handling.|Produce clean outlines that print clearly on standard paper.|Download PNG and PDF files instantly for classroom or home use.,Can I use this for free minion coloring pages?::Yes. The workflow is optimized for printable line art and repeatable prompt quality.||How do I keep pages family-safe?::Use age-appropriate prompts and keep sensitive topics out of the request. Unsafe input is filtered.,published,"free minion coloring pages,minion coloring pages,printable coloring pages",2026-02-13T10:04:24.450151+00:00,generated,generated,free minion coloring pages,free minion printable|free minion for kids|free coloring pages|pdf coloring page download,"Provide helpful, family-safe information about Free Minion Coloring Pages and direct users to create printable pages.",,4:5,,static/images/programmatic/minion-coloring-pages-hero.png,a7519711a35b015d289d603ffc68ff6b06de93d061c3d1904131e482b1259992,readability-20260213,2026-02-13T10:04:24.450151+00:00,,
page,/free-coloring-pages/monster-coloring-pages,monster-coloring-pages,Free Monster Coloring Pages,"Free Monster Coloring Pages on ColorfulMe. Create free monster coloring pages with family-safe prompts, clean printable outlines, and one-click PNG or PDF.",Free Monster Coloring Pages,"Free Monster Coloring Pages helps you create free monster coloring pages in seconds using a guided, family-safe workflow. Use this page to get clear printable line art, practical prompt ideas, and export-ready files for school activities, home crafts, and quick print projects. Provide helpful, family-safe information about Free Monster Coloring Pages and direct users to create printable pages.","Free Monster Coloring Pages helps parents, teachers, and creators produce dependable free monster coloring pages pages with less editing. Use one clear subject, one scene, and a family-safe tone so the generated outline stays simple and printable. When prompts are focused, the result is cleaner line art with open spaces that are easier for kids to color.

This page covers popular searches such as free monster printable, free monster for kids, free coloring pages and gives you a repeatable flow for high-quality results. Start with a short style instruction like clean line art, then keep details age-appropriate and easy to print. If a preview looks too busy, remove extra objects and regenerate with fewer scene elements.

After generation, download PNG for digital coloring or PDF for print packs. For classroom use, test one page first, then keep the same prompt pattern for the rest of the set. For /free-coloring-pages/monster-coloring-pages, this approach keeps quality consistent while reducing rewrite time each time you refresh content. You can also save successful prompt variations by age group so teams can launch new themed pages faster.

To improve outcomes over time, keep notes on which free monster coloring pages prompts produce the clearest outlines. Reuse those winning prompt styles for future pages, and adjust only subject details so each new sheet stays unique without losing readability, print quality, or family-safe tone.",Create Similar Page,/create,Browse Free Categories,/free-coloring-pages,"Create a family-safe printable coloring page for Free Monster Coloring Pages. Theme focus: free monster coloring pages. Use bold black outlines, white background, and clear open areas for coloring.",/static/images/programmatic/monster-coloring-pages-hero.png,Generate free monster coloring pages with family-safe prompt handling.|Produce clean outlines that print clearly on standard paper.|Download PNG and PDF files instantly for classroom or home use.,Can I use this for free monster coloring pages?::Yes. The workflow is optimized for printable line art and repeatable prompt quality.||How do I keep pages family-safe?::Use age-appropriate prompts and keep sensitive topics out of the request. Unsafe input is filtered.,published,"free monster coloring pages,monster coloring pages,printable coloring pages",2026-02-13T10:04:24.456717+00:00,generated,generated,free monster coloring pages,free monster printable|free monster for kids|free coloring pages|pdf coloring page download,"Provide helpful, family-safe information about Free Monster Coloring Pages and direct users to create printable pages.",,4:5,,static/images/programmatic/monster-coloring-pages-hero.png,4dab17809ac1fce4111d361298fc7b28ae74c89363da1badeac7b0ac8af1cbf4,readability-20260213,2026-02-13T10:04:24.456717+00:00,,
page,/free-coloring-pages/mushroom-coloring-pages,mushroom-coloring-pages,Free Mushroom Coloring Pages,"Free Mushroom Coloring Pages on ColorfulMe. Create free mushroom coloring pages with family-safe prompts, clean printable outlines, and one-click PNG or PDF.",Free Mushroom Coloring Pages,"Free Mushroom Coloring Pages helps you create free mushroom coloring pages in seconds using a guided, family-safe workflow. Use this page to get clear printable line art, practical prompt ideas, and export-ready files for school activities, home crafts, and quick print projects. Provide helpful, family-safe information about Free Mushroom Coloring Pages and direct users to create printable pages.","Free Mushroom Coloring Pages helps parents, teachers, and creators produce dependable free mushroom coloring pages pages with less editing. Use one clear subject, one scene, and a family-safe tone so the generated outline stays simple and printable. When prompts are focused, the result is cleaner line art with open spaces that are easier for kids to color.

This page covers popular searches such as free mushroom printable, free mushroom for kids, free coloring pages and gives you a repeatable flow for high-quality results. Start with a short style instruction like clean line art, then keep details age-appropriate and easy to print. If a preview looks too busy, remove extra objects and regenerate with fewer scene elements.

After generation, download PNG for digital coloring or PDF for print packs. For classroom use, test one page first, then keep the same prompt pattern for the rest of the set. For /free-coloring-pages/mushroom-coloring-pages, this approach keeps quality consistent while reducing rewrite time each time you refresh content. You can also save successful prompt variations by age group so teams can launch new themed pages faster.

To improve outcomes over time, keep notes on which free mushroom coloring pages prompts produce the clearest outlines. Reuse those winning prompt styles for future pages, and adjust only subject details so each new sheet stays unique without losing readability, print quality, or family-safe tone.",Create Similar Page,/create,Browse Free Categories,/free-coloring-pages,"Create a family-safe printable coloring page for Free Mushroom Coloring Pages. Theme focus: free mushroom coloring pages. Use bold black outlines, white background, and clear open areas for coloring.",/static/images/programmatic/mushroom-coloring-pages-hero.png,Generate free mushroom coloring pages with family-safe prompt handling.|Produce clean outlines that print clearly on standard paper.|Download PNG and PDF files instantly for classroom or home use.,Can I use this for free mushroom coloring pages?::Yes. The workflow is optimized for printable line art and repeatable prompt quality.||How do I keep pages family-safe?::Use age-appropriate prompts and keep sensitive topics out of the request. Unsafe input is filtered.,published,"free mushroom coloring pages,mushroom coloring pages,printable coloring pages",2026-02-13T10:04:24.464258+00:00,generated,generated,free mushroom coloring pages,free mushroom printable|free mushroom for kids|free coloring pages|pdf coloring page download,"Provide helpful, family-safe information about Free Mushroom Coloring Pages and direct users to create printable pages.",,4:5,,static/images/programmatic/mushroom-coloring-pages-hero.png,2039f4ee7edfaf0cd7db6773c75d7433ae63ac8703bfc3da935ff6f221ba6adc,readability-20260213,2026-02-13T10:04:24.464258+00:00,,
page,/free-coloring-pages/name-coloring-pages,name-coloring-pages,Free Name Coloring Pages,"Free Name Coloring Pages on ColorfulMe. Create free name coloring pages with family-safe prompts, clean printable outlines, and one-click PNG or PDF downloads.",Free Name Coloring Pages,"Free Name Coloring Pages helps you create free name coloring pages in seconds using a guided, family-safe workflow. Use this page to get clear printable line art, practical prompt ideas, and export-ready files for school activities, home crafts, and quick print projects. Provide helpful, family-safe information about Free Name Coloring Pages and direct users to create printable pages.","Free Name Coloring Pages helps parents, teachers, and creators produce dependable free name coloring pages pages with less editing. Use one clear subject, one scene, and a family-safe tone so the generated outline stays simple and printable. When prompts are focused, the result is cleaner line art with open spaces that are easier for kids to color.

This page covers popular searches such as free name printable, free name for kids, free coloring pages and gives you a repeatable flow for high-quality results. Start with a short style instruction like clean line art, then keep details age-appropriate and easy to print. If a preview looks too busy, remove extra objects and regenerate with fewer scene elements.

After generation, download PNG for digital coloring or PDF for print packs. For classroom use, test one page first, then keep the same prompt pattern for the rest of the set. For /free-coloring-pages/name-coloring-pages, this approach keeps quality consistent while reducing rewrite time each time you refresh content. You can also save successful prompt variations by age group so teams can launch new themed pages faster.

To improve outcomes over time, keep notes on which free name coloring pages prompts produce the clearest outlines. Reuse those winning prompt styles for future pages, and adjust only subject details so each new sheet stays unique without losing readability, print quality, or family-safe tone.",Create Similar Page,/create,Browse Free Categories,/free-coloring-pages,"Create a family-safe printable coloring page for Free Name Coloring Pages. Theme focus: free name coloring pages. Use bold black outlines, white background, and clear open areas for coloring.",/static/images/programmatic/name-coloring-pages-hero.png,Generate free name coloring pages with family-safe prompt handling.|Produce clean outlines that print clearly on standard paper.|Download PNG and PDF files instantly for classroom or home use.,Can I use this for free name coloring pages?::Yes. The workflow is optimized for printable line art and repeatable prompt quality.||How do I keep pages family-safe?::Use age-appropriate prompts and keep sensitive topics out of the request. Unsafe input is filtered.,published,"free name coloring pages,name coloring pages,printable coloring pages",2026-02-13T10:04:24.470160+00:00,generated,generated,free name coloring pages,free name printable|free name for kids|free coloring pages|pdf coloring page download,"Provide helpful, family-safe information about Free Name Coloring Pages and direct users to create printable pages.",,4:5,,static/images/programmatic/name-coloring-pages-hero.png,f548c0c2a78cd14469912de65ef8113727002c3964abf70ab56bc903546458e8,readability-20260213,2026-02-13T10:04:24.470160+00:00,,
page,/free-coloring-pages/ninja-coloring-pages,ninja-coloring-pages,Free Ninja Coloring Pages,"Free Ninja Coloring Pages on ColorfulMe. Create free ninja coloring pages with family-safe prompts, clean printable outlines, and one-click PNG or PDF.",Free Ninja Coloring Pages,"Free Ninja Coloring Pages helps you create free ninja coloring pages in seconds using a guided, family-safe workflow. Use this page to get clear printable line art, practical prompt ideas, and export-ready files for school activities, home crafts, and quick print projects. Provide helpful, family-safe information about Free Ninja Coloring Pages and direct users to create printable pages.","Free Ninja Coloring Pages helps parents, teachers, and creators produce dependable free ninja coloring pages pages with less editing. Use one clear subject, one scene, and a family-safe tone so the generated outline stays simple and printable. When prompts are focused, the result is cleaner line art with open spaces that are easier for kids to color.

This page covers popular searches such as free ninja printable, free ninja for kids, free coloring pages and gives you a repeatable flow for high-quality results. Start with a short style instruction like clean line art, then keep details age-appropriate and easy to print. If a preview looks too busy, remove extra objects and regenerate with fewer scene elements.

After generation, download PNG for digital coloring or PDF for print packs. For classroom use, test one page first, then keep the same prompt pattern for the rest of the set. For /free-coloring-pages/ninja-coloring-pages, this approach keeps quality consistent while reducing rewrite time each time you refresh content. You can also save successful prompt variations by age group so teams can launch new themed pages faster.

To improve outcomes over time, keep notes on which free ninja coloring pages prompts produce the clearest outlines. Reuse those winning prompt styles for future pages, and adjust only subject details so each new sheet stays unique without losing readability, print quality, or family-safe tone.",Create Similar Page,/create,Browse Free Categories,/free-coloring-pages,"Create a family-safe printable coloring page for Free Ninja Coloring Pages. Theme focus: free ninja coloring pages. Use bold black outlines, white background, and clear open areas for coloring.",/static/images/programmatic/ninja-coloring-pages-hero.png,Generate free ninja coloring pages with family-safe prompt handling.|Produce clean outlines that print clearly on standard paper.|Download PNG and PDF files instantly for classroom or home use.,Can I use this for free ninja coloring pages?::Yes. The workflow is optimized for printable line art and repeatable prompt quality.||How do I keep pages family-safe?::Use age-appropriate prompts and keep sensitive topics out of the request. Unsafe input is filtered.,published,"free ninja coloring pages,ninja coloring pages,printable coloring pages",2026-02-13T10:04:24.489119+00:00,generated,generated,free ninja coloring pages,free ninja printable|free ninja for kids|free coloring pages|pdf coloring page download,"Provide helpful, family-safe information about Free Ninja Coloring Pages and direct users to create printable pages.",,4:5,,static/images/programmatic/ninja-coloring-pages-hero.png,44320210c873d9c792db95a820fdcc2927461b19cb0d47d36dbfec78dfdc26ec,readability-20260213,2026-02-13T10:04:24.489119+00:00,,
page,/free-coloring-pages/octonauts-coloring-pages,octonauts-coloring-pages,Free Octonauts Coloring Pages,"Free Octonauts Coloring Pages on ColorfulMe. Create free octonauts coloring pages with family-safe prompts, clean printable outlines, and one-click PNG or PDF.",Free Octonauts Coloring Pages,"Free Octonauts Coloring Pages helps you create free octonauts coloring pages in seconds using a guided, family-safe workflow. Use this page to get clear printable line art, practical prompt ideas, and export-ready files for school activities, home crafts, and quick print projects. Provide helpful, family-safe information about Free Octonauts Coloring Pages and direct users to create printable pages.","Free Octonauts Coloring Pages helps parents, teachers, and creators produce dependable free octonauts coloring pages pages with less editing. Use one clear subject, one scene, and a family-safe tone so the generated outline stays simple and printable. When prompts are focused, the result is cleaner line art with open spaces that are easier for kids to color.

This page covers popular searches such as free octonauts printable, free octonauts for kids, free coloring pages and gives you a repeatable flow for high-quality results. Start with a short style instruction like clean line art, then keep details age-appropriate and easy to print. If a preview looks too busy, remove extra objects and regenerate with fewer scene elements.

After generation, download PNG for digital coloring or PDF for print packs. For classroom use, test one page first, then keep the same prompt pattern for the rest of the set. For /free-coloring-pages/octonauts-coloring-pages, this approach keeps quality consistent while reducing rewrite time each time you refresh content. You can also save successful prompt variations by age group so teams can launch new themed pages faster.

To improve outcomes over time, keep notes on which free octonauts coloring pages prompts produce the clearest outlines. Reuse those winning prompt styles for future pages, and adjust only subject details so each new sheet stays unique without losing readability, print quality, or family-safe tone.",Create Similar Page,/create,Browse Free Categories,/free-coloring-pages,"Create a family-safe printable coloring page for Free Octonauts Coloring Pages. Theme focus: free octonauts coloring pages. Use bold black outlines, white background, and clear open areas for coloring.",/static/images/programmatic/octonauts-coloring-pages-hero.png,Generate free octonauts coloring pages with family-safe prompt handling.|Produce clean outlines that print clearly on standard paper.|Download PNG and PDF files instantly for classroom or home use.,Can I use this for free octonauts coloring pages?::Yes. The workflow is optimized for printable line art and repeatable prompt quality.||How do I keep pages family-safe?::Use age-appropriate prompts and keep sensitive topics out of the request. Unsafe input is filtered.,published,"free octonauts coloring pages,octonauts coloring pages,printable coloring pages",2026-02-13T10:04:24.519944+00:00,generated,generated,free octonauts coloring pages,free octonauts printable|free octonauts for kids|free coloring pages|pdf coloring page download,"Provide helpful, family-safe information about Free Octonauts Coloring Pages and direct users to create printable pages.",,4:5,,static/images/programmatic/octonauts-coloring-pages-hero.png,202dd176fa0b04575b13e1f8bf557f33e86afc6a0d4aa367133eed7ee35a427c,readability-20260213,2026-02-13T10:04:24.519944+00:00,,
page,/free-coloring-pages/peppa-pig-coloring-pages,peppa-pig-coloring-pages,Free Peppa Pig Coloring Pages,"Free Peppa Pig Coloring Pages on ColorfulMe. Create free peppa pig coloring pages with family-safe prompts, clean printable outlines, and one-click PNG or PDF.",Free Peppa Pig Coloring Pages,"Free Peppa Pig Coloring Pages helps you create free peppa pig coloring pages in seconds using a guided, family-safe workflow. Use this page to get clear printable line art, practical prompt ideas, and export-ready files for school activities, home crafts, and quick print projects. Provide helpful, family-safe information about Free Peppa Pig Coloring Pages and direct users to create printable","Free Peppa Pig Coloring Pages helps parents, teachers, and creators produce dependable free peppa pig coloring pages pages with less editing. Use one clear subject, one scene, and a family-safe tone so the generated outline stays simple and printable. When prompts are focused, the result is cleaner line art with open spaces that are easier for kids to color.

This page covers popular searches such as free peppa printable, free peppa for kids, free coloring pages and gives you a repeatable flow for high-quality results. Start with a short style instruction like clean line art, then keep details age-appropriate and easy to print. If a preview looks too busy, remove extra objects and regenerate with fewer scene elements.

After generation, download PNG for digital coloring or PDF for print packs. For classroom use, test one page first, then keep the same prompt pattern for the rest of the set. For /free-coloring-pages/peppa-pig-coloring-pages, this approach keeps quality consistent while reducing rewrite time each time you refresh content. You can also save successful prompt variations by age group so teams can launch new themed pages faster.

To improve outcomes over time, keep notes on which free peppa pig coloring pages prompts produce the clearest outlines. Reuse those winning prompt styles for future pages, and adjust only subject details so each new sheet stays unique without losing readability, print quality, or family-safe tone.",Create Similar Page,/create,Browse Free Categories,/free-coloring-pages,"Create a family-safe printable coloring page for Free Peppa Pig Coloring Pages. Theme focus: free peppa pig coloring pages. Use bold black outlines, white background, and clear open areas for coloring.",/static/images/programmatic/peppa-pig-coloring-pages-hero.png,Generate free peppa pig coloring pages with family-safe prompt handling.|Produce clean outlines that print clearly on standard paper.|Download PNG and PDF files instantly for classroom or home use.,Can I use this for free peppa pig coloring pages?::Yes. The workflow is optimized for printable line art and repeatable prompt quality.||How do I keep pages family-safe?::Use age-appropriate prompts and keep sensitive topics out of the request. Unsafe input is filtered.,published,"free peppa pig coloring pages,peppa pig coloring pages,printable coloring pages",2026-02-13T10:04:24.553136+00:00,generated,generated,free peppa pig coloring pages,free peppa printable|free peppa for kids|free coloring pages|pdf coloring page download,"Provide helpful, family-safe information about Free Peppa Pig Coloring Pages and direct users to create printable pages.",,4:5,,static/images/programmatic/peppa-pig-coloring-pages-hero.png,be54f2b8e384d04f27b6d7ba5780227439f6c884a52bcfccde0ad928c5663e77,readability-20260213,2026-02-13T10:04:24.553136+00:00,,
page,/free-coloring-pages/pikachu-coloring-pages,pikachu-coloring-pages,Free Pikachu Coloring Pages,"Free Pikachu Coloring Pages on ColorfulMe. Create free pikachu coloring pages with family-safe prompts, clean printable outlines, and one-click PNG or PDF.",Free Pikachu Coloring Pages,"Free Pikachu Coloring Pages helps you create free pikachu coloring pages in seconds using a guided, family-safe workflow. Use this page to get clear printable line art, practical prompt ideas, and export-ready files for school activities, home crafts, and quick print projects. Provide helpful, family-safe information about Free Pikachu Coloring Pages and direct users to create printable pages.","Free Pikachu Coloring Pages helps parents, teachers, and creators produce dependable free pikachu coloring pages pages with less editing. Use one clear subject, one scene, and a family-safe tone so the generated outline stays simple and printable. When prompts are focused, the result is cleaner line art with open spaces that are easier for kids to color.

This page covers popular searches such as free pikachu printable, free pikachu for kids, free coloring pages and gives you a repeatable flow for high-quality results. Start with a short style instruction like clean line art, then keep details age-appropriate and easy to print. If a preview looks too busy, remove extra objects and regenerate with fewer scene elements.

After generation, download PNG for digital coloring or PDF for print packs. For classroom use, test one page first, then keep the same prompt pattern for the rest of the set. For /free-coloring-pages/pikachu-coloring-pages, this approach keeps quality consistent while reducing rewrite time each time you refresh content. You can also save successful prompt variations by age group so teams can launch new themed pages faster.

To improve outcomes over time, keep notes on which free pikachu coloring pages prompts produce the clearest outlines. Reuse those winning prompt styles for future pages, and adjust only subject details so each new sheet stays unique without losing readability, print quality, or family-safe tone.",Create Similar Page,/create,Browse Free Categories,/free-coloring-pages,"Create a family-safe printable coloring page for Free Pikachu Coloring Pages. Theme focus: free pikachu coloring pages. Use bold black outlines, white background, and clear open areas for coloring.",/static/images/programmatic/pikachu-coloring-pages-hero.png,Generate free pikachu coloring pages with family-safe prompt handling.|Produce clean outlines that print clearly on standard paper.|Download PNG and PDF files instantly for classroom or home use.,Can I use this for free pikachu coloring pages?::Yes. The workflow is optimized for printable line art and repeatable prompt quality.||How do I keep pages family-safe?::Use age-appropriate prompts and keep sensitive topics out of the request. Unsafe input is filtered.,published,"free pikachu coloring pages,pikachu coloring pages,printable coloring pages",2026-02-13T10:04:24.574130+00:00,generated,generated,free pikachu coloring pages,free pikachu printable|free pikachu for kids|free coloring pages|pdf coloring page download,"Provide helpful, family-safe information about Free Pikachu Coloring Pages and direct users to create printable pages.",,4:5,,static/images/programmatic/pikachu-coloring-pages-hero.png,44f11a31039967f62f08257f6796ecb65aa7cf0c35876a7ededf2627b926b9c8,readability-20260213,2026-02-13T10:04:24.574130+00:00,,
page,/free-coloring-pages/pokemon-coloring-pages,pokemon-coloring-pages,Free Pokemon Coloring Pages,"Free Pokemon Coloring Pages on ColorfulMe. Create free pokemon coloring pages with family-safe prompts, clean printable outlines, and one-click PNG or PDF.",Free Pokemon Coloring Pages,"Free Pokemon Coloring Pages helps you create free pokemon coloring pages in seconds using a guided, family-safe workflow. Use this page to get clear printable line art, practical prompt ideas, and export-ready files for school activities, home crafts, and quick print projects. Provide helpful, family-safe information about Free Pokemon Coloring Pages and direct users to create printable pages.","Free Pokemon Coloring Pages helps parents, teachers, and creators produce dependable free pokemon coloring pages pages with less editing. Use one clear subject, one scene, and a family-safe tone so the generated outline stays simple and printable. When prompts are focused, the result is cleaner line art with open spaces that are easier for kids to color.

This page covers popular searches such as free pokemon printable, free pokemon for kids, free coloring pages and gives you a repeatable flow for high-quality results. Start with a short style instruction like clean line art, then keep details age-appropriate and easy to print. If a preview looks too busy, remove extra objects and regenerate with fewer scene elements.

After generation, download PNG for digital coloring or PDF for print packs. For classroom use, test one page first, then keep the same prompt pattern for the rest of the set. For /free-coloring-pages/pokemon-coloring-pages, this approach keeps quality consistent while reducing rewrite time each time you refresh content. You can also save successful prompt variations by age group so teams can launch new themed pages faster.

To improve outcomes over time, keep notes on which free pokemon coloring pages prompts produce the clearest outlines. Reuse those winning prompt styles for future pages, and adjust only subject details so each new sheet stays unique without losing readability, print quality, or family-safe tone.",Create Similar Page,/create,Browse Free Categories,/free-coloring-pages,"Create a family-safe printable coloring page for Free Pokemon Coloring Pages. Theme focus: free pokemon coloring pages. Use bold black outlines, white background, and clear open areas for coloring.",/static/images/programmatic/pokemon-coloring-pages-hero.png,Generate free pokemon coloring pages with family-safe prompt handling.|Produce clean outlines that print clearly on standard paper.|Download PNG and PDF files instantly for classroom or home use.,Can I use this for free pokemon coloring pages?::Yes. The workflow is optimized for printable line art and repeatable prompt quality.||How do I keep pages family-safe?::Use age-appropriate prompts and keep sensitive topics out of the request. Unsafe input is filtered.,published,"free pokemon coloring pages,pokemon coloring pages,printable coloring pages",2026-02-13T10:04:24.584877+00:00,generated,generated,free pokemon coloring pages,free pokemon printable|free pokemon for kids|free coloring pages|pdf coloring page download,"Provide helpful, family-safe information about Free Pokemon Coloring Pages and direct users to create printable pages.",,4:5,,static/images/programmatic/pokemon-coloring-pages-hero.png,3859da4d13c6e79dd65ece05bee7286537386c187acccaba03c5ca8d919975b7,readability-20260213,2026-02-13T10:04:24.584877+00:00,,
page,/free-coloring-pages/poppy-playtime-coloring-pages,poppy-playtime-coloring-pages,Free Poppy Playtime Coloring Pages,"Free Poppy Playtime Coloring Pages on ColorfulMe. Create free poppy playtime coloring pages with family-safe prompts, clean printable outlines, and one-click.",Free Poppy Playtime Coloring Pages,"Free Poppy Playtime Coloring Pages helps you create free poppy playtime coloring pages in seconds using a guided, family-safe workflow. Use this page to get clear printable line art, practical prompt ideas, and export-ready files for school activities, home crafts, and quick print projects. Provide helpful, family-safe information about Free Poppy Playtime Coloring Pages and direct users to create printable","Free Poppy Playtime Coloring Pages helps parents, teachers, and creators produce dependable free poppy playtime coloring pages pages with less editing. Use one clear subject, one scene, and a family-safe tone so the generated outline stays simple and printable. When prompts are focused, the result is cleaner line art with open spaces that are easier for kids to color.

This page covers popular searches such as free poppy printable, free poppy for kids, free coloring pages and gives you a repeatable flow for high-quality results. Start with a short style instruction like clean line art, then keep details age-appropriate and easy to print. If a preview looks too busy, remove extra objects and regenerate with fewer scene elements.

After generation, download PNG for digital coloring or PDF for print packs. For classroom use, test one page first, then keep the same prompt pattern for the rest of the set. For /free-coloring-pages/poppy-playtime-coloring-pages, this approach keeps quality consistent while reducing rewrite time each time you refresh content. You can also save successful prompt variations by age group so teams can launch new themed pages faster.

To improve outcomes over time, keep notes on which free poppy playtime coloring pages prompts produce the clearest outlines. Reuse those winning prompt styles for future pages, and adjust only subject details so each new sheet stays unique without losing readability, print quality, or family-safe tone.",Create Similar Page,/create,Browse Free Categories,/free-coloring-pages,"Create a family-safe printable coloring page for Free Poppy Playtime Coloring Pages. Theme focus: free poppy playtime coloring pages. Use bold black outlines, white background, and clear open areas for coloring.",/static/images/programmatic/poppy-playtime-coloring-pages-hero.png,Generate free poppy playtime coloring pages with family-safe prompt handling.|Produce clean outlines that print clearly on standard paper.|Download PNG and PDF files instantly for classroom or home use.,Can I use this for free poppy playtime coloring pages?::Yes. The workflow is optimized for printable line art and repeatable prompt quality.||How do I keep pages family-safe?::Use age-appropriate prompts and keep sensitive topics out of the request. Unsafe input is filtered.,published,"free poppy playtime coloring pages,poppy playtime coloring pages,printable coloring pages",2026-02-13T10:04:24.597949+00:00,generated,generated,free poppy playtime coloring pages,free poppy printable|free poppy for kids|free coloring pages|pdf coloring page download,"Provide helpful, family-safe information about Free Poppy Playtime Coloring Pages and direct users to create printable pages.",,4:5,,static/images/programmatic/poppy-playtime-coloring-pages-hero.png,8557ad9821675cf6a65b5bdf6559555625adf3874b14d902d2582079d8f9b002,readability-20260213,2026-02-13T10:04:24.597949+00:00,,
page,/free-coloring-pages/princess-coloring-pages,princess-coloring-pages,Free Princess Coloring Pages,"Free Princess Coloring Pages on ColorfulMe. Create free princess coloring pages with family-safe prompts, clean printable outlines, and one-click PNG or PDF.",Free Princess Coloring Pages,"Free Princess Coloring Pages helps you create free princess coloring pages in seconds using a guided, family-safe workflow. Use this page to get clear printable line art, practical prompt ideas, and export-ready files for school activities, home crafts, and quick print projects. Provide helpful, family-safe information about Free Princess Coloring Pages and direct users to create printable pages.","Free Princess Coloring Pages helps parents, teachers, and creators produce dependable free princess coloring pages pages with less editing. Use one clear subject, one scene, and a family-safe tone so the generated outline stays simple and printable. When prompts are focused, the result is cleaner line art with open spaces that are easier for kids to color.

This page covers popular searches such as free princess printable, free princess for kids, free coloring pages and gives you a repeatable flow for high-quality results. Start with a short style instruction like clean line art, then keep details age-appropriate and easy to print. If a preview looks too busy, remove extra objects and regenerate with fewer scene elements.

After generation, download PNG for digital coloring or PDF for print packs. For classroom use, test one page first, then keep the same prompt pattern for the rest of the set. For /free-coloring-pages/princess-coloring-pages, this approach keeps quality consistent while reducing rewrite time each time you refresh content. You can also save successful prompt variations by age group so teams can launch new themed pages faster.

To improve outcomes over time, keep notes on which free princess coloring pages prompts produce the clearest outlines. Reuse those winning prompt styles for future pages, and adjust only subject details so each new sheet stays unique without losing readability, print quality, or family-safe tone.",Create Similar Page,/create,Browse Free Categories,/free-coloring-pages,"Create a family-safe printable coloring page for Free Princess Coloring Pages. Theme focus: free princess coloring pages. Use bold black outlines, white background, and clear open areas for coloring.",/static/images/programmatic/princess-coloring-pages-hero.png,Generate free princess coloring pages with family-safe prompt handling.|Produce clean outlines that print clearly on standard paper.|Download PNG and PDF files instantly for classroom or home use.,Can I use this for free princess coloring pages?::Yes. The workflow is optimized for printable line art and repeatable prompt quality.||How do I keep pages family-safe?::Use age-appropriate prompts and keep sensitive topics out of the request. Unsafe input is filtered.,published,"free princess coloring pages,princess coloring pages,printable coloring pages",2026-02-13T10:04:24.605581+00:00,generated,generated,free princess coloring pages,free princess printable|free princess for kids|free coloring pages|pdf coloring page download,"Provide helpful, family-safe information about Free Princess Coloring Pages and direct users to create printable pages.",,4:5,,static/images/programmatic/princess-coloring-pages-hero.png,d1f28fc3d6695e64206ee838d205cecf1e6745378272b2306d1ac396b35e63ef,readability-20260213,2026-02-13T10:04:24.605581+00:00,,
page,/free-coloring-pages/puppy-coloring-pages,puppy-coloring-pages,Free Puppy Coloring Pages,"Free Puppy Coloring Pages on ColorfulMe. Create free puppy coloring pages with family-safe prompts, clean printable outlines, and one-click PNG or PDF.",Free Puppy Coloring Pages,"Free Puppy Coloring Pages helps you create free puppy coloring pages in seconds using a guided, family-safe workflow. Use this page to get clear printable line art, practical prompt ideas, and export-ready files for school activities, home crafts, and quick print projects. Provide helpful, family-safe information about Free Puppy Coloring Pages and direct users to create printable pages.","Free Puppy Coloring Pages helps parents, teachers, and creators produce dependable free puppy coloring pages pages with less editing. Use one clear subject, one scene, and a family-safe tone so the generated outline stays simple and printable. When prompts are focused, the result is cleaner line art with open spaces that are easier for kids to color.

This page covers popular searches such as free puppy printable, free puppy for kids, free coloring pages and gives you a repeatable flow for high-quality results. Start with a short style instruction like clean line art, then keep details age-appropriate and easy to print. If a preview looks too busy, remove extra objects and regenerate with fewer scene elements.

After generation, download PNG for digital coloring or PDF for print packs. For classroom use, test one page first, then keep the same prompt pattern for the rest of the set. For /free-coloring-pages/puppy-coloring-pages, this approach keeps quality consistent while reducing rewrite time each time you refresh content. You can also save successful prompt variations by age group so teams can launch new themed pages faster.

To improve outcomes over time, keep notes on which free puppy coloring pages prompts produce the clearest outlines. Reuse those winning prompt styles for future pages, and adjust only subject details so each new sheet stays unique without losing readability, print quality, or family-safe tone.",Create Similar Page,/create,Browse Free Categories,/free-coloring-pages,"Create a family-safe printable coloring page for Free Puppy Coloring Pages. Theme focus: free puppy coloring pages. Use bold black outlines, white background, and clear open areas for coloring.",/static/images/programmatic/puppy-coloring-pages-hero.png,Generate free puppy coloring pages with family-safe prompt handling.|Produce clean outlines that print clearly on standard paper.|Download PNG and PDF files instantly for classroom or home use.,Can I use this for free puppy coloring pages?::Yes. The workflow is optimized for printable line art and repeatable prompt quality.||How do I keep pages family-safe?::Use age-appropriate prompts and keep sensitive topics out of the request. Unsafe input is filtered.,published,"free puppy coloring pages,puppy coloring pages,printable coloring pages",2026-02-13T10:04:24.635970+00:00,generated,generated,free puppy coloring pages,free puppy printable|free puppy for kids|free coloring pages|pdf coloring page download,"Provide helpful, family-safe information about Free Puppy Coloring Pages and direct users to create printable pages.",,4:5,,static/images/programmatic/puppy-coloring-pages-hero.png,aaa99ef340427f6fb7220de9d3afda8f4c553d6e879ccff9d3d5441667102623,readability-20260213,2026-02-13T10:04:24.635970+00:00,,
page,/free-coloring-pages/rainbow-coloring-pages,rainbow-coloring-pages,Free Rainbow Coloring Pages,"Free Rainbow Coloring Pages on ColorfulMe. Create free rainbow coloring pages with family-safe prompts, clean printable outlines, and one-click PNG or PDF.",Free Rainbow Coloring Pages,"Free Rainbow Coloring Pages helps you create free rainbow coloring pages in seconds using a guided, family-safe workflow. Use this page to get clear printable line art, practical prompt ideas, and export-ready files for school activities, home crafts, and quick print projects. Provide helpful, family-safe information about Free Rainbow Coloring Pages and direct users to create printable pages.","Free Rainbow Coloring Pages helps parents, teachers, and creators produce dependable free rainbow coloring pages pages with less editing. Use one clear subject, one scene, and a family-safe tone so the generated outline stays simple and printable. When prompts are focused, the result is cleaner line art with open spaces that are easier for kids to color.

This page covers popular searches such as free rainbow printable, free rainbow for kids, free coloring pages and gives you a repeatable flow for high-quality results. Start with a short style instruction like clean line art, then keep details age-appropriate and easy to print. If a preview looks too busy, remove extra objects and regenerate with fewer scene elements.

After generation, download PNG for digital coloring or PDF for print packs. For classroom use, test one page first, then keep the same prompt pattern for the rest of the set. For /free-coloring-pages/rainbow-coloring-pages, this approach keeps quality consistent while reducing rewrite time each time you refresh content. You can also save successful prompt variations by age group so teams can launch new themed pages faster.

To improve outcomes over time, keep notes on which free rainbow coloring pages prompts produce the clearest outlines. Reuse those winning prompt styles for future pages, and adjust only subject details so each new sheet stays unique without losing readability, print quality, or family-safe tone.",Create Similar Page,/create,Browse Free Categories,/free-coloring-pages,"Create a family-safe printable coloring page for Free Rainbow Coloring Pages. Theme focus: free rainbow coloring pages. Use bold black outlines, white background, and clear open areas for coloring.",/static/images/programmatic/rainbow-coloring-pages-hero.png,Generate free rainbow coloring pages with family-safe prompt handling.|Produce clean outlines that print clearly on standard paper.|Download PNG and PDF files instantly for classroom or home use.,Can I use this for free rainbow coloring pages?::Yes. The workflow is optimized for printable line art and repeatable prompt quality.||How do I keep pages family-safe?::Use age-appropriate prompts and keep sensitive topics out of the request. Unsafe input is filtered.,published,"free rainbow coloring pages,rainbow coloring pages,printable coloring pages",2026-02-13T10:04:24.641108+00:00,generated,generated,free rainbow coloring pages,free rainbow printable|free rainbow for kids|free coloring pages|pdf coloring page download,"Provide helpful, family-safe information about Free Rainbow Coloring Pages and direct users to create printable pages.",,4:5,,static/images/programmatic/rainbow-coloring-pages-hero.png,70e6e959d46abbbaa902ef924fa43b55df057dee4be149c89f93771655803f2a,readability-20260213,2026-02-13T10:04:24.641108+00:00,,
page,/free-coloring-pages/rainbow-friends-coloring-pages,rainbow-friends-coloring-pages,Free Rainbow Friends Coloring Pages,"Free Rainbow Friends Coloring Pages on ColorfulMe. Create free rainbow friends coloring pages with family-safe prompts, clean printable outlines, and.",Free Rainbow Friends Coloring Pages,"Free Rainbow Friends Coloring Pages helps you create free rainbow friends coloring pages in seconds using a guided, family-safe workflow. Use this page to get clear printable line art, practical prompt ideas, and export-ready files for school activities, home crafts, and quick print projects. Provide helpful, family-safe information about Free Rainbow Friends Coloring Pages and direct users to create printable","Free Rainbow Friends Coloring Pages helps parents, teachers, and creators produce dependable free rainbow friends coloring pages pages with less editing. Use one clear subject, one scene, and a family-safe tone so the generated outline stays simple and printable. When prompts are focused, the result is cleaner line art with open spaces that are easier for kids to color.

This page covers popular searches such as free rainbow printable, free rainbow for kids, free coloring pages and gives you a repeatable flow for high-quality results. Start with a short style instruction like clean line art, then keep details age-appropriate and easy to print. If a preview looks too busy, remove extra objects and regenerate with fewer scene elements.

After generation, download PNG for digital coloring or PDF for print packs. For classroom use, test one page first, then keep the same prompt pattern for the rest of the set. For /free-coloring-pages/rainbow-friends-coloring-pages, this approach keeps quality consistent while reducing rewrite time each time you refresh content. You can also save successful prompt variations by age group so teams can launch new themed pages faster.

To improve outcomes over time, keep notes on which free rainbow friends coloring pages prompts produce the clearest outlines. Reuse those winning prompt styles for future pages, and adjust only subject details so each new sheet stays unique without losing readability, print quality, or family-safe tone.",Create Similar Page,/create,Browse Free Categories,/free-coloring-pages,"Create a family-safe printable coloring page for Free Rainbow Friends Coloring Pages. Theme focus: free rainbow friends coloring pages. Use bold black outlines, white background, and clear open areas for coloring.",/static/images/programmatic/rainbow-friends-coloring-pages-hero.png,Generate free rainbow friends coloring pages with family-safe prompt handling.|Produce clean outlines that print clearly on standard paper.|Download PNG and PDF files instantly for classroom or home use.,Can I use this for free rainbow friends coloring pages?::Yes. The workflow is optimized for printable line art and repeatable prompt quality.||How do I keep pages family-safe?::Use age-appropriate prompts and keep sensitive topics out of the request. Unsafe input is filtered.,published,"free rainbow friends coloring pages,rainbow friends coloring pages,printable coloring pages",2026-02-13T10:04:24.648048+00:00,generated,generated,free rainbow friends coloring pages,free rainbow printable|free rainbow for kids|free coloring pages|pdf coloring page download,"Provide helpful, family-safe information about Free Rainbow Friends Coloring Pages and direct users to create printable pages.",,4:5,,static/images/programmatic/rainbow-friends-coloring-pages-hero.png,ee63d439a1ef061c6be1e8433876f04654c0d8ce23d1d13f48b3ee6541052595,readability-20260213,2026-02-13T10:04:24.648048+00:00,,
page,/free-coloring-pages/rainbow-high-coloring-pages,rainbow-high-coloring-pages,Free Rainbow High Coloring Pages,"Free Rainbow High Coloring Pages on ColorfulMe. Create free rainbow high coloring pages with family-safe prompts, clean printable outlines, and one-click PNG.",Free Rainbow High Coloring Pages,"Free Rainbow High Coloring Pages helps you create free rainbow high coloring pages in seconds using a guided, family-safe workflow. Use this page to get clear printable line art, practical prompt ideas, and export-ready files for school activities, home crafts, and quick print projects. Provide helpful, family-safe information about Free Rainbow High Coloring Pages and direct users to create printable","Free Rainbow High Coloring Pages helps parents, teachers, and creators produce dependable free rainbow high coloring pages pages with less editing. Use one clear subject, one scene, and a family-safe tone so the generated outline stays simple and printable. When prompts are focused, the result is cleaner line art with open spaces that are easier for kids to color.

This page covers popular searches such as free rainbow printable, free rainbow for kids, free coloring pages and gives you a repeatable flow for high-quality results. Start with a short style instruction like clean line art, then keep details age-appropriate and easy to print. If a preview looks too busy, remove extra objects and regenerate with fewer scene elements.

After generation, download PNG for digital coloring or PDF for print packs. For classroom use, test one page first, then keep the same prompt pattern for the rest of the set. For /free-coloring-pages/rainbow-high-coloring-pages, this approach keeps quality consistent while reducing rewrite time each time you refresh content. You can also save successful prompt variations by age group so teams can launch new themed pages faster.

To improve outcomes over time, keep notes on which free rainbow high coloring pages prompts produce the clearest outlines. Reuse those winning prompt styles for future pages, and adjust only subject details so each new sheet stays unique without losing readability, print quality, or family-safe tone.",Create Similar Page,/create,Browse Free Categories,/free-coloring-pages,"Create a family-safe printable coloring page for Free Rainbow High Coloring Pages. Theme focus: free rainbow high coloring pages. Use bold black outlines, white background, and clear open areas for coloring.",/static/images/programmatic/rainbow-high-coloring-pages-hero.png,Generate free rainbow high coloring pages with family-safe prompt handling.|Produce clean outlines that print clearly on standard paper.|Download PNG and PDF files instantly for classroom or home use.,Can I use this for free rainbow high coloring pages?::Yes. The workflow is optimized for printable line art and repeatable prompt quality.||How do I keep pages family-safe?::Use age-appropriate prompts and keep sensitive topics out of the request. Unsafe input is filtered.,published,"free rainbow high coloring pages,rainbow high coloring pages,printable coloring pages",2026-02-13T10:04:24.654765+00:00,generated,generated,free rainbow high coloring pages,free rainbow printable|free rainbow for kids|free coloring pages|pdf coloring page download,"Provide helpful, family-safe information about Free Rainbow High Coloring Pages and direct users to create printable pages.",,4:5,,static/images/programmatic/rainbow-high-coloring-pages-hero.png,4201c8692372e8de8c8d6a9f7cfcb517191f9ceef3c98ba0208ad5f4a787ee62,readability-20260213,2026-02-13T10:04:24.654765+00:00,,
page,/free-coloring-pages/sanrio-coloring-pages,sanrio-coloring-pages,Free Sanrio Coloring Pages,"Free Sanrio Coloring Pages on ColorfulMe. Create free sanrio coloring pages with family-safe prompts, clean printable outlines, and one-click PNG or PDF.",Free Sanrio Coloring Pages,"Free Sanrio Coloring Pages helps you create free sanrio coloring pages in seconds using a guided, family-safe workflow. Use this page to get clear printable line art, practical prompt ideas, and export-ready files for school activities, home crafts, and quick print projects. Provide helpful, family-safe information about Free Sanrio Coloring Pages and direct users to create printable pages.","Free Sanrio Coloring Pages helps parents, teachers, and creators produce dependable free sanrio coloring pages pages with less editing. Use one clear subject, one scene, and a family-safe tone so the generated outline stays simple and printable. When prompts are focused, the result is cleaner line art with open spaces that are easier for kids to color.

This page covers popular searches such as free sanrio printable, free sanrio for kids, free coloring pages and gives you a repeatable flow for high-quality results. Start with a short style instruction like clean line art, then keep details age-appropriate and easy to print. If a preview looks too busy, remove extra objects and regenerate with fewer scene elements.

After generation, download PNG for digital coloring or PDF for print packs. For classroom use, test one page first, then keep the same prompt pattern for the rest of the set. For /free-coloring-pages/sanrio-coloring-pages, this approach keeps quality consistent while reducing rewrite time each time you refresh content. You can also save successful prompt variations by age group so teams can launch new themed pages faster.

To improve outcomes over time, keep notes on which free sanrio coloring pages prompts produce the clearest outlines. Reuse those winning prompt styles for future pages, and adjust only subject details so each new sheet stays unique without losing readability, print quality, or family-safe tone.",Create Similar Page,/create,Browse Free Categories,/free-coloring-pages,"Create a family-safe printable coloring page for Free Sanrio Coloring Pages. Theme focus: free sanrio coloring pages. Use bold black outlines, white background, and clear open areas for coloring.",/static/images/programmatic/sanrio-coloring-pages-hero.png,Generate free sanrio coloring pages with family-safe prompt handling.|Produce clean outlines that print clearly on standard paper.|Download PNG and PDF files instantly for classroom or home use.,Can I use this for free sanrio coloring pages?::Yes. The workflow is optimized for printable line art and repeatable prompt quality.||How do I keep pages family-safe?::Use age-appropriate prompts and keep sensitive topics out of the request. Unsafe input is filtered.,published,"free sanrio coloring pages,sanrio coloring pages,printable coloring pages",2026-02-13T10:04:24.659804+00:00,generated,generated,free sanrio coloring pages,free sanrio printable|free sanrio for kids|free coloring pages|pdf coloring page download,"Provide helpful, family-safe information about Free Sanrio Coloring Pages and direct users to create printable pages.",,4:5,,static/images/programmatic/sanrio-coloring-pages-hero.png,87c811eeb377f1b445e9ac9e29a1171343e8035e7fbc5cfb09cf75da5090f60a,readability-20260213,2026-02-13T10:04:24.659804+00:00,,
page,/free-coloring-pages/shark-coloring-pages,shark-coloring-pages,Free Shark Coloring Pages,"Free Shark Coloring Pages on ColorfulMe. Create free shark coloring pages with family-safe prompts, clean printable outlines, and one-click PNG or PDF.",Free Shark Coloring Pages,"Free Shark Coloring Pages helps you create free shark coloring pages in seconds using a guided, family-safe workflow. Use this page to get clear printable line art, practical prompt ideas, and export-ready files for school activities, home crafts, and quick print projects. Provide helpful, family-safe information about Free Shark Coloring Pages and direct users to create printable pages.","Free Shark Coloring Pages helps parents, teachers, and creators produce dependable free shark coloring pages pages with less editing. Use one clear subject, one scene, and a family-safe tone so the generated outline stays simple and printable. When prompts are focused, the result is cleaner line art with open spaces that are easier for kids to color.

This page covers popular searches such as free shark printable, free shark for kids, free coloring pages and gives you a repeatable flow for high-quality results. Start with a short style instruction like clean line art, then keep details age-appropriate and easy to print. If a preview looks too busy, remove extra objects and regenerate with fewer scene elements.

After generation, download PNG for digital coloring or PDF for print packs. For classroom use, test one page first, then keep the same prompt pattern for the rest of the set. For /free-coloring-pages/shark-coloring-pages, this approach keeps quality consistent while reducing rewrite time each time you refresh content. You can also save successful prompt variations by age group so teams can launch new themed pages faster.

To improve outcomes over time, keep notes on which free shark coloring pages prompts produce the clearest outlines. Reuse those winning prompt styles for future pages, and adjust only subject details so each new sheet stays unique without losing readability, print quality, or family-safe tone.",Create Similar Page,/create,Browse Free Categories,/free-coloring-pages,"Create a family-safe printable coloring page for Free Shark Coloring Pages. Theme focus: free shark coloring pages. Use bold black outlines, white background, and clear open areas for coloring.",/static/images/programmatic/shark-coloring-pages-hero.png,Generate free shark coloring pages with family-safe prompt handling.|Produce clean outlines that print clearly on standard paper.|Download PNG and PDF files instantly for classroom or home use.,Can I use this for free shark coloring pages?::Yes. The workflow is optimized for printable line art and repeatable prompt quality.||How do I keep pages family-safe?::Use age-appropriate prompts and keep sensitive topics out of the request. Unsafe input is filtered.,published,"free shark coloring pages,shark coloring pages,printable coloring pages",2026-02-13T10:04:24.667437+00:00,generated,generated,free shark coloring pages,free shark printable|free shark for kids|free coloring pages|pdf coloring page download,"Provide helpful, family-safe information about Free Shark Coloring Pages and direct users to create printable pages.",,4:5,,static/images/programmatic/shark-coloring-pages-hero.png,3b5237951a72620bdfc647d0b6b529207290131d3adedb8f48650f9379661005,readability-20260213,2026-02-13T10:04:24.667437+00:00,,
page,/free-coloring-pages/shopkins-coloring-pages,shopkins-coloring-pages,Free Shopkins Coloring Pages,"Free Shopkins Coloring Pages on ColorfulMe. Create free shopkins coloring pages with family-safe prompts, clean printable outlines, and one-click PNG or PDF.",Free Shopkins Coloring Pages,"Free Shopkins Coloring Pages helps you create free shopkins coloring pages in seconds using a guided, family-safe workflow. Use this page to get clear printable line art, practical prompt ideas, and export-ready files for school activities, home crafts, and quick print projects. Provide helpful, family-safe information about Free Shopkins Coloring Pages and direct users to create printable pages.","Free Shopkins Coloring Pages helps parents, teachers, and creators produce dependable free shopkins coloring pages pages with less editing. Use one clear subject, one scene, and a family-safe tone so the generated outline stays simple and printable. When prompts are focused, the result is cleaner line art with open spaces that are easier for kids to color.

This page covers popular searches such as free shopkins printable, free shopkins for kids, free coloring pages and gives you a repeatable flow for high-quality results. Start with a short style instruction like clean line art, then keep details age-appropriate and easy to print. If a preview looks too busy, remove extra objects and regenerate with fewer scene elements.

After generation, download PNG for digital coloring or PDF for print packs. For classroom use, test one page first, then keep the same prompt pattern for the rest of the set. For /free-coloring-pages/shopkins-coloring-pages, this approach keeps quality consistent while reducing rewrite time each time you refresh content. You can also save successful prompt variations by age group so teams can launch new themed pages faster.

To improve outcomes over time, keep notes on which free shopkins coloring pages prompts produce the clearest outlines. Reuse those winning prompt styles for future pages, and adjust only subject details so each new sheet stays unique without losing readability, print quality, or family-safe tone.",Create Similar Page,/create,Browse Free Categories,/free-coloring-pages,"Create a family-safe printable coloring page for Free Shopkins Coloring Pages. Theme focus: free shopkins coloring pages. Use bold black outlines, white background, and clear open areas for coloring.",/static/images/programmatic/shopkins-coloring-pages-hero.png,Generate free shopkins coloring pages with family-safe prompt handling.|Produce clean outlines that print clearly on standard paper.|Download PNG and PDF files instantly for classroom or home use.,Can I use this for free shopkins coloring pages?::Yes. The workflow is optimized for printable line art and repeatable prompt quality.||How do I keep pages family-safe?::Use age-appropriate prompts and keep sensitive topics out of the request. Unsafe input is filtered.,published,"free shopkins coloring pages,shopkins coloring pages,printable coloring pages",2026-02-13T10:04:24.672953+00:00,generated,generated,free shopkins coloring pages,free shopkins printable|free shopkins for kids|free coloring pages|pdf coloring page download,"Provide helpful, family-safe information about Free Shopkins Coloring Pages and direct users to create printable pages.",,4:5,,static/images/programmatic/shopkins-coloring-pages-hero.png,868dec437025b1ff6726312b2a74ee64a458ffd68504bc8fa1dcb38fbc3dbd11,readability-20260213,2026-02-13T10:04:24.672953+00:00,,
page,/free-coloring-pages/sonic-coloring-pages,sonic-coloring-pages,Free Sonic Coloring Pages,"Free Sonic Coloring Pages on ColorfulMe. Create free sonic coloring pages with family-safe prompts, clean printable outlines, and one-click PNG or PDF.",Free Sonic Coloring Pages,"Free Sonic Coloring Pages helps you create free sonic coloring pages in seconds using a guided, family-safe workflow. Use this page to get clear printable line art, practical prompt ideas, and export-ready files for school activities, home crafts, and quick print projects. Provide helpful, family-safe information about Free Sonic Coloring Pages and direct users to create printable pages.","Free Sonic Coloring Pages helps parents, teachers, and creators produce dependable free sonic coloring pages pages with less editing. Use one clear subject, one scene, and a family-safe tone so the generated outline stays simple and printable. When prompts are focused, the result is cleaner line art with open spaces that are easier for kids to color.

This page covers popular searches such as free sonic printable, free sonic for kids, free coloring pages and gives you a repeatable flow for high-quality results. Start with a short style instruction like clean line art, then keep details age-appropriate and easy to print. If a preview looks too busy, remove extra objects and regenerate with fewer scene elements.

After generation, download PNG for digital coloring or PDF for print packs. For classroom use, test one page first, then keep the same prompt pattern for the rest of the set. For /free-coloring-pages/sonic-coloring-pages, this approach keeps quality consistent while reducing rewrite time each time you refresh content. You can also save successful prompt variations by age group so teams can launch new themed pages faster.

To improve outcomes over time, keep notes on which free sonic coloring pages prompts produce the clearest outlines. Reuse those winning prompt styles for future pages, and adjust only subject details so each new sheet stays unique without losing readability, print quality, or family-safe tone.",Create Similar Page,/create,Browse Free Categories,/free-coloring-pages,"Create a family-safe printable coloring page for Free Sonic Coloring Pages. Theme focus: free sonic coloring pages. Use bold black outlines, white background, and clear open areas for coloring.",/static/images/programmatic/sonic-coloring-pages-hero.png,Generate free sonic coloring pages with family-safe prompt handling.|Produce clean outlines that print clearly on standard paper.|Download PNG and PDF files instantly for classroom or home use.,Can I use this for free sonic coloring pages?::Yes. The workflow is optimized for printable line art and repeatable prompt quality.||How do I keep pages family-safe?::Use age-appropriate prompts and keep sensitive topics out of the request. Unsafe input is filtered.,published,"free sonic coloring pages,sonic coloring pages,printable coloring pages",2026-02-13T10:04:24.676941+00:00,generated,generated,free sonic coloring pages,free sonic printable|free sonic for kids|free coloring pages|pdf coloring page download,"Provide helpful, family-safe information about Free Sonic Coloring Pages and direct users to create printable pages.",,4:5,,static/images/programmatic/sonic-coloring-pages-hero.png,c6ff59987f109986a90a45697a4352c3949d368ced3ad1006ed8de477053222b,readability-20260213,2026-02-13T10:04:24.676941+00:00,,
page,/free-coloring-pages/spider-coloring-pages,spider-coloring-pages,Free Spider Coloring Pages,"Free Spider Coloring Pages on ColorfulMe. Create free spider coloring pages with family-safe prompts, clean printable outlines, and one-click PNG or PDF.",Free Spider Coloring Pages,"Free Spider Coloring Pages helps you create free spider coloring pages in seconds using a guided, family-safe workflow. Use this page to get clear printable line art, practical prompt ideas, and export-ready files for school activities, home crafts, and quick print projects. Provide helpful, family-safe information about Free Spider Coloring Pages and direct users to create printable pages.","Free Spider Coloring Pages helps parents, teachers, and creators produce dependable free spider coloring pages pages with less editing. Use one clear subject, one scene, and a family-safe tone so the generated outline stays simple and printable. When prompts are focused, the result is cleaner line art with open spaces that are easier for kids to color.

This page covers popular searches such as free spider printable, free spider for kids, free coloring pages and gives you a repeatable flow for high-quality results. Start with a short style instruction like clean line art, then keep details age-appropriate and easy to print. If a preview looks too busy, remove extra objects and regenerate with fewer scene elements.

After generation, download PNG for digital coloring or PDF for print packs. For classroom use, test one page first, then keep the same prompt pattern for the rest of the set. For /free-coloring-pages/spider-coloring-pages, this approach keeps quality consistent while reducing rewrite time each time you refresh content. You can also save successful prompt variations by age group so teams can launch new themed pages faster.

To improve outcomes over time, keep notes on which free spider coloring pages prompts produce the clearest outlines. Reuse those winning prompt styles for future pages, and adjust only subject details so each new sheet stays unique without losing readability, print quality, or family-safe tone.",Create Similar Page,/create,Browse Free Categories,/free-coloring-pages,"Create a family-safe printable coloring page for Free Spider Coloring Pages. Theme focus: free spider coloring pages. Use bold black outlines, white background, and clear open areas for coloring.",/static/images/programmatic/spider-coloring-pages-hero.png,Generate free spider coloring pages with family-safe prompt handling.|Produce clean outlines that print clearly on standard paper.|Download PNG and PDF files instantly for classroom or home use.,Can I use this for free spider coloring pages?::Yes. The workflow is optimized for printable line art and repeatable prompt quality.||How do I keep pages family-safe?::Use age-appropriate prompts and keep sensitive topics out of the request. Unsafe input is filtered.,published,"free spider coloring pages,spider coloring pages,printable coloring pages",2026-02-13T10:04:24.682984+00:00,generated,generated,free spider coloring pages,free spider printable|free spider for kids|free coloring pages|pdf coloring page download,"Provide helpful, family-safe information about Free Spider Coloring Pages and direct users to create printable pages.",,4:5,,static/images/programmatic/spider-coloring-pages-hero.png,fbea0a6a279ffd4ba1996551792ad0cbeb3f479b2baf6924549ca0eb5125274e,readability-20260213,2026-02-13T10:04:24.682984+00:00,,
page,/free-coloring-pages/spiderman-coloring-pages,spiderman-coloring-pages,Free Spiderman Coloring Pages,"Free Spiderman Coloring Pages on ColorfulMe. Create free spiderman coloring pages with family-safe prompts, clean printable outlines, and one-click PNG or PDF.",Free Spiderman Coloring Pages,"Free Spiderman Coloring Pages helps you create free spiderman coloring pages in seconds using a guided, family-safe workflow. Use this page to get clear printable line art, practical prompt ideas, and export-ready files for school activities, home crafts, and quick print projects. Provide helpful, family-safe information about Free Spiderman Coloring Pages and direct users to create printable pages.","Free Spiderman Coloring Pages helps parents, teachers, and creators produce dependable free spiderman coloring pages pages with less editing. Use one clear subject, one scene, and a family-safe tone so the generated outline stays simple and printable. When prompts are focused, the result is cleaner line art with open spaces that are easier for kids to color.

This page covers popular searches such as free spiderman printable, free spiderman for kids, free coloring pages and gives you a repeatable flow for high-quality results. Start with a short style instruction like clean line art, then keep details age-appropriate and easy to print. If a preview looks too busy, remove extra objects and regenerate with fewer scene elements.

After generation, download PNG for digital coloring or PDF for print packs. For classroom use, test one page first, then keep the same prompt pattern for the rest of the set. For /free-coloring-pages/spiderman-coloring-pages, this approach keeps quality consistent while reducing rewrite time each time you refresh content. You can also save successful prompt variations by age group so teams can launch new themed pages faster.

To improve outcomes over time, keep notes on which free spiderman coloring pages prompts produce the clearest outlines. Reuse those winning prompt styles for future pages, and adjust only subject details so each new sheet stays unique without losing readability, print quality, or family-safe tone.",Create Similar Page,/create,Browse Free Categories,/free-coloring-pages,"Create a family-safe printable coloring page for Free Spiderman Coloring Pages. Theme focus: free spiderman coloring pages. Use bold black outlines, white background, and clear open areas for coloring.",/static/images/programmatic/spiderman-coloring-pages-hero.png,Generate free spiderman coloring pages with family-safe prompt handling.|Produce clean outlines that print clearly on standard paper.|Download PNG and PDF files instantly for classroom or home use.,Can I use this for free spiderman coloring pages?::Yes. The workflow is optimized for printable line art and repeatable prompt quality.||How do I keep pages family-safe?::Use age-appropriate prompts and keep sensitive topics out of the request. Unsafe input is filtered.,published,"free spiderman coloring pages,spiderman coloring pages,printable coloring pages",2026-02-13T10:04:24.725627+00:00,generated,generated,free spiderman coloring pages,free spiderman printable|free spiderman for kids|free coloring pages|pdf coloring page download,"Provide helpful, family-safe information about Free Spiderman Coloring Pages and direct users to create printable pages.",,4:5,,static/images/programmatic/spiderman-coloring-pages-hero.png,71d1257826e6af4d8a222aedeb92f3b39bdd25c4ca62d772219f8f7e9996ba02,readability-20260213,2026-02-13T10:04:24.725627+00:00,,
page,/free-coloring-pages/spring-coloring-pages,spring-coloring-pages,Free Spring Coloring Pages,"Free Spring Coloring Pages on ColorfulMe. Create free spring coloring pages with family-safe prompts, clean printable outlines, and one-click PNG or PDF.",Free Spring Coloring Pages,"Free Spring Coloring Pages helps you create free spring coloring pages in seconds using a guided, family-safe workflow. Use this page to get clear printable line art, practical prompt ideas, and export-ready files for school activities, home crafts, and quick print projects. Provide helpful, family-safe information about Free Spring Coloring Pages and direct users to create printable pages.","Free Spring Coloring Pages helps parents, teachers, and creators produce dependable free spring coloring pages pages with less editing. Use one clear subject, one scene, and a family-safe tone so the generated outline stays simple and printable. When prompts are focused, the result is cleaner line art with open spaces that are easier for kids to color.

This page covers popular searches such as free spring printable, free spring for kids, free coloring pages and gives you a repeatable flow for high-quality results. Start with a short style instruction like clean line art, then keep details age-appropriate and easy to print. If a preview looks too busy, remove extra objects and regenerate with fewer scene elements.

After generation, download PNG for digital coloring or PDF for print packs. For classroom use, test one page first, then keep the same prompt pattern for the rest of the set. For /free-coloring-pages/spring-coloring-pages, this approach keeps quality consistent while reducing rewrite time each time you refresh content. You can also save successful prompt variations by age group so teams can launch new themed pages faster.

To improve outcomes over time, keep notes on which free spring coloring pages prompts produce the clearest outlines. Reuse those winning prompt styles for future pages, and adjust only subject details so each new sheet stays unique without losing readability, print quality, or family-safe tone.",Create Similar Page,/create,Browse Free Categories,/free-coloring-pages,"Create a family-safe printable coloring page for Free Spring Coloring Pages. Theme focus: free spring coloring pages. Use bold black outlines, white background, and clear open areas for coloring.",/static/images/programmatic/spring-coloring-pages-hero.png,Generate free spring coloring pages with family-safe prompt handling.|Produce clean outlines that print clearly on standard paper.|Download PNG and PDF files instantly for classroom or home use.,Can I use this for free spring coloring pages?::Yes. The workflow is optimized for printable line art and repeatable prompt quality.||How do I keep pages family-safe?::Use age-appropriate prompts and keep sensitive topics out of the request. Unsafe input is filtered.,published,"free spring coloring pages,spring coloring pages,printable coloring pages",2026-02-13T10:04:24.742054+00:00,generated,generated,free spring coloring pages,free spring printable|free spring for kids|free coloring pages|pdf coloring page download,"Provide helpful, family-safe information about Free Spring Coloring Pages and direct users to create printable pages.",,4:5,,static/images/programmatic/spring-coloring-pages-hero.png,b7b01d1cbf7b4d721ac770aecd3313506950fdf93318a45c03d0eb9ca33abbfd,readability-20260213,2026-02-13T10:04:24.742054+00:00,,
page,/free-coloring-pages/squishmallow-coloring-pages,squishmallow-coloring-pages,Free Squishmallow Coloring Pages,"Free Squishmallow Coloring Pages on ColorfulMe. Create free squishmallow coloring pages with family-safe prompts, clean printable outlines, and one-click PNG.",Free Squishmallow Coloring Pages,"Free Squishmallow Coloring Pages helps you create free squishmallow coloring pages in seconds using a guided, family-safe workflow. Use this page to get clear printable line art, practical prompt ideas, and export-ready files for school activities, home crafts, and quick print projects. Provide helpful, family-safe information about Free Squishmallow Coloring Pages and direct users to create printable pages.","Free Squishmallow Coloring Pages helps parents, teachers, and creators produce dependable free squishmallow coloring pages pages with less editing. Use one clear subject, one scene, and a family-safe tone so the generated outline stays simple and printable. When prompts are focused, the result is cleaner line art with open spaces that are easier for kids to color.

This page covers popular searches such as free squishmallow printable, free squishmallow for kids, free coloring pages and gives you a repeatable flow for high-quality results. Start with a short style instruction like clean line art, then keep details age-appropriate and easy to print. If a preview looks too busy, remove extra objects and regenerate with fewer scene elements.

After generation, download PNG for digital coloring or PDF for print packs. For classroom use, test one page first, then keep the same prompt pattern for the rest of the set. For /free-coloring-pages/squishmallow-coloring-pages, this approach keeps quality consistent while reducing rewrite time each time you refresh content. You can also save successful prompt variations by age group so teams can launch new themed pages faster.

To improve outcomes over time, keep notes on which free squishmallow coloring pages prompts produce the clearest outlines. Reuse those winning prompt styles for future pages, and adjust only subject details so each new sheet stays unique without losing readability, print quality, or family-safe tone.",Create Similar Page,/create,Browse Free Categories,/free-coloring-pages,"Create a family-safe printable coloring page for Free Squishmallow Coloring Pages. Theme focus: free squishmallow coloring pages. Use bold black outlines, white background, and clear open areas for coloring.",/static/images/programmatic/squishmallow-coloring-pages-hero.png,Generate free squishmallow coloring pages with family-safe prompt handling.|Produce clean outlines that print clearly on standard paper.|Download PNG and PDF files instantly for classroom or home use.,Can I use this for free squishmallow coloring pages?::Yes. The workflow is optimized for printable line art and repeatable prompt quality.||How do I keep pages family-safe?::Use age-appropriate prompts and keep sensitive topics out of the request. Unsafe input is filtered.,published,"free squishmallow coloring pages,squishmallow coloring pages,printable coloring pages",2026-02-13T10:04:24.746714+00:00,generated,generated,free squishmallow coloring pages,free squishmallow printable|free squishmallow for kids|free coloring pages|pdf coloring page download,"Provide helpful, family-safe information about Free Squishmallow Coloring Pages and direct users to create printable pages.",,4:5,,static/images/programmatic/squishmallow-coloring-pages-hero.png,0bad1c9aae59d705f05f6ad650f12e84b1ed8c65255f827796a6ef4bd5849cc4,readability-20260213,2026-02-13T10:04:24.746714+00:00,,
page,/free-coloring-pages/star-coloring-pages,star-coloring-pages,Free Star Coloring Pages,"Free Star Coloring Pages on ColorfulMe. Create free star coloring pages with family-safe prompts, clean printable outlines, and one-click PNG or PDF downloads.",Free Star Coloring Pages,"Free Star Coloring Pages helps you create free star coloring pages in seconds using a guided, family-safe workflow. Use this page to get clear printable line art, practical prompt ideas, and export-ready files for school activities, home crafts, and quick print projects. Provide helpful, family-safe information about Free Star Coloring Pages and direct users to create printable pages.","Free Star Coloring Pages helps parents, teachers, and creators produce dependable free star coloring pages pages with less editing. Use one clear subject, one scene, and a family-safe tone so the generated outline stays simple and printable. When prompts are focused, the result is cleaner line art with open spaces that are easier for kids to color.

This page covers popular searches such as free star printable, free star for kids, free coloring pages and gives you a repeatable flow for high-quality results. Start with a short style instruction like clean line art, then keep details age-appropriate and easy to print. If a preview looks too busy, remove extra objects and regenerate with fewer scene elements.

After generation, download PNG for digital coloring or PDF for print packs. For classroom use, test one page first, then keep the same prompt pattern for the rest of the set. For /free-coloring-pages/star-coloring-pages, this approach keeps quality consistent while reducing rewrite time each time you refresh content. You can also save successful prompt variations by age group so teams can launch new themed pages faster.

To improve outcomes over time, keep notes on which free star coloring pages prompts produce the clearest outlines. Reuse those winning prompt styles for future pages, and adjust only subject details so each new sheet stays unique without losing readability, print quality, or family-safe tone.",Create Similar Page,/create,Browse Free Categories,/free-coloring-pages,"Create a family-safe printable coloring page for Free Star Coloring Pages. Theme focus: free star coloring pages. Use bold black outlines, white background, and clear open areas for coloring.",/static/images/programmatic/star-coloring-pages-hero.png,Generate free star coloring pages with family-safe prompt handling.|Produce clean outlines that print clearly on standard paper.|Download PNG and PDF files instantly for classroom or home use.,Can I use this for free star coloring pages?::Yes. The workflow is optimized for printable line art and repeatable prompt quality.||How do I keep pages family-safe?::Use age-appropriate prompts and keep sensitive topics out of the request. Unsafe input is filtered.,published,"free star coloring pages,star coloring pages,printable coloring pages",2026-02-13T10:04:24.752742+00:00,generated,generated,free star coloring pages,free star printable|free star for kids|free coloring pages|pdf coloring page download,"Provide helpful, family-safe information about Free Star Coloring Pages and direct users to create printable pages.",,4:5,,static/images/programmatic/star-coloring-pages-hero.png,63c14f4a1b454736cdf3a10c13db563fc59176a9903d38c86cc33ecbbcb954a2,readability-20260213,2026-02-13T10:04:24.752742+00:00,,
page,/free-coloring-pages/stitch-coloring-pages,stitch-coloring-pages,Free Stitch Coloring Pages,"Free Stitch Coloring Pages on ColorfulMe. Create free stitch coloring pages with family-safe prompts, clean printable outlines, and one-click PNG or PDF.",Free Stitch Coloring Pages,"Free Stitch Coloring Pages helps you create free stitch coloring pages in seconds using a guided, family-safe workflow. Use this page to get clear printable line art, practical prompt ideas, and export-ready files for school activities, home crafts, and quick print projects. Provide helpful, family-safe information about Free Stitch Coloring Pages and direct users to create printable pages.","Free Stitch Coloring Pages helps parents, teachers, and creators produce dependable free stitch coloring pages pages with less editing. Use one clear subject, one scene, and a family-safe tone so the generated outline stays simple and printable. When prompts are focused, the result is cleaner line art with open spaces that are easier for kids to color.

This page covers popular searches such as free stitch printable, free stitch for kids, free coloring pages and gives you a repeatable flow for high-quality results. Start with a short style instruction like clean line art, then keep details age-appropriate and easy to print. If a preview looks too busy, remove extra objects and regenerate with fewer scene elements.

After generation, download PNG for digital coloring or PDF for print packs. For classroom use, test one page first, then keep the same prompt pattern for the rest of the set. For /free-coloring-pages/stitch-coloring-pages, this approach keeps quality consistent while reducing rewrite time each time you refresh content. You can also save successful prompt variations by age group so teams can launch new themed pages faster.

To improve outcomes over time, keep notes on which free stitch coloring pages prompts produce the clearest outlines. Reuse those winning prompt styles for future pages, and adjust only subject details so each new sheet stays unique without losing readability, print quality, or family-safe tone.",Create Similar Page,/create,Browse Free Categories,/free-coloring-pages,"Create a family-safe printable coloring page for Free Stitch Coloring Pages. Theme focus: free stitch coloring pages. Use bold black outlines, white background, and clear open areas for coloring.",/static/images/programmatic/stitch-coloring-pages-hero.png,Generate free stitch coloring pages with family-safe prompt handling.|Produce clean outlines that print clearly on standard paper.|Download PNG and PDF files instantly for classroom or home use.,Can I use this for free stitch coloring pages?::Yes. The workflow is optimized for printable line art and repeatable prompt quality.||How do I keep pages family-safe?::Use age-appropriate prompts and keep sensitive topics out of the request. Unsafe input is filtered.,published,"free stitch coloring pages,stitch coloring pages,printable coloring pages",2026-02-13T10:04:24.812189+00:00,generated,generated,free stitch coloring pages,free stitch printable|free stitch for kids|free coloring pages|pdf coloring page download,"Provide helpful, family-safe information about Free Stitch Coloring Pages and direct users to create printable pages.",,4:5,,static/images/programmatic/stitch-coloring-pages-hero.png,2d73fd29ea9d6239fccbe70d00caa0c6d4cc4fa4d45b83104838234fdddd527a,readability-20260213,2026-02-13T10:04:24.812189+00:00,,
page,/free-coloring-pages/strawberry-shortcake-coloring-pages,strawberry-shortcake-coloring-pages,Free Strawberry Shortcake Coloring Pages,"Free Strawberry Shortcake Coloring Pages on ColorfulMe. Create free strawberry shortcake coloring pages with family-safe prompts, clean printable outlines.",Free Strawberry Shortcake Coloring Pages,"Free Strawberry Shortcake Coloring Pages helps you create free strawberry shortcake coloring pages in seconds using a guided, family-safe workflow. Use this page to get clear printable line art, practical prompt ideas, and export-ready files for school activities, home crafts, and quick print projects. Provide helpful, family-safe information about Free Strawberry Shortcake Coloring Pages and direct users to create printable","Free Strawberry Shortcake Coloring Pages helps parents, teachers, and creators produce dependable free strawberry shortcake coloring pages pages with less editing. Use one clear subject, one scene, and a family-safe tone so the generated outline stays simple and printable. When prompts are focused, the result is cleaner line art with open spaces that are easier for kids to color.

This page covers popular searches such as free strawberry printable, free strawberry for kids, free coloring pages and gives you a repeatable flow for high-quality results. Start with a short style instruction like clean line art, then keep details age-appropriate and easy to print. If a preview looks too busy, remove extra objects and regenerate with fewer scene elements.

After generation, download PNG for digital coloring or PDF for print packs. For classroom use, test one page first, then keep the same prompt pattern for the rest of the set. For /free-coloring-pages/strawberry-shortcake-coloring-pages, this approach keeps quality consistent while reducing rewrite time each time you refresh content. You can also save successful prompt variations by age group so teams can launch new themed pages faster.

To improve outcomes over time, keep notes on which free strawberry shortcake coloring pages prompts produce the clearest outlines. Reuse those winning prompt styles for future pages, and adjust only subject details so each new sheet stays unique without losing readability, print quality, or family-safe tone.",Create Similar Page,/create,Browse Free Categories,/free-coloring-pages,"Create a family-safe printable coloring page for Free Strawberry Shortcake Coloring Pages. Theme focus: free strawberry shortcake coloring pages. Use bold black outlines, white background, and clear open areas for coloring.",/static/images/programmatic/strawberry-shortcake-coloring-pages-hero.png,Generate free strawberry shortcake coloring pages with family-safe prompt handling.|Produce clean outlines that print clearly on standard paper.|Download PNG and PDF files instantly for classroom or home use.,Can I use this for free strawberry shortcake coloring pages?::Yes. The workflow is optimized for printable line art and repeatable prompt quality.||How do I keep pages family-safe?::Use age-appropriate prompts and keep sensitive topics out of the request. Unsafe input is filtered.,published,"free strawberry shortcake coloring pages,strawberry shortcake coloring pages,printable coloring pages",2026-02-13T10:04:24.842691+00:00,generated,generated,free strawberry shortcake coloring pages,free strawberry printable|free strawberry for kids|free coloring pages|pdf coloring page download,"Provide helpful, family-safe information about Free Strawberry Shortcake Coloring Pages and direct users to create printable pages.",,4:5,,static/images/programmatic/strawberry-shortcake-coloring-pages-hero.png,38b9b4b7b80280796a4824c8f5a1928b14ef81e79c774bfb7887847ae4943491,readability-20260213,2026-02-13T10:04:24.842691+00:00,,
page,/free-coloring-pages/summer-coloring-pages,summer-coloring-pages,Free Summer Coloring Pages,"Free Summer Coloring Pages on ColorfulMe. Create free summer coloring pages with family-safe prompts, clean printable outlines, and one-click PNG or PDF.",Free Summer Coloring Pages,"Free Summer Coloring Pages helps you create free summer coloring pages in seconds using a guided, family-safe workflow. Use this page to get clear printable line art, practical prompt ideas, and export-ready files for school activities, home crafts, and quick print projects. Provide helpful, family-safe information about Free Summer Coloring Pages and direct users to create printable pages.","Free Summer Coloring Pages helps parents, teachers, and creators produce dependable free summer coloring pages pages with less editing. Use one clear subject, one scene, and a family-safe tone so the generated outline stays simple and printable. When prompts are focused, the result is cleaner line art with open spaces that are easier for kids to color.

This page covers popular searches such as free summer printable, free summer for kids, free coloring pages and gives you a repeatable flow for high-quality results. Start with a short style instruction like clean line art, then keep details age-appropriate and easy to print. If a preview looks too busy, remove extra objects and regenerate with fewer scene elements.

After generation, download PNG for digital coloring or PDF for print packs. For classroom use, test one page first, then keep the same prompt pattern for the rest of the set. For /free-coloring-pages/summer-coloring-pages, this approach keeps quality consistent while reducing rewrite time each time you refresh content. You can also save successful prompt variations by age group so teams can launch new themed pages faster.

To improve outcomes over time, keep notes on which free summer coloring pages prompts produce the clearest outlines. Reuse those winning prompt styles for future pages, and adjust only subject details so each new sheet stays unique without losing readability, print quality, or family-safe tone.",Create Similar Page,/create,Browse Free Categories,/free-coloring-pages,"Create a family-safe printable coloring page for Free Summer Coloring Pages. Theme focus: free summer coloring pages. Use bold black outlines, white background, and clear open areas for coloring.",/static/images/programmatic/summer-coloring-pages-hero.png,Generate free summer coloring pages with family-safe prompt handling.|Produce clean outlines that print clearly on standard paper.|Download PNG and PDF files instantly for classroom or home use.,Can I use this for free summer coloring pages?::Yes. The workflow is optimized for printable line art and repeatable prompt quality.||How do I keep pages family-safe?::Use age-appropriate prompts and keep sensitive topics out of the request. Unsafe input is filtered.,published,"free summer coloring pages,summer coloring pages,printable coloring pages",2026-02-13T10:04:24.848008+00:00,generated,generated,free summer coloring pages,free summer printable|free summer for kids|free coloring pages|pdf coloring page download,"Provide helpful, family-safe information about Free Summer Coloring Pages and direct users to create printable pages.",,4:5,,static/images/programmatic/summer-coloring-pages-hero.png,e3ae1baeb2f877d02906038da50be62313cc9fe5008060d6ad9f6f1a6dbcafe8,readability-20260213,2026-02-13T10:04:24.848008+00:00,,
page,/free-coloring-pages/super-hero-pets-coloring-pages,super-hero-pets-coloring-pages,Free Super Hero Pets Coloring Pages,"Free Super Hero Pets Coloring Pages on ColorfulMe. Create free super hero pets coloring pages with family-safe prompts, clean printable outlines, and.",Free Super Hero Pets Coloring Pages,"Free Super Hero Pets Coloring Pages helps you create free super hero pets coloring pages in seconds using a guided, family-safe workflow. Use this page to get clear printable line art, practical prompt ideas, and export-ready files for school activities, home crafts, and quick print projects. Provide helpful, family-safe information about Free Super Hero Pets Coloring Pages and direct users","Free Super Hero Pets Coloring Pages helps parents, teachers, and creators produce dependable free super hero pets coloring pages pages with less editing. Use one clear subject, one scene, and a family-safe tone so the generated outline stays simple and printable. When prompts are focused, the result is cleaner line art with open spaces that are easier for kids to color.

This page covers popular searches such as free super printable, free super for kids, free coloring pages and gives you a repeatable flow for high-quality results. Start with a short style instruction like clean line art, then keep details age-appropriate and easy to print. If a preview looks too busy, remove extra objects and regenerate with fewer scene elements.

After generation, download PNG for digital coloring or PDF for print packs. For classroom use, test one page first, then keep the same prompt pattern for the rest of the set. For /free-coloring-pages/super-hero-pets-coloring-pages, this approach keeps quality consistent while reducing rewrite time each time you refresh content. You can also save successful prompt variations by age group so teams can launch new themed pages faster.

To improve outcomes over time, keep notes on which free super hero pets coloring pages prompts produce the clearest outlines. Reuse those winning prompt styles for future pages, and adjust only subject details so each new sheet stays unique without losing readability, print quality, or family-safe tone.",Create Similar Page,/create,Browse Free Categories,/free-coloring-pages,"Create a family-safe printable coloring page for Free Super Hero Pets Coloring Pages. Theme focus: free super hero pets coloring pages. Use bold black outlines, white background, and clear open areas for coloring.",/static/images/programmatic/super-hero-pets-coloring-pages-hero.png,Generate free super hero pets coloring pages with family-safe prompt handling.|Produce clean outlines that print clearly on standard paper.|Download PNG and PDF files instantly for classroom or home use.,Can I use this for free super hero pets coloring pages?::Yes. The workflow is optimized for printable line art and repeatable prompt quality.||How do I keep pages family-safe?::Use age-appropriate prompts and keep sensitive topics out of the request. Unsafe input is filtered.,published,"free super hero pets coloring pages,super hero pets coloring pages,printable coloring pages",2026-02-13T10:04:24.856657+00:00,generated,generated,free super hero pets coloring pages,free super printable|free super for kids|free coloring pages|pdf coloring page download,"Provide helpful, family-safe information about Free Super Hero Pets Coloring Pages and direct users to create printable pages.",,4:5,,static/images/programmatic/super-hero-pets-coloring-pages-hero.png,aa409ec63d2655ba981b6304d06e9d3911d0137647357f4ec26ab8702834e998,readability-20260213,2026-02-13T10:04:24.856657+00:00,,
page,/free-coloring-pages/super-sonic-coloring-pages,super-sonic-coloring-pages,Free Super Sonic Coloring Pages,"Free Super Sonic Coloring Pages on ColorfulMe. Create free super sonic coloring pages with family-safe prompts, clean printable outlines, and one-click PNG or.",Free Super Sonic Coloring Pages,"Free Super Sonic Coloring Pages helps you create free super sonic coloring pages in seconds using a guided, family-safe workflow. Use this page to get clear printable line art, practical prompt ideas, and export-ready files for school activities, home crafts, and quick print projects. Provide helpful, family-safe information about Free Super Sonic Coloring Pages and direct users to create printable","Free Super Sonic Coloring Pages helps parents, teachers, and creators produce dependable free super sonic coloring pages pages with less editing. Use one clear subject, one scene, and a family-safe tone so the generated outline stays simple and printable. When prompts are focused, the result is cleaner line art with open spaces that are easier for kids to color.

This page covers popular searches such as free super printable, free super for kids, free coloring pages and gives you a repeatable flow for high-quality results. Start with a short style instruction like clean line art, then keep details age-appropriate and easy to print. If a preview looks too busy, remove extra objects and regenerate with fewer scene elements.

After generation, download PNG for digital coloring or PDF for print packs. For classroom use, test one page first, then keep the same prompt pattern for the rest of the set. For /free-coloring-pages/super-sonic-coloring-pages, this approach keeps quality consistent while reducing rewrite time each time you refresh content. You can also save successful prompt variations by age group so teams can launch new themed pages faster.

To improve outcomes over time, keep notes on which free super sonic coloring pages prompts produce the clearest outlines. Reuse those winning prompt styles for future pages, and adjust only subject details so each new sheet stays unique without losing readability, print quality, or family-safe tone.",Create Similar Page,/create,Browse Free Categories,/free-coloring-pages,"Create a family-safe printable coloring page for Free Super Sonic Coloring Pages. Theme focus: free super sonic coloring pages. Use bold black outlines, white background, and clear open areas for coloring.",/static/images/programmatic/super-sonic-coloring-pages-hero.png,Generate free super sonic coloring pages with family-safe prompt handling.|Produce clean outlines that print clearly on standard paper.|Download PNG and PDF files instantly for classroom or home use.,Can I use this for free super sonic coloring pages?::Yes. The workflow is optimized for printable line art and repeatable prompt quality.||How do I keep pages family-safe?::Use age-appropriate prompts and keep sensitive topics out of the request. Unsafe input is filtered.,published,"free super sonic coloring pages,super sonic coloring pages,printable coloring pages",2026-02-13T10:04:24.861662+00:00,generated,generated,free super sonic coloring pages,free super printable|free super for kids|free coloring pages|pdf coloring page download,"Provide helpful, family-safe information about Free Super Sonic Coloring Pages and direct users to create printable pages.",,4:5,,static/images/programmatic/super-sonic-coloring-pages-hero.png,bf2ba1b58d240b718e57902c2994cca8585ae1c9c01da680854a290c59d3c10a,readability-20260213,2026-02-13T10:04:24.861662+00:00,,
page,/free-coloring-pages/teenage-mutant-ninja-turtles-coloring-pages,teenage-mutant-ninja-turtles-coloring-pages,Free Teenage Mutant Ninja Turtles Coloring Pages,"Free Teenage Mutant Ninja Turtles Coloring Pages on ColorfulMe. Create free teenage mutant ninja turtles coloring pages with family-safe prompts, clean.",Free Teenage Mutant Ninja Turtles Coloring Pages,"Free Teenage Mutant Ninja Turtles Coloring Pages helps you create free teenage mutant ninja turtles coloring pages in seconds using a guided, family-safe workflow. Use this page to get clear printable line art, practical prompt ideas, and export-ready files for school activities, home crafts, and quick print projects. Provide helpful, family-safe information about Free Teenage Mutant Ninja Turtles Coloring Pages","Free Teenage Mutant Ninja Turtles Coloring Pages helps parents, teachers, and creators produce dependable free teenage mutant ninja turtles coloring pages pages with less editing. Use one clear subject, one scene, and a family-safe tone so the generated outline stays simple and printable. When prompts are focused, the result is cleaner line art with open spaces that are easier for kids to color.

This page covers popular searches such as free teenage printable, free teenage for kids, free coloring pages and gives you a repeatable flow for high-quality results. Start with a short style instruction like clean line art, then keep details age-appropriate and easy to print. If a preview looks too busy, remove extra objects and regenerate with fewer scene elements.

After generation, download PNG for digital coloring or PDF for print packs. For classroom use, test one page first, then keep the same prompt pattern for the rest of the set. For /free-coloring-pages/teenage-mutant-ninja-turtles-coloring-pages, this approach keeps quality consistent while reducing rewrite time each time you refresh content. You can also save successful prompt variations by age group so teams can launch new themed pages faster.

To improve outcomes over time, keep notes on which free teenage mutant ninja turtles coloring pages prompts produce the clearest outlines. Reuse those winning prompt styles for future pages, and adjust only subject details so each new sheet stays unique without losing readability, print quality, or family-safe tone.",Create Similar Page,/create,Browse Free Categories,/free-coloring-pages,"Create a family-safe printable coloring page for Free Teenage Mutant Ninja Turtles Coloring Pages. Theme focus: free teenage mutant ninja turtles coloring pages. Use bold black outlines, white background, and clear open areas for coloring.",/static/images/programmatic/teenage-mutant-ninja-turtles-coloring-pages-hero.png,Generate free teenage mutant ninja turtles coloring pages with family-safe prompt handling.|Produce clean outlines that print clearly on standard paper.|Download PNG and PDF files instantly for classroom or home use.,Can I use this for free teenage mutant ninja turtles coloring pages?::Yes. The workflow is optimized for printable line art and repeatable prompt quality.||How do I keep pages family-safe?::Use age-appropriate prompts and keep sensitive topics out of the request. Unsafe input is filtered.,published,"free teenage mutant ninja turtles coloring pages,teenage mutant ninja turtles coloring pages,printable coloring pages",2026-02-13T10:04:24.887622+00:00,generated,generated,free teenage mutant ninja turtles coloring pages,free teenage printable|free teenage for kids|free coloring pages|pdf coloring page download,"Provide helpful, family-safe information about Free Teenage Mutant Ninja Turtles Coloring Pages and direct users to create printable pages.",,4:5,,static/images/programmatic/teenage-mutant-ninja-turtles-coloring-pages-hero.png,0d5ed8fa2d77fe837ff64be9aa9d0602e93231782d7038c3950dca998ee76237,readability-20260213,2026-02-13T10:04:24.887622+00:00,,
page,/free-coloring-pages/thanksgiving-coloring-pages,thanksgiving-coloring-pages,Free Thanksgiving Coloring Pages,"Free Thanksgiving Coloring Pages on ColorfulMe. Create free thanksgiving coloring pages with family-safe prompts, clean printable outlines, and one-click PNG.",Free Thanksgiving Coloring Pages,"Free Thanksgiving Coloring Pages helps you create free thanksgiving coloring pages in seconds using a guided, family-safe workflow. Use this page to get clear printable line art, practical prompt ideas, and export-ready files for school activities, home crafts, and quick print projects. Provide helpful, family-safe information about Free Thanksgiving Coloring Pages and direct users to create printable pages.","Free Thanksgiving Coloring Pages helps parents, teachers, and creators produce dependable free thanksgiving coloring pages pages with less editing. Use one clear subject, one scene, and a family-safe tone so the generated outline stays simple and printable. When prompts are focused, the result is cleaner line art with open spaces that are easier for kids to color.

This page covers popular searches such as free thanksgiving printable, free thanksgiving for kids, free coloring pages and gives you a repeatable flow for high-quality results. Start with a short style instruction like clean line art, then keep details age-appropriate and easy to print. If a preview looks too busy, remove extra objects and regenerate with fewer scene elements.

After generation, download PNG for digital coloring or PDF for print packs. For classroom use, test one page first, then keep the same prompt pattern for the rest of the set. For /free-coloring-pages/thanksgiving-coloring-pages, this approach keeps quality consistent while reducing rewrite time each time you refresh content. You can also save successful prompt variations by age group so teams can launch new themed pages faster.

To improve outcomes over time, keep notes on which free thanksgiving coloring pages prompts produce the clearest outlines. Reuse those winning prompt styles for future pages, and adjust only subject details so each new sheet stays unique without losing readability, print quality, or family-safe tone.",Create Similar Page,/create,Browse Free Categories,/free-coloring-pages,"Create a family-safe printable coloring page for Free Thanksgiving Coloring Pages. Theme focus: free thanksgiving coloring pages. Use bold black outlines, white background, and clear open areas for coloring.",/static/images/programmatic/thanksgiving-coloring-pages-hero.png,Generate free thanksgiving coloring pages with family-safe prompt handling.|Produce clean outlines that print clearly on standard paper.|Download PNG and PDF files instantly for classroom or home use.,Can I use this for free thanksgiving coloring pages?::Yes. The workflow is optimized for printable line art and repeatable prompt quality.||How do I keep pages family-safe?::Use age-appropriate prompts and keep sensitive topics out of the request. Unsafe input is filtered.,published,"free thanksgiving coloring pages,thanksgiving coloring pages,printable coloring pages",2026-02-13T10:04:24.902669+00:00,generated,generated,free thanksgiving coloring pages,free thanksgiving printable|free thanksgiving for kids|free coloring pages|pdf coloring page download,"Provide helpful, family-safe information about Free Thanksgiving Coloring Pages and direct users to create printable pages.",,4:5,,static/images/programmatic/thanksgiving-coloring-pages-hero.png,186c2b397535100e8731959a0887a6f693205c1908d20a2edda348af057cf95c,readability-20260213,2026-02-13T10:04:24.902669+00:00,,
page,/free-coloring-pages/the-hulk-coloring-pages,the-hulk-coloring-pages,Free The Hulk Coloring Pages,"Free The Hulk Coloring Pages on ColorfulMe. Create free the hulk coloring pages with family-safe prompts, clean printable outlines, and one-click PNG or PDF.",Free The Hulk Coloring Pages,"Free The Hulk Coloring Pages helps you create free the hulk coloring pages in seconds using a guided, family-safe workflow. Use this page to get clear printable line art, practical prompt ideas, and export-ready files for school activities, home crafts, and quick print projects. Provide helpful, family-safe information about Free The Hulk Coloring Pages and direct users to create printable","Free The Hulk Coloring Pages helps parents, teachers, and creators produce dependable free the hulk coloring pages pages with less editing. Use one clear subject, one scene, and a family-safe tone so the generated outline stays simple and printable. When prompts are focused, the result is cleaner line art with open spaces that are easier for kids to color.

This page covers popular searches such as free the printable, free the for kids, free coloring pages and gives you a repeatable flow for high-quality results. Start with a short style instruction like clean line art, then keep details age-appropriate and easy to print. If a preview looks too busy, remove extra objects and regenerate with fewer scene elements.

After generation, download PNG for digital coloring or PDF for print packs. For classroom use, test one page first, then keep the same prompt pattern for the rest of the set. For /free-coloring-pages/the-hulk-coloring-pages, this approach keeps quality consistent while reducing rewrite time each time you refresh content. You can also save successful prompt variations by age group so teams can launch new themed pages faster.

To improve outcomes over time, keep notes on which free the hulk coloring pages prompts produce the clearest outlines. Reuse those winning prompt styles for future pages, and adjust only subject details so each new sheet stays unique without losing readability, print quality, or family-safe tone.",Create Similar Page,/create,Browse Free Categories,/free-coloring-pages,"Create a family-safe printable coloring page for Free The Hulk Coloring Pages. Theme focus: free the hulk coloring pages. Use bold black outlines, white background, and clear open areas for coloring.",/static/images/programmatic/the-hulk-coloring-pages-hero.png,Generate free the hulk coloring pages with family-safe prompt handling.|Produce clean outlines that print clearly on standard paper.|Download PNG and PDF files instantly for classroom or home use.,Can I use this for free the hulk coloring pages?::Yes. The workflow is optimized for printable line art and repeatable prompt quality.||How do I keep pages family-safe?::Use age-appropriate prompts and keep sensitive topics out of the request. Unsafe input is filtered.,published,"free the hulk coloring pages,the hulk coloring pages,printable coloring pages",2026-02-13T10:04:24.906185+00:00,generated,generated,free the hulk coloring pages,free the printable|free the for kids|free coloring pages|pdf coloring page download,"Provide helpful, family-safe information about Free The Hulk Coloring Pages and direct users to create printable pages.",,4:5,,static/images/programmatic/the-hulk-coloring-pages-hero.png,5ada54e7656b53b74b0a3757b3572fccd59df1c3b204cfbddccbdf576fe4ab2d,readability-20260213,2026-02-13T10:04:24.906185+00:00,,
page,/free-coloring-pages/the-little-mermaid-coloring-pages,the-little-mermaid-coloring-pages,Free The Little Mermaid Coloring Pages,"Free The Little Mermaid Coloring Pages on ColorfulMe. Create free the little mermaid coloring pages with family-safe prompts, clean printable outlines, and.",Free The Little Mermaid Coloring Pages,"Free The Little Mermaid Coloring Pages helps you create free the little mermaid coloring pages in seconds using a guided, family-safe workflow. Use this page to get clear printable line art, practical prompt ideas, and export-ready files for school activities, home crafts, and quick print projects. Provide helpful, family-safe information about Free The Little Mermaid Coloring Pages and direct users","Free The Little Mermaid Coloring Pages helps parents, teachers, and creators produce dependable free the little mermaid coloring pages pages with less editing. Use one clear subject, one scene, and a family-safe tone so the generated outline stays simple and printable. When prompts are focused, the result is cleaner line art with open spaces that are easier for kids to color.

This page covers popular searches such as free the printable, free the for kids, free coloring pages and gives you a repeatable flow for high-quality results. Start with a short style instruction like clean line art, then keep details age-appropriate and easy to print. If a preview looks too busy, remove extra objects and regenerate with fewer scene elements.

After generation, download PNG for digital coloring or PDF for print packs. For classroom use, test one page first, then keep the same prompt pattern for the rest of the set. For /free-coloring-pages/the-little-mermaid-coloring-pages, this approach keeps quality consistent while reducing rewrite time each time you refresh content. You can also save successful prompt variations by age group so teams can launch new themed pages faster.

To improve outcomes over time, keep notes on which free the little mermaid coloring pages prompts produce the clearest outlines. Reuse those winning prompt styles for future pages, and adjust only subject details so each new sheet stays unique without losing readability, print quality, or family-safe tone.",Create Similar Page,/create,Browse Free Categories,/free-coloring-pages,"Create a family-safe printable coloring page for Free The Little Mermaid Coloring Pages. Theme focus: free the little mermaid coloring pages. Use bold black outlines, white background, and clear open areas for coloring.",/static/images/programmatic/the-little-mermaid-coloring-pages-hero.png,Generate free the little mermaid coloring pages with family-safe prompt handling.|Produce clean outlines that print clearly on standard paper.|Download PNG and PDF files instantly for classroom or home use.,Can I use this for free the little mermaid coloring pages?::Yes. The workflow is optimized for printable line art and repeatable prompt quality.||How do I keep pages family-safe?::Use age-appropriate prompts and keep sensitive topics out of the request. Unsafe input is filtered.,published,"free the little mermaid coloring pages,the little mermaid coloring pages,printable coloring pages",2026-02-13T10:04:24.953911+00:00,generated,generated,free the little mermaid coloring pages,free the printable|free the for kids|free coloring pages|pdf coloring page download,"Provide helpful, family-safe information about Free The Little Mermaid Coloring Pages and direct users to create printable pages.",,4:5,,static/images/programmatic/the-little-mermaid-coloring-pages-hero.png,5793ac2095bbacbbc4943201a9f96a0a9f7de2a8579e30d165f0fa836fbbbbdc,readability-20260213,2026-02-13T10:04:24.953911+00:00,,
page,/free-coloring-pages/tmnt-coloring-pages,tmnt-coloring-pages,Free TMNT Coloring Pages,"Free TMNT Coloring Pages on ColorfulMe. Create free tmnt coloring pages with family-safe prompts, clean printable outlines, and one-click PNG or PDF downloads.",Free TMNT Coloring Pages,"Free TMNT Coloring Pages helps you create free tmnt coloring pages in seconds using a guided, family-safe workflow. Use this page to get clear printable line art, practical prompt ideas, and export-ready files for school activities, home crafts, and quick print projects. Provide helpful, family-safe information about Free TMNT Coloring Pages and direct users to create printable pages.","Free TMNT Coloring Pages helps parents, teachers, and creators produce dependable free tmnt coloring pages pages with less editing. Use one clear subject, one scene, and a family-safe tone so the generated outline stays simple and printable. When prompts are focused, the result is cleaner line art with open spaces that are easier for kids to color.

This page covers popular searches such as free tmnt printable, free tmnt for kids, free coloring pages and gives you a repeatable flow for high-quality results. Start with a short style instruction like clean line art, then keep details age-appropriate and easy to print. If a preview looks too busy, remove extra objects and regenerate with fewer scene elements.

After generation, download PNG for digital coloring or PDF for print packs. For classroom use, test one page first, then keep the same prompt pattern for the rest of the set. For /free-coloring-pages/tmnt-coloring-pages, this approach keeps quality consistent while reducing rewrite time each time you refresh content. You can also save successful prompt variations by age group so teams can launch new themed pages faster.

To improve outcomes over time, keep notes on which free tmnt coloring pages prompts produce the clearest outlines. Reuse those winning prompt styles for future pages, and adjust only subject details so each new sheet stays unique without losing readability, print quality, or family-safe tone.",Create Similar Page,/create,Browse Free Categories,/free-coloring-pages,"Create a family-safe printable coloring page for Free TMNT Coloring Pages. Theme focus: free tmnt coloring pages. Use bold black outlines, white background, and clear open areas for coloring.",/static/images/programmatic/tmnt-coloring-pages-hero.png,Generate free tmnt coloring pages with family-safe prompt handling.|Produce clean outlines that print clearly on standard paper.|Download PNG and PDF files instantly for classroom or home use.,Can I use this for free tmnt coloring pages?::Yes. The workflow is optimized for printable line art and repeatable prompt quality.||How do I keep pages family-safe?::Use age-appropriate prompts and keep sensitive topics out of the request. Unsafe input is filtered.,published,"free tmnt coloring pages,tmnt coloring pages,printable coloring pages",2026-02-13T10:04:24.957425+00:00,generated,generated,free tmnt coloring pages,free tmnt printable|free tmnt for kids|free coloring pages|pdf coloring page download,"Provide helpful, family-safe information about Free TMNT Coloring Pages and direct users to create printable pages.",,4:5,,static/images/programmatic/tmnt-coloring-pages-hero.png,8342eeb9d9cc1df8843c4d634801936e8d90fcf9f1f0a211080decbb5b870e4d,readability-20260213,2026-02-13T10:04:24.957425+00:00,,
page,/free-coloring-pages/turkey-coloring-pages,turkey-coloring-pages,Free Turkey Coloring Pages,"Free Turkey Coloring Pages on ColorfulMe. Create free turkey coloring pages with family-safe prompts, clean printable outlines, and one-click PNG or PDF.",Free Turkey Coloring Pages,"Free Turkey Coloring Pages helps you create free turkey coloring pages in seconds using a guided, family-safe workflow. Use this page to get clear printable line art, practical prompt ideas, and export-ready files for school activities, home crafts, and quick print projects. Provide helpful, family-safe information about Free Turkey Coloring Pages and direct users to create printable pages.","Free Turkey Coloring Pages helps parents, teachers, and creators produce dependable free turkey coloring pages pages with less editing. Use one clear subject, one scene, and a family-safe tone so the generated outline stays simple and printable. When prompts are focused, the result is cleaner line art with open spaces that are easier for kids to color.

This page covers popular searches such as free turkey printable, free turkey for kids, free coloring pages and gives you a repeatable flow for high-quality results. Start with a short style instruction like clean line art, then keep details age-appropriate and easy to print. If a preview looks too busy, remove extra objects and regenerate with fewer scene elements.

After generation, download PNG for digital coloring or PDF for print packs. For classroom use, test one page first, then keep the same prompt pattern for the rest of the set. For /free-coloring-pages/turkey-coloring-pages, this approach keeps quality consistent while reducing rewrite time each time you refresh content. You can also save successful prompt variations by age group so teams can launch new themed pages faster.

To improve outcomes over time, keep notes on which free turkey coloring pages prompts produce the clearest outlines. Reuse those winning prompt styles for future pages, and adjust only subject details so each new sheet stays unique without losing readability, print quality, or family-safe tone.",Create Similar Page,/create,Browse Free Categories,/free-coloring-pages,"Create a family-safe printable coloring page for Free Turkey Coloring Pages. Theme focus: free turkey coloring pages. Use bold black outlines, white background, and clear open areas for coloring.",/static/images/programmatic/turkey-coloring-pages-hero.png,Generate free turkey coloring pages with family-safe prompt handling.|Produce clean outlines that print clearly on standard paper.|Download PNG and PDF files instantly for classroom or home use.,Can I use this for free turkey coloring pages?::Yes. The workflow is optimized for printable line art and repeatable prompt quality.||How do I keep pages family-safe?::Use age-appropriate prompts and keep sensitive topics out of the request. Unsafe input is filtered.,published,"free turkey coloring pages,turkey coloring pages,printable coloring pages",2026-02-13T10:04:24.973537+00:00,generated,generated,free turkey coloring pages,free turkey printable|free turkey for kids|free coloring pages|pdf coloring page download,"Provide helpful, family-safe information about Free Turkey Coloring Pages and direct users to create printable pages.",,4:5,,static/images/programmatic/turkey-coloring-pages-hero.png,993d09cb94fbc0a6dd1c02a83f60e42187c37f42bcf28969b4a54c8bc990b5ed,readability-20260213,2026-02-13T10:04:24.973537+00:00,,
page,/free-coloring-pages/unicorn-coloring-pages,unicorn-coloring-pages,Free Unicorn Coloring Pages,"Free Unicorn Coloring Pages on ColorfulMe. Create free unicorn coloring pages with family-safe prompts, clean printable outlines, and one-click PNG or PDF.",Free Unicorn Coloring Pages,"Free Unicorn Coloring Pages helps you create free unicorn coloring pages in seconds using a guided, family-safe workflow. Use this page to get clear printable line art, practical prompt ideas, and export-ready files for school activities, home crafts, and quick print projects. Provide helpful, family-safe information about Free Unicorn Coloring Pages and direct users to create printable pages.","Free Unicorn Coloring Pages helps parents, teachers, and creators produce dependable free unicorn coloring pages pages with less editing. Use one clear subject, one scene, and a family-safe tone so the generated outline stays simple and printable. When prompts are focused, the result is cleaner line art with open spaces that are easier for kids to color.

This page covers popular searches such as free unicorn printable, free unicorn for kids, free coloring pages and gives you a repeatable flow for high-quality results. Start with a short style instruction like clean line art, then keep details age-appropriate and easy to print. If a preview looks too busy, remove extra objects and regenerate with fewer scene elements.

After generation, download PNG for digital coloring or PDF for print packs. For classroom use, test one page first, then keep the same prompt pattern for the rest of the set. For /free-coloring-pages/unicorn-coloring-pages, this approach keeps quality consistent while reducing rewrite time each time you refresh content. You can also save successful prompt variations by age group so teams can launch new themed pages faster.

To improve outcomes over time, keep notes on which free unicorn coloring pages prompts produce the clearest outlines. Reuse those winning prompt styles for future pages, and adjust only subject details so each new sheet stays unique without losing readability, print quality, or family-safe tone.",Create Similar Page,/create,Browse Free Categories,/free-coloring-pages,"Create a family-safe printable coloring page for Free Unicorn Coloring Pages. Theme focus: free unicorn coloring pages. Use bold black outlines, white background, and clear open areas for coloring.",/static/images/programmatic/unicorn-coloring-pages-hero.png,Generate free unicorn coloring pages with family-safe prompt handling.|Produce clean outlines that print clearly on standard paper.|Download PNG and PDF files instantly for classroom or home use.,Can I use this for free unicorn coloring pages?::Yes. The workflow is optimized for printable line art and repeatable prompt quality.||How do I keep pages family-safe?::Use age-appropriate prompts and keep sensitive topics out of the request. Unsafe input is filtered.,published,"free unicorn coloring pages,unicorn coloring pages,printable coloring pages",2026-02-13T10:04:24.988495+00:00,generated,generated,free unicorn coloring pages,free unicorn printable|free unicorn for kids|free coloring pages|pdf coloring page download,"Provide helpful, family-safe information about Free Unicorn Coloring Pages and direct users to create printable pages.",,4:5,,static/images/programmatic/unicorn-coloring-pages-hero.png,ba15baf89cc91056a0f172d878030f804c28e0f50eb6c2ad47985ca8e829d63e,readability-20260213,2026-02-13T10:04:24.988495+00:00,,
page,/free-coloring-pages/valentines-day-coloring-pages,valentines-day-coloring-pages,Free Valentines Day Coloring Pages,"Free Valentines Day Coloring Pages on ColorfulMe. Create free valentines day coloring pages with family-safe prompts, clean printable outlines, and one-click.",Free Valentines Day Coloring Pages,"Free Valentines Day Coloring Pages helps you create free valentines day coloring pages in seconds using a guided, family-safe workflow. Use this page to get clear printable line art, practical prompt ideas, and export-ready files for school activities, home crafts, and quick print projects. Provide helpful, family-safe information about Free Valentines Day Coloring Pages and direct users to create printable","Free Valentines Day Coloring Pages helps parents, teachers, and creators produce dependable free valentines day coloring pages pages with less editing. Use one clear subject, one scene, and a family-safe tone so the generated outline stays simple and printable. When prompts are focused, the result is cleaner line art with open spaces that are easier for kids to color.

This page covers popular searches such as free valentines printable, free valentines for kids, free coloring pages and gives you a repeatable flow for high-quality results. Start with a short style instruction like clean line art, then keep details age-appropriate and easy to print. If a preview looks too busy, remove extra objects and regenerate with fewer scene elements.

After generation, download PNG for digital coloring or PDF for print packs. For classroom use, test one page first, then keep the same prompt pattern for the rest of the set. For /free-coloring-pages/valentines-day-coloring-pages, this approach keeps quality consistent while reducing rewrite time each time you refresh content. You can also save successful prompt variations by age group so teams can launch new themed pages faster.

To improve outcomes over time, keep notes on which free valentines day coloring pages prompts produce the clearest outlines. Reuse those winning prompt styles for future pages, and adjust only subject details so each new sheet stays unique without losing readability, print quality, or family-safe tone.",Create Similar Page,/create,Browse Free Categories,/free-coloring-pages,"Create a family-safe printable coloring page for Free Valentines Day Coloring Pages. Theme focus: free valentines day coloring pages. Use bold black outlines, white background, and clear open areas for coloring.",/static/images/programmatic/valentines-day-coloring-pages-hero.png,Generate free valentines day coloring pages with family-safe prompt handling.|Produce clean outlines that print clearly on standard paper.|Download PNG and PDF files instantly for classroom or home use.,Can I use this for free valentines day coloring pages?::Yes. The workflow is optimized for printable line art and repeatable prompt quality.||How do I keep pages family-safe?::Use age-appropriate prompts and keep sensitive topics out of the request. Unsafe input is filtered.,published,"free valentines day coloring pages,valentines day coloring pages,printable coloring pages",2026-02-13T10:04:24.993108+00:00,generated,generated,free valentines day coloring pages,free valentines printable|free valentines for kids|free coloring pages|pdf coloring page download,"Provide helpful, family-safe information about Free Valentines Day Coloring Pages and direct users to create printable pages.",,4:5,,static/images/programmatic/valentines-day-coloring-pages-hero.png,5b4ec9de01a8e693b23e03f25086279dbdf55e7e95d09c8d43e1a7c9dcd2a6dd,readability-20260213,2026-02-13T10:04:24.993108+00:00,,
page,/free-coloring-pages/venom-coloring-pages,venom-coloring-pages,Free Venom Coloring Pages,"Free Venom Coloring Pages on ColorfulMe. Create free venom coloring pages with family-safe prompts, clean printable outlines, and one-click PNG or PDF.",Free Venom Coloring Pages,"Free Venom Coloring Pages helps you create free venom coloring pages in seconds using a guided, family-safe workflow. Use this page to get clear printable line art, practical prompt ideas, and export-ready files for school activities, home crafts, and quick print projects. Provide helpful, family-safe information about Free Venom Coloring Pages and direct users to create printable pages.","Free Venom Coloring Pages helps parents, teachers, and creators produce dependable free venom coloring pages pages with less editing. Use one clear subject, one scene, and a family-safe tone so the generated outline stays simple and printable. When prompts are focused, the result is cleaner line art with open spaces that are easier for kids to color.

This page covers popular searches such as free venom printable, free venom for kids, free coloring pages and gives you a repeatable flow for high-quality results. Start with a short style instruction like clean line art, then keep details age-appropriate and easy to print. If a preview looks too busy, remove extra objects and regenerate with fewer scene elements.

After generation, download PNG for digital coloring or PDF for print packs. For classroom use, test one page first, then keep the same prompt pattern for the rest of the set. For /free-coloring-pages/venom-coloring-pages, this approach keeps quality consistent while reducing rewrite time each time you refresh content. You can also save successful prompt variations by age group so teams can launch new themed pages faster.

To improve outcomes over time, keep notes on which free venom coloring pages prompts produce the clearest outlines. Reuse those winning prompt styles for future pages, and adjust only subject details so each new sheet stays unique without losing readability, print quality, or family-safe tone.",Create Similar Page,/create,Browse Free Categories,/free-coloring-pages,"Create a family-safe printable coloring page for Free Venom Coloring Pages. Theme focus: free venom coloring pages. Use bold black outlines, white background, and clear open areas for coloring.",/static/images/programmatic/venom-coloring-pages-hero.png,Generate free venom coloring pages with family-safe prompt handling.|Produce clean outlines that print clearly on standard paper.|Download PNG and PDF files instantly for classroom or home use.,Can I use this for free venom coloring pages?::Yes. The workflow is optimized for printable line art and repeatable prompt quality.||How do I keep pages family-safe?::Use age-appropriate prompts and keep sensitive topics out of the request. Unsafe input is filtered.,published,"free venom coloring pages,venom coloring pages,printable coloring pages",2026-02-13T10:04:25.020624+00:00,generated,generated,free venom coloring pages,free venom printable|free venom for kids|free coloring pages|pdf coloring page download,"Provide helpful, family-safe information about Free Venom Coloring Pages and direct users to create printable pages.",,4:5,,static/images/programmatic/venom-coloring-pages-hero.png,758c636d2014cc8d8400a22e6008b66c3db2376810fb7c99ebc324dc5a0e8f7a,readability-20260213,2026-02-13T10:04:25.020624+00:00,,
page,/free-coloring-pages/wednesday-addams-coloring-pages,wednesday-addams-coloring-pages,Free Wednesday Addams Coloring Pages,"Free Wednesday Addams Coloring Pages on ColorfulMe. Create free wednesday addams coloring pages with family-safe prompts, clean printable outlines, and.",Free Wednesday Addams Coloring Pages,"Free Wednesday Addams Coloring Pages helps you create free wednesday addams coloring pages in seconds using a guided, family-safe workflow. Use this page to get clear printable line art, practical prompt ideas, and export-ready files for school activities, home crafts, and quick print projects. Provide helpful, family-safe information about Free Wednesday Addams Coloring Pages and direct users to create printable","Free Wednesday Addams Coloring Pages helps parents, teachers, and creators produce dependable free wednesday addams coloring pages pages with less editing. Use one clear subject, one scene, and a family-safe tone so the generated outline stays simple and printable. When prompts are focused, the result is cleaner line art with open spaces that are easier for kids to color.

This page covers popular searches such as free wednesday printable, free wednesday for kids, free coloring pages and gives you a repeatable flow for high-quality results. Start with a short style instruction like clean line art, then keep details age-appropriate and easy to print. If a preview looks too busy, remove extra objects and regenerate with fewer scene elements.

After generation, download PNG for digital coloring or PDF for print packs. For classroom use, test one page first, then keep the same prompt pattern for the rest of the set. For /free-coloring-pages/wednesday-addams-coloring-pages, this approach keeps quality consistent while reducing rewrite time each time you refresh content. You can also save successful prompt variations by age group so teams can launch new themed pages faster.

To improve outcomes over time, keep notes on which free wednesday addams coloring pages prompts produce the clearest outlines. Reuse those winning prompt styles for future pages, and adjust only subject details so each new sheet stays unique without losing readability, print quality, or family-safe tone.",Create Similar Page,/create,Browse Free Categories,/free-coloring-pages,"Create a family-safe printable coloring page for Free Wednesday Addams Coloring Pages. Theme focus: free wednesday addams coloring pages. Use bold black outlines, white background, and clear open areas for coloring.",/static/images/programmatic/wednesday-addams-coloring-pages-hero.png,Generate free wednesday addams coloring pages with family-safe prompt handling.|Produce clean outlines that print clearly on standard paper.|Download PNG and PDF files instantly for classroom or home use.,Can I use this for free wednesday addams coloring pages?::Yes. The workflow is optimized for printable line art and repeatable prompt quality.||How do I keep pages family-safe?::Use age-appropriate prompts and keep sensitive topics out of the request. Unsafe input is filtered.,published,"free wednesday addams coloring pages,wednesday addams coloring pages,printable coloring pages",2026-02-13T10:04:25.025350+00:00,generated,generated,free wednesday addams coloring pages,free wednesday printable|free wednesday for kids|free coloring pages|pdf coloring page download,"Provide helpful, family-safe information about Free Wednesday Addams Coloring Pages and direct users to create printable pages.",,4:5,,static/images/programmatic/wednesday-addams-coloring-pages-hero.png,b8a41ba5b1a1bf68eab7fd0d8f7d67c5dcf673da6945a0bc5de8b43cfa3bcaa8,readability-20260213,2026-02-13T10:04:25.025350+00:00,,
page,/free-coloring-pages/yoshi-coloring-pages,yoshi-coloring-pages,Free Yoshi Coloring Pages,"Free Yoshi Coloring Pages on ColorfulMe. Create free yoshi coloring pages with family-safe prompts, clean printable outlines, and one-click PNG or PDF.",Free Yoshi Coloring Pages,"Free Yoshi Coloring Pages helps you create free yoshi coloring pages in seconds using a guided, family-safe workflow. Use this page to get clear printable line art, practical prompt ideas, and export-ready files for school activities, home crafts, and quick print projects. Provide helpful, family-safe information about Free Yoshi Coloring Pages and direct users to create printable pages.","Free Yoshi Coloring Pages helps parents, teachers, and creators produce dependable free yoshi coloring pages pages with less editing. Use one clear subject, one scene, and a family-safe tone so the generated outline stays simple and printable. When prompts are focused, the result is cleaner line art with open spaces that are easier for kids to color.

This page covers popular searches such as free yoshi printable, free yoshi for kids, free coloring pages and gives you a repeatable flow for high-quality results. Start with a short style instruction like clean line art, then keep details age-appropriate and easy to print. If a preview looks too busy, remove extra objects and regenerate with fewer scene elements.

After generation, download PNG for digital coloring or PDF for print packs. For classroom use, test one page first, then keep the same prompt pattern for the rest of the set. For /free-coloring-pages/yoshi-coloring-pages, this approach keeps quality consistent while reducing rewrite time each time you refresh content. You can also save successful prompt variations by age group so teams can launch new themed pages faster.

To improve outcomes over time, keep notes on which free yoshi coloring pages prompts produce the clearest outlines. Reuse those winning prompt styles for future pages, and adjust only subject details so each new sheet stays unique without losing readability, print quality, or family-safe tone.",Create Similar Page,/create,Browse Free Categories,/free-coloring-pages,"Create a family-safe printable coloring page for Free Yoshi Coloring Pages. Theme focus: free yoshi coloring pages. Use bold black outlines, white background, and clear open areas for coloring.",/static/images/programmatic/yoshi-coloring-pages-hero.png,Generate free yoshi coloring pages with family-safe prompt handling.|Produce clean outlines that print clearly on standard paper.|Download PNG and PDF files instantly for classroom or home use.,Can I use this for free yoshi coloring pages?::Yes. The workflow is optimized for printable line art and repeatable prompt quality.||How do I keep pages family-safe?::Use age-appropriate prompts and keep sensitive topics out of the request. Unsafe input is filtered.,published,"free yoshi coloring pages,yoshi coloring pages,printable coloring pages",2026-02-13T10:04:25.055259+00:00,generated,generated,free yoshi coloring pages,free yoshi printable|free yoshi for kids|free coloring pages|pdf coloring page download,"Provide helpful, family-safe information about Free Yoshi Coloring Pages and direct users to create printable pages.",,4:5,,static/images/programmatic/yoshi-coloring-pages-hero.png,ab50032559f648a62d2d460de636350e402771c817b22654514821082e7d6dd5,readability-20260213,2026-02-13T10:04:25.055259+00:00,,
